分类,类型,层级,标题,文号,发布单位,发布日期,状态,来源,官方链接,正文
规划与土地,规划与计划,市级,关于印发《上海市国土空间近期实施规划（2026—2030年）》的通知,沪规划资源总〔2026〕262号,上海市规划和自然资源局,2026-08-28,有效,统一政策发布平台,https://www.shanghai.gov.cn/zhengce/detail/0032::15f956ae58a844ceb7caba8781940458,
规划与土地,办法,市级,上海市生态环境局、上海市规划和自然资源局关于修改 《上海市建设用地土壤污染责任人认定实施办法》的通知,沪环规〔2026〕19号,上海市生态环境局,2026-08-17,有效,统一政策发布平台,https://www.shanghai.gov.cn/zhengce/detail/0024::1f0bdcc6a96842dfa6f5c27ce8122154,docs/规划与土地/上海市生态环境局、上海市规划和自然资源局关于修改 《上海市建设用地土壤污染责任人认定实施办法》的通知.md
规划与土地,规划与计划,区级,上海市普陀区人民政府办公室关于印发《普陀区国土空间近期规划（2026-2030年）》的通知,普府办〔2026〕14号,上海市普陀区人民政府,2026-08-20,有效,统一政策发布平台,https://www.shanghai.gov.cn/zhengce/detail/0075::0075205517,
规划与土地,规划与计划,市级,关于印发《上海市加强土地管理“十五五”规划》的通知,沪规划资源用〔2026〕233号,上海市规划和自然资源局,2026-07-31,有效,统一政策发布平台,https://www.shanghai.gov.cn/zhengce/detail/0032::9799730c0232457391b56ffe5c6e00a7,
规划与土地,实施意见,市级,关于印发《企业购置不动产转移登记“一件事”工作实施方案》的通知,沪规划资源登〔2026〕229号,上海市规划和自然资源局,2026-07-29,有效,统一政策发布平台,https://www.shanghai.gov.cn/zhengce/detail/0032::ab2bc3e5de9b4e059e8a8561deaa0796,
规划与土地,规划与计划,市级,上海市生态环境局 上海市规划和自然资源局关于更新《上海市建设用地土壤污染风险管控和修复名录》的函,沪环土〔2026〕88号,上海市生态环境局,2026-07-21,有效,统一政策发布平台,https://www.shanghai.gov.cn/zhengce/detail/0024::dc8989298b3a429ea97d828038cf92e7,
规划与土地,办法,市级,关于印发《上海市地图审核告知承诺管理办法》的通知,沪规划资源规〔2026〕2号,上海市规划和自然资源局,2026-07-09,有效,统一政策发布平台,https://www.shanghai.gov.cn/zhengce/detail/0032::f8a5cd6c1a7e43df9358a8e9c33af4b8,docs/规划与土地/关于印发《上海市地图审核告知承诺管理办法》的通知.md
规划与土地,规定,市级,市生态环境局、市规划资源局、市房屋管理局关于印发《上海市建设用地土壤污染状况调查、风险评估、风险管控和修复、效果评估等工作的若干规定》的通知,沪环规〔2026〕6号,上海市生态环境局,2026-06-09,有效,统一政策发布平台,https://www.shanghai.gov.cn/zhengce/detail/0024::cf0ddfc3781740e4b4b72f79ed70801a,docs/规划与土地/市生态环境局、市规划资源局、市房屋管理局关于印发《上海市建设用地土壤污染状况调查、风险评估、风险管控.md
规划与土地,办法,市级,关于印发《上海市工业用地使用权转让、出租、抵押二级市场管理办法（试行）》的通知,沪规划资源产〔2026〕159号,上海市规划和自然资源局,2026-05-20,有效,统一政策发布平台,https://www.shanghai.gov.cn/zhengce/detail/0032::6fc8d708368146509a45bd3b71e0540e,docs/规划与土地/关于印发《上海市工业用地使用权转让、出租、抵押二级市场管理办法（试行）》的通知.md
规划与土地,通知公告,市级,关于印发《2026年上海量子城市空间智能建设工作要点》的通知,沪规划资源数〔2026〕141号,上海市规划和自然资源局,2026-04-27,有效,统一政策发布平台,https://www.shanghai.gov.cn/zhengce/detail/0032::1b1f8e02101e4791abc70d2c7bdb21f4,
规划与土地,通知公告,市级,关于加强产业用地出让合同和产业发展合作协议监管服务的通知,沪规划资源产〔2026〕146号,上海市规划和自然资源局,2026-04-30,有效,统一政策发布平台,https://www.shanghai.gov.cn/zhengce/detail/0032::1722c73687e04c04aaef34eb25cadfd2,
规划与土地,办法,区级,上海市松江区人民政府关于印发《上海市松江区农村集体经营性建设用地入市管理办法》的通知,沪松府规〔2026〕1号,上海市松江区人民政府,2026-04-08,有效,统一政策发布平台,https://www.shanghai.gov.cn/zhengce/detail/0082::9d8fad8f-b20b-44b9-870c-d1aa788ccf0b,docs/规划与土地/上海市松江区人民政府关于印发《上海市松江区农村集体经营性建设用地入市管理办法》的通知.md
规划与土地,通知公告,市级,关于印发《上海市城乡建设用地基准地价（2026年）》的通知,沪规划资源用〔2026〕110号,上海市规划和自然资源局,2026-04-01,有效,统一政策发布平台,https://www.shanghai.gov.cn/zhengce/detail/0032::5e5ec565ef424e8ea546d85ec70cefa3,
规划与土地,规定,市级,关于印发《上海市不动产登记技术规定》的通知,沪规划资源规〔2026〕1号,上海市规划和自然资源局,2026-02-14,有效,统一政策发布平台,https://www.shanghai.gov.cn/zhengce/detail/0032::db31db6e49e0416583d048531bfa5c8e,docs/规划与土地/关于印发《上海市不动产登记技术规定》的通知.md
规划与土地,实施意见,区级,上海市嘉定区人民政府关于印发《2026年嘉定区违法用地综合整治实施方案》的通知,嘉府发〔2026〕4号,上海市嘉定区人民政府办公室,2026-02-12,有效,统一政策发布平台,https://www.shanghai.gov.cn/zhengce/detail/0080::5_196146,
规划与土地,办法,区级,上海市奉贤区人民政府关于印发《奉贤区海绵城市规划建设管理办法》的通知,沪奉府发〔2026〕11号,上海市奉贤区人民政府,2026-01-27,有效,统一政策发布平台,https://www.shanghai.gov.cn/zhengce/detail/0084::00843743,docs/规划与土地/上海市奉贤区人民政府关于印发《奉贤区海绵城市规划建设管理办法》的通知.md
规划与土地,办法,区级,上海市奉贤区人民政府关于印发《上海市奉贤区农村集体经营性建设用地入市试点管理办法》的通知,沪奉府发〔2026〕9号,上海市奉贤区人民政府,2026-01-27,有效,统一政策发布平台,https://www.shanghai.gov.cn/zhengce/detail/0084::00843742,docs/规划与土地/上海市奉贤区人民政府关于印发《上海市奉贤区农村集体经营性建设用地入市试点管理办法》的通知.md
规划与土地,实施细则,区级,关于印发《金山区海绵城市规划建设管理实施细则》的通知,金建规〔2026〕1号,上海市金山区建设和管理委员会,2026-01-07,有效,统一政策发布平台,https://www.shanghai.gov.cn/zhengce/detail/0081::00816794,docs/规划与土地/关于印发《金山区海绵城市规划建设管理实施细则》的通知.md
规划与土地,通知公告,市级,关于公布上海市林果全程机械化生产基地名单的通知,沪农委〔2025〕392号,上海市农业农村委员会,2025-12-25,有效,统一政策发布平台,https://www.shanghai.gov.cn/zhengce/detail/0009::77024fcfa3a7463f826bdd8370b00d33,
规划与土地,实施细则,市级,关于印发《上海市产业用地综合价值评估实施细则》的通知,沪规划资源产〔2025〕506号,上海市规划和自然资源局,2025-12-31,有效,统一政策发布平台,https://www.shanghai.gov.cn/zhengce/detail/0032::701e802dd7984b7a9cbac2f26500b9e6,docs/规划与土地/关于印发《上海市产业用地综合价值评估实施细则》的通知.md
规划与土地,规定,市级,关于印发《破产企业办理不动产登记若干规定（试行）》的通知,沪自然资源登〔2025〕11号,上海市规划和自然资源局,2025-12-25,有效,统一政策发布平台,https://www.shanghai.gov.cn/zhengce/detail/0032::898e4e088cb24d258c245d3d8ec82a61,docs/规划与土地/关于印发《破产企业办理不动产登记若干规定（试行）》的通知.md
规划与土地,规划与计划,市级,上海市人民政府办公厅转发市规划资源局修订的《关于规范临时用地管理的指导意见（试行）》的通知,沪府办规〔2025〕16号,上海市人民政府办公厅,2025-12-03,有效,统一政策发布平台,https://www.shanghai.gov.cn/zhengce/detail/0001::abb905f706c344ff90e3e5a1bae241d2,
规划与土地,办法,区级,上海市奉贤区农业农村委员会关于印发《关于进一步完善奉贤区农村集体经营性建设用地入市集体收益分配的管理办法》的通知,沪奉农委〔2025〕67号,上海市奉贤区农业农村委员会,2025-12-19,有效,统一政策发布平台,https://www.shanghai.gov.cn/zhengce/detail/0084::00843581,docs/规划与土地/上海市奉贤区农业农村委员会关于印发《关于进一步完善奉贤区农村集体经营性建设用地入市集体收益分配的管理.md
规划与土地,办法,区级,关于印发《上海市奉贤区农村集体经营性建设用地使用权抵押贷款管理办法》的通知,沪奉财〔2025〕16号,上海市奉贤区财政局,2025-12-16,有效,统一政策发布平台,https://www.shanghai.gov.cn/zhengce/detail/0084::00843536,docs/规划与土地/关于印发《上海市奉贤区农村集体经营性建设用地使用权抵押贷款管理办法》的通知.md
规划与土地,实施细则,区级,关于印发《上海市奉贤区农村集体经营性建设用地土地增值收益调节金征收使用管理实施细则》的通知,沪奉财〔2025〕17号,上海市奉贤区财政局,2025-12-16,有效,统一政策发布平台,https://www.shanghai.gov.cn/zhengce/detail/0084::00843537,docs/规划与土地/关于印发《上海市奉贤区农村集体经营性建设用地土地增值收益调节金征收使用管理实施细则》的通知.md
规划与土地,通知公告,区级,上海市崇明区人民政府办公室关于印发《关于加强协同联动规范实施崇明区集体土地征收补偿工作的意见》的通知,沪崇府办发〔2025〕26号,上海市崇明区人民政府办公室,2025-11-13,有效,统一政策发布平台,https://www.shanghai.gov.cn/zhengce/detail/0085::test_7fed99ea-ce14-490e-b0f7-a8d5bf29a90c,
规划与土地,规定,市级,关于印发《上海市城建电子档案管理规定》的通知,沪规划资源行〔2025〕461号,上海市规划和自然资源局,2025-12-02,有效,统一政策发布平台,https://www.shanghai.gov.cn/zhengce/detail/0032::3f90bac4a64b4ab98e7c988911c9fd46,docs/规划与土地/关于印发《上海市城建电子档案管理规定》的通知.md
规划与土地,通知公告,市级,关于印发《上海市国有建设用地使用权招标拍卖挂牌出让业务流程及操作规范》的通知,沪规划资源规〔2025〕7号,上海市规划和自然资源局,2025-12-01,有效,统一政策发布平台,https://www.shanghai.gov.cn/zhengce/detail/0032::4839ae8a68254048b30ee50e107b28c7,
规划与土地,办法,市级,关于印发《上海市国有建设用地使用权出让预申请管理办法》及《上海市国有建设用地使用权出让预申请实施细则》的通知,沪规划资源规〔2025〕6号,上海市规划和自然资源局,2025-11-28,有效,统一政策发布平台,https://www.shanghai.gov.cn/zhengce/detail/0032::b6c42f438cde4d1c93e88fad858d85bd,docs/规划与土地/关于印发《上海市国有建设用地使用权出让预申请管理办法》及《上海市国有建设用地使用权出让预申请实施细则.md
规划与土地,办法,市级,关于《上海市土地交易市场监督管理办法》继续适用的通知,沪规划资源用〔2025〕457号,上海市规划和自然资源局,2025-11-28,有效,统一政策发布平台,https://www.shanghai.gov.cn/zhengce/detail/0032::bac6cfc89f0146688f45a5c79555e88d,docs/规划与土地/关于《上海市土地交易市场监督管理办法》继续适用的通知.md
规划与土地,通知公告,市级,关于进一步优化本市新出让商品住房用地套型供应结构的通知,沪房建管〔2025〕155号,上海市房屋管理局,2025-11-20,有效,统一政策发布平台,https://www.shanghai.gov.cn/zhengce/detail/0013::d51dcdf954834fb9ae7c7ae88a492ecb,
规划与土地,办法,区级,浦东新区规划和自然资源局关于延长《浦东新区社区规划师制度实施办法》有效期的通知,浦规划资源规〔2025〕1号,上海市浦东新区规划和自然资源局,2025-11-17,有效,统一政策发布平台,https://www.shanghai.gov.cn/zhengce/detail/0070::0070349328,docs/规划与土地/浦东新区规划和自然资源局关于延长《浦东新区社区规划师制度实施办法》有效期的通知.md
规划与土地,实施意见,市级,上海市关于推进建设用地土壤污染风险管控和绿色低碳修复的若干意见,沪环土〔2025〕164号,上海市生态环境局,2025-10-28,有效,统一政策发布平台,https://www.shanghai.gov.cn/zhengce/detail/0024::33373bb22b214b9bb4f2f4558e68d6bd,
规划与土地,办法,区级,上海市崇明区人民政府关于印发本区坚决遏制农村乱占耕地建房行为及加强农业用地管控的管理办法的通知,沪崇府发〔2025〕32号,上海市崇明区人民政府办公室,2025-09-11,有效,统一政策发布平台,https://www.shanghai.gov.cn/zhengce/detail/0085::test_948c8147-31da-4e42-890f-3df51305b9f0,docs/规划与土地/上海市崇明区人民政府关于印发本区坚决遏制农村乱占耕地建房行为及加强农业用地管控的管理办法的通知.md
规划与土地,规划与计划,市级,关于印发《上海市林地空间专项规划（2026—2035年）》的通知,沪规划资源总〔2025〕371号,上海市规划和自然资源局,2025-09-25,有效,统一政策发布平台,https://www.shanghai.gov.cn/zhengce/detail/0032::f99f2d07a06548bc9881ce456c6d1c46,
规划与土地,通知公告,市级,关于贯彻落实自然资源部《划拨用地目录》（2025修订版）有关工作的通知,沪规划资源用〔2025〕340号,上海市规划和自然资源局,2025-09-02,有效,统一政策发布平台,https://www.shanghai.gov.cn/zhengce/detail/0032::8ec3b2a8df6247a79a3af3b0fa249307,
规划与土地,技术规定与导则,市级,关于印发《上海市智能网联汽车测绘地理信息安全管理导则（试行）》的通知,沪规划资源调〔2025〕328号,上海市规划和自然资源局,2025-08-25,有效,统一政策发布平台,https://www.shanghai.gov.cn/zhengce/detail/0032::7fb303a0931747f9a4f24b34dc4bfe60,docs/规划与土地/关于印发《上海市智能网联汽车测绘地理信息安全管理导则（试行）》的通知.md
规划与土地,通知公告,市级,关于印发《上海市低效产业用地再开发政策工具箱（2.0版）》的通知,沪规划资源产〔2025〕322号,上海市规划和自然资源局,2025-08-21,有效,统一政策发布平台,https://www.shanghai.gov.cn/zhengce/detail/0032::3ed62c9aacab4665afed106bdb09c516,
规划与土地,实施意见,市级,关于印发《上海市加强汛期、低温冰雪期等重点时期突发性地质灾害防治工作方案》的通知,沪规划资源质〔2025〕323号,上海市规划和自然资源局,2025-08-22,有效,统一政策发布平台,https://www.shanghai.gov.cn/zhengce/detail/0032::f38590b075ae40918269ffb8796cf792,
规划与土地,实施细则,市级,上海市生态环境局关于印发《上海市建设用地土壤污染风险管控和修复从业单位信用评价指标及评分细则（2025年版）》的通知,沪环土〔2025〕126号,上海市生态环境局,2025-08-15,有效,统一政策发布平台,https://www.shanghai.gov.cn/zhengce/detail/0024::8c8e3391b93a4132862f5cf63676347e,docs/规划与土地/上海市生态环境局关于印发《上海市建设用地土壤污染风险管控和修复从业单位信用评价指标及评分细则（202.md
规划与土地,实施意见,市级,关于印发《工业企业配建自用专门放置危化品小型库房指导意见（试行）》的通知,沪规划资源建〔2025〕290号,上海市规划和自然资源局,2025-07-28,有效,统一政策发布平台,https://www.shanghai.gov.cn/zhengce/detail/0032::682f974b795d46e49398189681d3782f,
规划与土地,实施意见,市级,关于印发《上海市落实土地征收成片开发标准的若干意见》的通知,沪规划资源施〔2025〕292号,上海市规划和自然资源局,2025-07-29,有效,统一政策发布平台,https://www.shanghai.gov.cn/zhengce/detail/0032::e4b73e9692eb4f428d6408f125faa7e6,
规划与土地,办法,区级,关于印发《长宁区未实施建设项目土地管理办法》的通知,长规划资源规〔2025〕2号,上海市长宁区规划和自然资源局,2025-07-16,有效,统一政策发布平台,https://www.shanghai.gov.cn/zhengce/detail/0074::007478142,docs/规划与土地/关于印发《长宁区未实施建设项目土地管理办法》的通知.md
规划与土地,办法,区级,关于印发《长宁区土地储备成本认定管理办法》的通知,长规划资源规〔2025〕1号,上海市长宁区规划和自然资源局,2025-07-16,有效,统一政策发布平台,https://www.shanghai.gov.cn/zhengce/detail/0074::007478141,docs/规划与土地/关于印发《长宁区土地储备成本认定管理办法》的通知.md
规划与土地,实施意见,市级,关于印发《上海城市空间治理领域人工智能应用暨量子城市空间智能建设工作实施方案（2026—2027年）》的通知,沪规划资源数〔2025〕254号,上海市规划和自然资源局,2025-07-08,有效,统一政策发布平台,https://www.shanghai.gov.cn/zhengce/detail/0032::f7e64fe836214862a36a4554208ffe73,
规划与土地,规划与计划,市级,关于印发《上海市市政交通基础设施详细规划实施深化操作规程》和《上海市市政交通基础设施详细规划实施深化应用清单（2025版）》的通知,沪规划资源政〔2025〕261号,上海市规划和自然资源局,2025-07-10,有效,统一政策发布平台,https://www.shanghai.gov.cn/zhengce/detail/0032::21b66e24966a4aa39972af18e5ab6f37,
规划与土地,技术规定与导则,市级,上海市住房和城乡建设管理委员会关于批准《优秀历史建筑数字化测绘技术标准》为上海市工程建设规范的通知,沪建标定〔2025〕300号,上海市住房和城乡建设管理委员会,2025-06-11,有效,统一政策发布平台,https://www.shanghai.gov.cn/zhengce/detail/0011::4853f556bce74c938b66de1eee65d0cb,docs/规划与土地/上海市住房和城乡建设管理委员会关于批准《优秀历史建筑数字化测绘技术标准》为上海市工程建设规范的通知.md
规划与土地,技术规定与导则,市级,上海市住房和城乡建设管理委员会关于批准《国土空间综合整治工程技术标准》为上海市工程建设规范的通知,沪建标定〔2025〕200号,上海市住房和城乡建设管理委员会,2025-04-08,有效,统一政策发布平台,https://www.shanghai.gov.cn/zhengce/detail/0011::59617b927b2a484ebabdf255710eb9aa,docs/规划与土地/上海市住房和城乡建设管理委员会关于批准《国土空间综合整治工程技术标准》为上海市工程建设规范的通知.md
规划与土地,通知公告,市级,上海市卫生健康委员会关于公布上海市新增专科医师规范化培训基地名单的通知,沪卫科教〔2025〕10号,上海市卫生健康委员会,2025-05-23,有效,统一政策发布平台,https://www.shanghai.gov.cn/zhengce/detail/0012::cefde71976d646e5bebcae4591a7892d,
规划与土地,办法,市级,关于印发《上海市测绘地理信息质量管理办法》的通知,沪规划资源规〔2025〕5号,上海市规划和自然资源局,2025-04-30,有效,统一政策发布平台,https://www.shanghai.gov.cn/zhengce/detail/0032::6249724156f846c99d221e3c9d80a2ed,docs/规划与土地/关于印发《上海市测绘地理信息质量管理办法》的通知.md
规划与土地,规定,市级,关于修订《上海市国有建设用地上临时建设和临时建设用地规划管理规定》的通知,沪规划资源规〔2025〕4号,上海市规划和自然资源局,2025-04-30,有效,统一政策发布平台,https://www.shanghai.gov.cn/zhengce/detail/0032::19c328d5b27145dfbd7cc5135f3246ed,docs/规划与土地/关于修订《上海市国有建设用地上临时建设和临时建设用地规划管理规定》的通知.md
规划与土地,通知公告,市级,关于做好耕地种植用途管控工作的通知,沪农委〔2025〕96号,上海市农业农村委员会,2025-04-22,有效,统一政策发布平台,https://www.shanghai.gov.cn/zhengce/detail/0009::02922f92b2be49fead629af736b06348,
规划与土地,办法,市级,关于印发《上海市城乡规划违法建设行政处罚裁量基准实施办法》的通知,沪规划资源规〔2025〕2号,上海市规划和自然资源局,2025-04-25,有效,统一政策发布平台,https://www.shanghai.gov.cn/zhengce/detail/0032::31bc4d8b92544270b8f71c3ae9dc9806,docs/规划与土地/关于印发《上海市城乡规划违法建设行政处罚裁量基准实施办法》的通知.md
规划与土地,规定,市级,关于《上海市城市规划管理技术规定（土地使用 建筑管理）应用解释》继续适用的通知,沪规划资源建〔2025〕131号,上海市规划和自然资源局,2025-04-16,有效,统一政策发布平台,https://www.shanghai.gov.cn/zhengce/detail/0032::72d2cd5662b54f14b2375a5e984867a3,docs/规划与土地/关于《上海市城市规划管理技术规定（土地使用 建筑管理）应用解释》继续适用的通知.md
规划与土地,规划与计划,市级,关于印发《黄浦江沿岸地区功能融合发展和空间品质提升专项规划（2025—2035年）》的通知,沪规划资源详〔2025〕109号,上海市规划和自然资源局,2025-03-28,有效,统一政策发布平台,https://www.shanghai.gov.cn/zhengce/detail/0032::59d4191089dd4036a4db6fda55cc76aa,
规划与土地,规划与计划,市级,关于印发《苏州河沿岸地区整体风貌与开放空间提升专项规划（2025—2035年）》的通知,沪规划资源详〔2025〕110号,上海市规划和自然资源局,2025-03-28,有效,统一政策发布平台,https://www.shanghai.gov.cn/zhengce/detail/0032::46720fd0e810479eb30bd2a09fefa6d5,
规划与土地,规划与计划,市级,关于印发《“大零号湾”科技创新策源功能区专项规划（2025—2035年）》的通知,沪规划资源总〔2025〕95号,上海市规划和自然资源局,2025-03-20,有效,统一政策发布平台,https://www.shanghai.gov.cn/zhengce/detail/0032::6f929cf98bad4c529c3b3d073a7fe02e,
规划与土地,通知公告,市级,关于印发《上海市商务楼宇综合评价指南（试行）》的通知,沪规划资源详〔2025〕82号,上海市规划和自然资源局,2025-03-12,有效,统一政策发布平台,https://www.shanghai.gov.cn/zhengce/detail/0032::cada6f71ddac4759a84846692eabd59d,
规划与土地,规定,市级,关于印发《关于加强不动产登记失信信息管理的若干规定》的通知,沪自然资源登〔2025〕67号,上海市规划和自然资源局,2025-02-25,有效,统一政策发布平台,https://www.shanghai.gov.cn/zhengce/detail/0032::f518ff6dcf7c45d8b6ebc826f8dc2108,docs/规划与土地/关于印发《关于加强不动产登记失信信息管理的若干规定》的通知.md
规划与土地,规划与计划,市级,关于印发《东方枢纽及周边地区专项规划（2025—2035年）》的通知,沪规划资源总〔2025〕68号,上海市规划和自然资源局,2025-02-26,有效,统一政策发布平台,https://www.shanghai.gov.cn/zhengce/detail/0032::616219805aba48d98fd00f2fc11ca3d3,
规划与土地,实施意见,区级,浦东新区人民政府印发《关于优化浦东新区土地储备和房屋土地征收工作的指导意见》的通知,浦府〔2025〕32号,上海市浦东新区人民政府,2025-02-25,有效,统一政策发布平台,https://www.shanghai.gov.cn/zhengce/detail/0070::0070338903,
规划与土地,规划与计划,市级,关于印发《关于支持工业经济发展 加强规划资源要素保障的指导意见（2025版）》的通知,沪规划资源产〔2025〕28号,上海市规划和自然资源局,2025-01-27,有效,统一政策发布平台,https://www.shanghai.gov.cn/zhengce/detail/0032::15e394d9039b40a8a5cde52cc34b6f03,
规划与土地,规划与计划,市级,关于印发《上海市黄浦区外滩-01、02更新单元规划实施方案（暨黄浦区单元规划相关街坊局部调整）》的通知,沪规划资源更〔2025〕17号,上海市规划和自然资源局,2025-01-22,有效,统一政策发布平台,https://www.shanghai.gov.cn/zhengce/detail/0032::01e6144ff6584ea99020be12aa931799,
规划与土地,实施意见,区级,关于印发修订后《徐汇区关于产业用地履约达产协同管理的若干意见》的通知,徐新工办规〔2025〕2号,上海市徐汇区新型工业化推进办公室,2025-01-23,有效,统一政策发布平台,https://www.shanghai.gov.cn/zhengce/detail/0073::0073542812,
规划与土地,实施细则,区级,关于延长《浦东新区促进存量产业用地提质增效实施细则（试行）》有效期的通知,浦科经委规〔2024〕11号,上海市浦东新区科技和经济委员会,2024-12-27,有效,统一政策发布平台,https://www.shanghai.gov.cn/zhengce/detail/0070::0070340268,docs/规划与土地/关于延长《浦东新区促进存量产业用地提质增效实施细则（试行）》有效期的通知.md
规划与土地,规划与计划,市级,关于印发《上海工程土方综合利用空间图则指引（近期）》《上海工程土方综合利用空间规划指引（2024—2035）》《关于加强本市工程土方综合利用的规划资源管理指导意见》的通知,沪规划资源施〔2024〕549号,上海市规划和自然资源局,2024-12-27,有效,统一政策发布平台,https://www.shanghai.gov.cn/zhengce/detail/0032::dea2e8817d3c43cab6381e0656f63e82,
规划与土地,实施意见,街镇级,上海市奉贤区人民政府头桥街道办事处关于印发《头桥街道建设用地减量化工作实施方案（2025年—2027年）》的通知,奉头街〔2024〕13号,上海市奉贤区人民政府头桥街道办事处,2024-12-23,有效,统一政策发布平台,https://www.shanghai.gov.cn/zhengce/detail/0084::0084985,
规划与土地,实施细则,市级,关于印发《关于上海市改革完善耕地占补平衡制度的操作细则（试行）》的通知,沪规划资源施〔2024〕537号,上海市规划和自然资源局,2024-12-20,有效,统一政策发布平台,https://www.shanghai.gov.cn/zhengce/detail/0032::3e2cc81a785446f6a7ea65da7a368b59,docs/规划与土地/关于印发《关于上海市改革完善耕地占补平衡制度的操作细则（试行）》的通知.md
规划与土地,规定,市级,关于印发《上海市出让农村集体经营性建设用地使用权不动产登记技术规定（试行）》的通知,沪规划资源规〔2024〕6号,上海市规划和自然资源局,2024-12-20,有效,统一政策发布平台,https://www.shanghai.gov.cn/zhengce/detail/0032::01952fcd120c41bdbcd0e21fb73d31e8,docs/规划与土地/关于印发《上海市出让农村集体经营性建设用地使用权不动产登记技术规定（试行）》的通知.md
规划与土地,通知公告,市级,上海市绿化和市容管理局关于发布第一批上海市野生动物栖息地名录的通知,沪绿容〔2024〕444号,上海市绿化和市容管理局,2024-12-13,有效,统一政策发布平台,https://www.shanghai.gov.cn/zhengce/detail/0039::0200f784-fd68-44ed-b6ce-8469c4a778b2,
规划与土地,实施意见,区级,关于延长《金山区农民平移集中居住用地补偿指导意见》有效期的通知,金农规〔2024〕7号,上海市金山区农业农村委员会,2024-12-13,有效,统一政策发布平台,https://www.shanghai.gov.cn/zhengce/detail/0081::0081553,
规划与土地,审查与许可规则,街镇级,关于印发《洋泾街道关于辖区内临时停车场开业备案用地核查流程》的通知,浦洋办〔2024〕43号,上海市浦东新区人民政府洋泾街道办事处,2024-12-03,有效,统一政策发布平台,https://www.shanghai.gov.cn/zhengce/detail/0070::0070334988,docs/规划与土地/关于印发《洋泾街道关于辖区内临时停车场开业备案用地核查流程》的通知.md
规划与土地,通知公告,市级,关于转发《自然资源部办公厅关于依法规范做好国土调查政府信息公开工作的通知》的通知,沪规划资源调〔2024〕487号,上海市规划和自然资源局,2024-11-18,有效,统一政策发布平台,https://www.shanghai.gov.cn/zhengce/detail/0032::3844e8011de14c80a0b5ec24f4e715ea,
规划与土地,通知公告,市级,关于协同推进本市水资源基础调查的通知,沪规划资源调〔2024〕424号,上海市规划和自然资源局,2024-10-10,有效,统一政策发布平台,https://www.shanghai.gov.cn/zhengce/detail/0032::6f49d432af8c4109847664bd55dd5d78,
规划与土地,规划与计划,区级,关于印发《嘉定区海绵城市规划建设管理工作指引（试行）》的通知,嘉建管规范联〔2024〕3号,上海市嘉定区建设和管理委员会,2024-10-09,有效,统一政策发布平台,https://www.shanghai.gov.cn/zhengce/detail/0080::5_197518,
规划与土地,办法,区级,上海市嘉定区规划和自然资源局关于印发《嘉定区社区规划师制度实施办法》的通知,嘉规划资源〔2024〕13号,上海市嘉定区规划和自然资源局,2024-09-11,有效,统一政策发布平台,https://www.shanghai.gov.cn/zhengce/detail/0080::5_181167,docs/规划与土地/上海市嘉定区规划和自然资源局关于印发《嘉定区社区规划师制度实施办法》的通知.md
规划与土地,办法,区级,关于印发《宝山区社区规划师制度实施办法（试行）》的通知,宝规划资源〔2024〕2号,上海市宝山区规划和自然资源局,2024-09-10,失效,统一政策发布平台,https://www.shanghai.gov.cn/zhengce/detail/0078::20f8784a-a730-4b5b-a822-4df65a50e937,docs/规划与土地/关于印发《宝山区社区规划师制度实施办法（试行）》的通知.md
规划与土地,实施意见,市级,关于印发《上海市加强城市地质安全风险防控实施方案》的通知,沪规划资源质〔2024〕365号,上海市规划和自然资源局,2024-09-05,有效,统一政策发布平台,https://www.shanghai.gov.cn/zhengce/detail/0032::523efc1d4eba4fd491a1e81a2e507fb7,
规划与土地,办法,市级,上海市生态环境局、上海市规划和自然资源局关于印发《上海市建设用地土壤污染责任人认定实施办法》的通知,沪环规〔2024〕12号,上海市生态环境局,2024-08-30,有效,统一政策发布平台,https://www.shanghai.gov.cn/zhengce/detail/0024::bf83c20301d64e4790a91509a1606023,docs/规划与土地/上海市生态环境局、上海市规划和自然资源局关于印发《上海市建设用地土壤污染责任人认定实施办法》的通知.md
规划与土地,规划与计划,市级,关于印发《加强规划资源政策创新集成 加快推进重大科技创新产业项目建设的若干意见》的通知,沪规划资源建〔2024〕357号,上海市规划和自然资源局,2024-08-27,有效,统一政策发布平台,https://www.shanghai.gov.cn/zhengce/detail/0032::c03ae4ae61cd41aea1de73d0318ade72,
规划与土地,通知公告,市级,关于优化本市新出让商品住房用地套型供应结构的通知,沪房建管〔2024〕101号,上海市房屋管理局,2024-08-21,有效,统一政策发布平台,https://www.shanghai.gov.cn/zhengce/detail/0013::a28996f5399d4685818a41dddba3f8a0,
规划与土地,规划与计划,市级,关于印发《关于进一步完善上海市详细规划实施深化的工作意见》的通知,沪规划资源建〔2024〕336号,上海市规划和自然资源局,2024-08-14,有效,统一政策发布平台,https://www.shanghai.gov.cn/zhengce/detail/0032::eb2e76770a1443d295930154811af11a,
规划与土地,通知公告,市级,关于公布上海市新增专科医师规范化培训基地名单的通知,沪卫科教〔2024〕19号,上海市卫生健康委员会,2024-07-31,有效,统一政策发布平台,https://www.shanghai.gov.cn/zhengce/detail/0012::369030f782624f939406dd4baf986775,
规划与土地,通知公告,市级,关于印发《关于简化本市输电线塔基项目用地预审管理工作的意见》的通知,沪规划资源规〔2024〕5号,上海市规划和自然资源局,2024-07-31,有效,统一政策发布平台,https://www.shanghai.gov.cn/zhengce/detail/0032::90d63013b3d04cce80219b5ce5d63b4e,
规划与土地,通知公告,市级,关于延长《关于本市耕地占用税有关适用税额标准的通知》有效期的通知,沪财发〔2024〕6号,上海市财政局,2024-07-31,有效,统一政策发布平台,https://www.shanghai.gov.cn/zhengce/detail/0017::xxfbdf0000023376,
规划与土地,通知公告,市级,关于印发《上海市产业用地综合价值评估技术指引（试行）》的通知,沪土估协〔2024〕12号,上海市土地估价师协会,2024-07-29,有效,统一政策发布平台,https://www.shanghai.gov.cn/zhengce/detail/0032::7b7a6149faa6418698b27a90f5de259b,
规划与土地,规划与计划,市级,关于印发《上海市现代设施农业专项规划（2024—2035年）》的通知,沪规划资源乡〔2024〕282号,上海市规划和自然资源局,2024-07-19,有效,统一政策发布平台,https://www.shanghai.gov.cn/zhengce/detail/0032::24298b77521446c3b220f85db2c0256c,
规划与土地,规划与计划,市级,关于印发《大吴淞地区专项规划》的通知,沪规划资源总〔2024〕281号,上海市规划和自然资源局,2024-07-22,有效,统一政策发布平台,https://www.shanghai.gov.cn/zhengce/detail/0032::9ea6d07baba445e185c5630984882379,
规划与土地,实施细则,区级,关于印发《宝山区海绵城市规划建设管理实施细则》的通知,宝建〔2024〕11号,上海市宝山区建设和管理委员会,2024-07-22,有效,统一政策发布平台,https://www.shanghai.gov.cn/zhengce/detail/0078::f2ba4abf-0e26-42e1-9764-80429f46d745,docs/规划与土地/关于印发《宝山区海绵城市规划建设管理实施细则》的通知.md
规划与土地,通知公告,市级,关于印发《上海市征收集体土地信息公开标准指引》的通知,沪规划资源施〔2024〕264号,上海市规划和自然资源局,2024-07-10,有效,统一政策发布平台,https://www.shanghai.gov.cn/zhengce/detail/0032::77ada02999a14e74baccf81632c57ecf,
规划与土地,通知公告,区级,关于规范嘉定区工程建设项目临时用地管理的通知（修订）,嘉规划资源通〔2024〕8号,上海市嘉定区规划和自然资源局,2024-05-31,有效,统一政策发布平台,https://www.shanghai.gov.cn/zhengce/detail/0080::5_197515,
规划与土地,实施意见,区级,上海市嘉定区人民政府办公室关于转发《嘉定区违法用地综合整治三年行动工作方案（2024－2026）》的通知,嘉府办发〔2024〕14号,区政府办公室,2024-05-17,有效,统一政策发布平台,https://www.shanghai.gov.cn/zhengce/detail/0080::5_177015,
规划与土地,实施意见,区级,上海市奉贤区人民政府办公室关于印发《奉贤区违法用地综合整治三年行动工作方案（2024-2026）》的通知,沪奉府办发〔2024〕12号,上海市奉贤区人民政府,2024-05-10,有效,统一政策发布平台,https://www.shanghai.gov.cn/zhengce/detail/0084::0084cc7ed4bb222e2b569be8b8369e9019cd,
规划与土地,实施细则,区级,上海市青浦区农业农村委员会关于印发《青浦区耕地质量保护与提升补贴实施细则》的通知,青农委〔2024〕80号,上海市青浦区农业农村委员会,2024-05-06,有效,统一政策发布平台,https://www.shanghai.gov.cn/zhengce/detail/0083::00831367037,docs/规划与土地/上海市青浦区农业农村委员会关于印发《青浦区耕地质量保护与提升补贴实施细则》的通知.md
规划与土地,技术规定与导则,市级,上海市住房和城乡建设管理委员会关于批准《国土空间生态修复基底调查技术标准》为上海市工程建设规范的通知,沪建标定〔2024〕215号,上海市住房和城乡建设管理委员会,2024-04-30,有效,统一政策发布平台,https://www.shanghai.gov.cn/zhengce/detail/0011::3e062e0cad274a8cbe0487f0c3ed6544,docs/规划与土地/上海市住房和城乡建设管理委员会关于批准《国土空间生态修复基底调查技术标准》为上海市工程建设规范的通知.md
规划与土地,通知公告,市级,关于开展本市农村集体建设用地使用权作价入股的通知,沪规划资源乡〔2024〕151号,上海市规划和自然资源局,2024-04-28,有效,统一政策发布平台,https://www.shanghai.gov.cn/zhengce/detail/0032::6ec9bdd6450c44539aee8fe08d1a5819,
规划与土地,规划与计划,市级,关于印发《关于本市电动自行车停放场所和充电设施规划资源实施意见》的通知,沪规划资源建〔2024〕152号,上海市规划和自然资源局,2024-04-28,有效,统一政策发布平台,https://www.shanghai.gov.cn/zhengce/detail/0032::5dbfae371b9a40d9a661549492f92319,
规划与土地,规划与计划,市级,关于印发《关于推动本市电动自行车安全治理攻坚行动规划资源工作方案》的通知,沪规划资源建〔2024〕132号,上海市规划和自然资源局,2024-04-19,有效,统一政策发布平台,https://www.shanghai.gov.cn/zhengce/detail/0032::9755b2171484404c829c194299e5d4fe,
规划与土地,规定,区级,关于印发《上海市松江区农村集体经营性建设用地入市集体收益分配管理规定》的通知,松农规〔2024〕2号,上海市松江区农业农村委员会,2024-04-08,有效,统一政策发布平台,https://www.shanghai.gov.cn/zhengce/detail/0082::1c414712a8e94be49bd483cc21464a98,docs/规划与土地/关于印发《上海市松江区农村集体经营性建设用地入市集体收益分配管理规定》的通知.md
规划与土地,实施意见,区级,关于印发《上海市松江区关于农村集体经营性建设用地入市民主管理的实施意见》的通知,松农规〔2024〕1号,上海市松江区农业农村委员会,2024-04-08,有效,统一政策发布平台,https://www.shanghai.gov.cn/zhengce/detail/0082::13c2b1c5-26c9-4169-964b-18682b821413,
规划与土地,实施意见,市级,关于印发《关于加强农业现代化发展 推进农业生产配套“点状供地”工作的实施意见》的通知,沪规划资源乡〔2024〕110号,上海市规划和自然资源局,2024-04-03,有效,统一政策发布平台,https://www.shanghai.gov.cn/zhengce/detail/0032::3b460dd0d68c4b08960b24c7fcb8b309,
规划与土地,办法,市级,关于印发《上海市耕地开垦费管理办法》的通知,沪财发〔2024〕2号,上海市财政局,2024-03-31,有效,统一政策发布平台,https://www.shanghai.gov.cn/zhengce/detail/0017::xxfbdf0000023120,docs/规划与土地/关于印发《上海市耕地开垦费管理办法》的通知.md
规划与土地,规划与计划,市级,关于印发《坚持对标改革 持续打造规划资源领域一流营商环境实施方案》的通知,沪规划资源建〔2024〕94号,上海市规划和自然资源局,2024-03-27,有效,统一政策发布平台,https://www.shanghai.gov.cn/zhengce/detail/0032::e237eae8fb924db29a939a3a9d4e56f7,
规划与土地,实施细则,区级,关于印发《闵行区海绵城市规划建设管理实施细则（试行）》的通知,闵建管规〔2024〕1号,上海市闵行区建设和管理委员会,2024-03-15,失效,统一政策发布平台,https://www.shanghai.gov.cn/zhengce/detail/0079::5faf5be2-4e3e-4848-94a8-24fb2c53f1f9,docs/规划与土地/关于印发《闵行区海绵城市规划建设管理实施细则（试行）》的通知.md
规划与土地,办法,市级,关于印发《上海市市级土地整治项目管理办法》的通知,沪规划资源施〔2024〕55号,上海市规划和自然资源局,2024-02-28,有效,统一政策发布平台,https://www.shanghai.gov.cn/zhengce/detail/0032::da9d0d44a01e4af6a28599f3d9ffdc31,docs/规划与土地/关于印发《上海市市级土地整治项目管理办法》的通知.md
规划与土地,通知公告,市级,关于印发《上海市突发性地质灾害防治管理工作规则》的通知,沪规划资源质〔2024〕40号,上海市规划和自然资源局,2024-02-09,有效,统一政策发布平台,https://www.shanghai.gov.cn/zhengce/detail/0032::ddcbe3fd4f93403ea187dafc92aa3d81,
规划与土地,规定,市级,关于印发《上海市城市建设档案利用规定》的通知,沪规划资源规〔2024〕1号,上海市规划和自然资源局,2024-01-19,有效,统一政策发布平台,https://www.shanghai.gov.cn/zhengce/detail/0032::4d91a60d583a47d7b756d13ae8e367c2,docs/规划与土地/关于印发《上海市城市建设档案利用规定》的通知.md
规划与土地,办法,市级,关于印发《上海市海绵城市规划建设管理办法》的通知,,上海市住房和城乡建设管理委员会,2023-10,有效,市住建委规范性文件,https://zjw.sh.gov.cn/gfxwj/20231025/b6e6d1bc29fb4412966794c8871be8cc.html,docs/规划与土地/关于印发《上海市海绵城市规划建设管理办法》的通知.md
规划与土地,规划与计划,市级,上海市人民政府办公厅转发市规划资源局制订的《关于规范临时用地管理的指导意见（试行）》的通知,沪府办规〔2023〕31号,上海市人民政府,2023-12-29,失效,统一政策发布平台,https://www.shanghai.gov.cn/zhengce/detail/0001::8834accb101847c39d1ef61bf841b8de,
规划与土地,通知公告,市级,关于印发《上海市征收集体土地补偿标准（2024）》的通知,沪规划资源规〔2023〕6号,上海市规划和自然资源局,2023-12-29,有效,统一政策发布平台,https://www.shanghai.gov.cn/zhengce/detail/0032::87dbd1b414dd41af8a7a84e0102ec2c9,
规划与土地,规划与计划,区级,关于印发《黄浦区海绵城市规划建设管理实施意见》的通知,黄建管规〔2023〕1号,上海市黄浦区建设和管理委员会,2023-12-29,有效,统一政策发布平台,https://www.shanghai.gov.cn/zhengce/detail/0071::76342be6-4488-463a-9002-e8de0aaeb57a,
规划与土地,规划与计划,市级,关于印发《关于促进城市功能融合发展 创新规划土地弹性管理的实施意见（试行）》的通知,沪规划资源详〔2023〕449号,上海市规划和自然资源局,2023-11-17,有效,统一政策发布平台,https://www.shanghai.gov.cn/zhengce/detail/0032::59e42c9cbc7c4aeca01bc0e42456af2c,
规划与土地,办法,其他,关于印发《中国（上海）自由贸易试验区临港新片区土地储备和前期开发工作管理办法》的通知,沪自贸临管委〔2023〕170号,中国（上海）自由贸易试验区临港新片区管理委员会,2023-11-15,有效,统一政策发布平台,https://www.shanghai.gov.cn/zhengce/detail/0058::c1f07b477ed348aeaa968b51b09f6a84,docs/规划与土地/关于印发《中国（上海）自由贸易试验区临港新片区土地储备和前期开发工作管理办法》的通知.md
规划与土地,规划与计划,区级,上海市青浦区规划和自然资源局关于印发《关于进一步加强青浦区农村村民建房风貌管理的实施意见》的通知,青规划资源〔2023〕115号,上海市青浦区规划和自然资源局,2023-11-06,有效,统一政策发布平台,https://www.shanghai.gov.cn/zhengce/detail/0083::00831379333,
规划与土地,实施细则,区级,关于印发《浦东新区促进存量产业用地提质增效实施细则（试行）》的通知,浦科经委规〔2023〕5号,上海市浦东新区科技和经济委员会,2023-11-03,有效,统一政策发布平台,https://www.shanghai.gov.cn/zhengce/detail/0070::0070324449,docs/规划与土地/关于印发《浦东新区促进存量产业用地提质增效实施细则（试行）》的通知.md
规划与土地,实施意见,街镇级,关于印发《吴泾镇储备用地临时利用管理实施方案》的通知,闵吴府发〔2023〕15号,上海市闵行区吴泾镇人民政府,2023-11-01,有效,统一政策发布平台,https://www.shanghai.gov.cn/zhengce/detail/0079::b0356277-5ade-4ca6-85ab-f1d649399483,
规划与土地,规定,市级,关于印发《上海市地下建设用地使用权出让规定》的通知,沪规划资源规〔2023〕5号,上海市规划和自然资源局,2023-10-17,有效,统一政策发布平台,https://www.shanghai.gov.cn/zhengce/detail/0032::9171678d5e96483f82d4c94c3fd9a9ce,docs/规划与土地/关于印发《上海市地下建设用地使用权出让规定》的通知.md
规划与土地,审查与许可规则,市级,关于全流程线上申请办理地质灾害防治单位资质审批事项的通知,沪规划资源质〔2023〕386号,上海市规划和自然资源局,2023-10-08,有效,统一政策发布平台,https://www.shanghai.gov.cn/zhengce/detail/0032::7475febe3ec94e718cb650bf95bdecfd,docs/规划与土地/关于全流程线上申请办理地质灾害防治单位资质审批事项的通知.md
规划与土地,办法,市级,关于印发《长三角生态绿色一体化发展示范区基础地理信息数据更新暂行办法》的通知,沪规划资源调〔2023〕366号,上海市规划和自然资源局,2023-09-26,有效,统一政策发布平台,https://www.shanghai.gov.cn/zhengce/detail/0032::1f080ce4116b413c8e900b112a8fee83,docs/规划与土地/关于印发《长三角生态绿色一体化发展示范区基础地理信息数据更新暂行办法》的通知.md
规划与土地,规划与计划,市级,关于印发《关于加强城市第五立面规划建设的指导意见》的通知,沪规划资源建〔2023〕361号,上海市规划和自然资源局,2023-09-22,有效,统一政策发布平台,https://www.shanghai.gov.cn/zhengce/detail/0032::39b001a3f37d48cbbdd5dd1eb2ccc5e6,
规划与土地,办法,区级,关于印发《浦东新区社区规划师制度实施办法》的通知,浦规划资源规〔2023〕1号,上海市浦东新区规划和自然资源局,2023-09-11,有效,统一政策发布平台,https://www.shanghai.gov.cn/zhengce/detail/0070::0070316977,docs/规划与土地/关于印发《浦东新区社区规划师制度实施办法》的通知.md
规划与土地,办法,市级,关于印发《上海市土地违法案件查处办法》的通知,沪规划资源规〔2023〕4号,上海市规划和自然资源局,2023-08-08,有效,统一政策发布平台,https://www.shanghai.gov.cn/zhengce/detail/0032::2f81ed57ea4f4513a24255930ee4aea1,docs/规划与土地/关于印发《上海市土地违法案件查处办法》的通知.md
规划与土地,办法,街镇级,关于印发《关于吴泾镇进一步规范工业用地使用的管理办法》的通知,闵吴府发〔2023〕13号,上海市闵行区吴泾镇人民政府,2023-08-14,有效,统一政策发布平台,https://www.shanghai.gov.cn/zhengce/detail/0079::ff5fef92-d529-4443-81bf-f7334675822d,docs/规划与土地/关于印发《关于吴泾镇进一步规范工业用地使用的管理办法》的通知.md
规划与土地,通知公告,市级,关于印发《上海市土地违法案件查处现场勘测工作规范》的通知,沪规划资源执〔2023〕275号,上海市规划和自然资源局,2023-07-26,有效,统一政策发布平台,https://www.shanghai.gov.cn/zhengce/detail/0032::f53bbd9a92a84e85a5911b82ec2fd7a3,
规划与土地,通知公告,市级,上海市市场监督管理局关于发布《农用地现状分类》等5项地方标准的公告,沪市监标技〔2023〕261号,上海市市场监督管理局,2023-06-05,有效,统一政策发布平台,https://www.shanghai.gov.cn/zhengce/detail/0019::2c984a72890a9da901891aafd68a55bd,
规划与土地,实施意见,区级,上海市崇明区人民政府办公室关于印发本区农村集体经营性建设用地入市试点推进工作方案的通知,沪崇府办发〔2023〕16号,上海市崇明区人民政府办公室,2023-06-27,有效,统一政策发布平台,https://www.shanghai.gov.cn/zhengce/detail/0085::92e1b088-e11d-4e96-b83c-4fd4cfbad301,
规划与土地,规定,市级,关于印发《上海市地质灾害危险性评估管理规定》的通知,沪规划资源规〔2023〕2号,上海市规划和自然资源局,2023-06-29,有效,统一政策发布平台,https://www.shanghai.gov.cn/zhengce/detail/0032::edcca4281acd4bb2884a632c57f2933f,docs/规划与土地/关于印发《上海市地质灾害危险性评估管理规定》的通知.md
规划与土地,通知公告,市级,关于进一步加强“多测合一”成果质量的通知,沪规划资源调〔2023〕208号,上海市规划和自然资源局,2023-06-19,有效,统一政策发布平台,https://www.shanghai.gov.cn/zhengce/detail/0032::d08e1ab481404d9d90f0161098175cef,
规划与土地,规划与计划,市级,关于印发《关于落实“上海2035”，进一步加强战略预留区规划和土地管理的若干意见》的通知,沪规划资源规〔2023〕1号,上海市规划和自然资源局,2023-06-19,有效,统一政策发布平台,https://www.shanghai.gov.cn/zhengce/detail/0032::bd22b5a9fe79480da5590ae94d3f068d,
规划与土地,通知公告,市级,上海市绿化委员会办公室关于公布本市首批“互联网+全民义务植树”基地名录的通知,沪绿委办〔2023〕3号,上海市绿化和市容管理局,2023-05-29,有效,统一政策发布平台,https://www.shanghai.gov.cn/zhengce/detail/0039::ec961ce1-cfee-4c25-be8c-ad05332093ba,
规划与土地,实施意见,市级,关于印发《关于推进高质量发展，全面提升基础设施品质的指导意见》的通知,沪规划资源政〔2023〕184号,上海市规划和自然资源局,2023-05-30,有效,统一政策发布平台,https://www.shanghai.gov.cn/zhengce/detail/0032::946e5ce98ebf47669ecf525da409de5b,
规划与土地,规划与计划,市级,关于印发《上海市城市地质与矿产资源总体规划（2021—2025年）实施方案》的通知,沪规划资源质〔2023〕166号,上海市规划和自然资源局,2023-05-16,有效,统一政策发布平台,https://www.shanghai.gov.cn/zhengce/detail/0032::89f0095a3e5c4234b27c252d75274b32,
规划与土地,通知公告,市级,上海市住房和城乡建设管理委员会关于批准《节约集约建设用地标准》为上海市工程建设规范的通知,沪建标定〔2023〕115号,上海市住房和城乡建设管理委员会,2023-03-08,有效,统一政策发布平台,https://www.shanghai.gov.cn/zhengce/detail/0011::e437541c8b1343a08f6f03bd87d3a6d1,
规划与土地,规划与计划,市级,关于印发《上海市加强规划资源集成创新持续优化营商环境实施方案》的通知,沪规划资源建〔2023〕79号,上海市规划和自然资源局,2023-03-03,有效,统一政策发布平台,https://www.shanghai.gov.cn/zhengce/detail/0032::b6bade321c4540cfb7d82858b427dd5b,
规划与土地,审查与许可规则,市级,关于受理审批地质灾害防治单位资质的通知,沪规划资源质〔2023〕31号,上海市规划和自然资源局,2023-01-19,有效,统一政策发布平台,https://www.shanghai.gov.cn/zhengce/detail/0032::aff8ee0d49d2481ba784ccbb08c775c0,docs/规划与土地/关于受理审批地质灾害防治单位资质的通知.md
规划与土地,通知公告,市级,上海市生态环境局关于开展本市建设用地土壤污染状况初步调查监督检查工作的通知,沪环土〔2022〕235号,上海市生态环境局,2022-12-19,有效,统一政策发布平台,https://www.shanghai.gov.cn/zhengce/detail/0024::87139e10db8c49ed861be3332f52f154,
规划与土地,办法,市级,关于印发《上海市永久性测量标志管理办法》的通知,沪规划资源规〔2022〕10号,上海市规划和自然资源局,2022-12-27,有效,统一政策发布平台,https://www.shanghai.gov.cn/zhengce/detail/0032::b69a252f70d6489bb94d413868793290,docs/规划与土地/关于印发《上海市永久性测量标志管理办法》的通知.md
规划与土地,规定,区级,浦东新区人民政府关于印发《浦东新区促进存量产业用地提质增效若干规定》的通知,浦府管规〔2022〕5号,上海市浦东新区人民政府,2022-12-12,有效,统一政策发布平台,https://www.shanghai.gov.cn/zhengce/detail/0070::0070334925,docs/规划与土地/浦东新区人民政府关于印发《浦东新区促进存量产业用地提质增效若干规定》的通知.md
规划与土地,实施细则,市级,关于印发《上海市智能网联汽车高精度地图试点审图工作细则》的通知,沪规划资源调〔2022〕465号,上海市规划和自然资源局,2022-12-01,有效,统一政策发布平台,https://www.shanghai.gov.cn/zhengce/detail/0032::63a4577fe677436990630599ef284d83,docs/规划与土地/关于印发《上海市智能网联汽车高精度地图试点审图工作细则》的通知.md
规划与土地,实施意见,市级,关于印发《关于机关、企事业等单位附属空间对社会开放工作的指导意见》的通知,沪规划资源详〔2022〕461号,上海市规划和自然资源局,2022-11-30,有效,统一政策发布平台,https://www.shanghai.gov.cn/zhengce/detail/0032::54ce74b1dd5e40ec8416def31c105ecd,
规划与土地,规定,市级,关于印发《上海市智能网联汽车高精度地图管理试点规定》的通知,沪规划资源规〔2022〕9号,上海市规划和自然资源局,2022-11-29,有效,统一政策发布平台,https://www.shanghai.gov.cn/zhengce/detail/0032::8449243cefb24f94bd3b95efec65f3ef,docs/规划与土地/关于印发《上海市智能网联汽车高精度地图管理试点规定》的通知.md
规划与土地,实施意见,市级,关于印发《关于落实“上海2035”，进一步加强四条控制线实施管理的若干意见》的通知,沪规划资源总〔2022〕458号,上海市规划和自然资源局,2022-11-29,有效,统一政策发布平台,https://www.shanghai.gov.cn/zhengce/detail/0032::efdfd8d2896549d8920d4dea6f45bebc,
规划与土地,通知公告,市级,关于启用2021年度上海市高程控制网水准复测成果的公告,沪规划资源调〔2022〕434号,上海市规划和自然资源局,2022-11-17,有效,统一政策发布平台,https://www.shanghai.gov.cn/zhengce/detail/0032::2a2eb77d3a3c4bdebdc5828c3e24e238,
规划与土地,规定,区级,浦东新区人民政府关于印发《浦东新区国有建设用地垂直空间分层设立使用权若干规定》的通知,浦府管规〔2022〕3号,上海市浦东新区人民政府,2022-11-07,有效,统一政策发布平台,https://www.shanghai.gov.cn/zhengce/detail/0070::0070334046,docs/规划与土地/浦东新区人民政府关于印发《浦东新区国有建设用地垂直空间分层设立使用权若干规定》的通知.md
规划与土地,通知公告,市级,关于加强建设用地土壤污染防治联动监管的通知,沪环土〔2022〕189号,上海市生态环境局,2022-10-26,有效,统一政策发布平台,https://www.shanghai.gov.cn/zhengce/detail/0024::8b542ac2d17545b2b6e68e4a2fde100d,
规划与土地,规划与计划,市级,关于印发《上海市城市地质与矿产资源总体规划（2021—2025年）》的通知,沪规划资源质〔2022〕403号,上海市规划和自然资源局,2022-10-24,有效,统一政策发布平台,https://www.shanghai.gov.cn/zhengce/detail/0032::26eac79c8ad84ed7b03073a17637eff1,
规划与土地,规划与计划,区级,浦东新区人民政府关于印发《浦东新区海绵城市规划建设管理实施意见》的通知,浦府规〔2022〕6号,上海市浦东新区人民政府,2022-10-21,有效,统一政策发布平台,https://www.shanghai.gov.cn/zhengce/detail/0070::0070303857,
规划与土地,通知公告,市级,关于推进社会投资项目用地清单制改革启用新版土地出让征询单的通知,沪规划资源用〔2022〕395号,上海市规划和自然资源局,2022-10-14,有效,统一政策发布平台,https://www.shanghai.gov.cn/zhengce/detail/0032::98f8332203ec4d148545c6db01c0c576,
规划与土地,通知公告,区级,上海市嘉定区人民政府关于印发《嘉定区盘活低效用地提升产业能级行动方案》的通知,嘉府发〔2022〕13号,区政府,2022-10-11,有效,统一政策发布平台,https://www.shanghai.gov.cn/zhengce/detail/0080::5_159663,
规划与土地,办法,市级,关于印发《上海市全域土地综合整治工作管理办法（试行）》的通知,沪规划资源乡〔2022〕348号,上海市规划和自然资源局,2022-09-14,有效,统一政策发布平台,https://www.shanghai.gov.cn/zhengce/detail/0032::9c7f5d3cc93343ca92ca03e46828323c,docs/规划与土地/关于印发《上海市全域土地综合整治工作管理办法（试行）》的通知.md
规划与土地,规划与计划,市级,上海市生态环境局 上海市规划和自然资源局关于成立上海市建设用地土壤污染责任人认定委员会的通知,沪环土〔2022〕158号,上海市生态环境局,2022-09-14,有效,统一政策发布平台,https://www.shanghai.gov.cn/zhengce/detail/0024::ec0e74a3c3b64bb19030235809f49a5c,
规划与土地,通知公告,市级,关于印发《上海市全域土地综合整治工作指引（试行）》的通知,沪规划资源乡〔2022〕349号,上海市规划和自然资源局,2022-09-14,有效,统一政策发布平台,https://www.shanghai.gov.cn/zhengce/detail/0032::70fba022b82b4af7a9a510ca018e6f5e,
规划与土地,通知公告,市级,关于印发《长三角生态绿色一体化发展示范区基础地理信息数据标准》的通知,沪规划资源调〔2022〕344号,上海市规划和自然资源局,2022-09-13,有效,统一政策发布平台,https://www.shanghai.gov.cn/zhengce/detail/0032::f9eef713146641379c2c495c7f2163a0,
规划与土地,通知公告,市级,关于下发《未提交公证文书或者生效法律文书及遗产管理人办理继承、受遗赠转移登记的试行规则》的通知,沪自然资源登〔2022〕7号,上海市规划和自然资源局,2022-09-01,有效,统一政策发布平台,https://www.shanghai.gov.cn/zhengce/detail/0032::19e003344eb14d0ab3e691d660b225b6,
规划与土地,通知公告,街镇级,山阳镇政府关于印发《山阳镇集建区外现状建设用地减量化补偿指导性意见（修订）》的通知,山府规〔2022〕1号,上海市金山区山阳镇人民政府,2022-07-19,有效,统一政策发布平台,https://www.shanghai.gov.cn/zhengce/detail/0081::00818c78904379364dd99d4cd98b13805ea0,
规划与土地,办法,市级,关于印发《上海市营商环境创新试点规划资源实施办法》的通知,沪规划资源建〔2022〕181号,上海市规划和自然资源局,2022-06-17,有效,统一政策发布平台,https://www.shanghai.gov.cn/zhengce/detail/0032::a9dea572ff7e482b8363de6836823440,docs/规划与土地/关于印发《上海市营商环境创新试点规划资源实施办法》的通知.md
规划与土地,通知公告,区级,《关于进一步加强设施农业用地使用管理促进农业健康发展的通知》,浦农业农村委规〔2022〕2号,上海市浦东新区农业农村委员会（乡村振兴局、集体资产监督管理委员会）,2022-06-16,有效,统一政策发布平台,https://www.shanghai.gov.cn/zhengce/detail/0070::0070235980,
规划与土地,办法,市级,关于印发《上海市土地调查实施办法》的通知,沪规划资源规〔2022〕5号,上海市规划和自然资源局,2022-05-27,有效,统一政策发布平台,https://www.shanghai.gov.cn/zhengce/detail/0032::de92fad1efe246618bde43842e76a2f9,docs/规划与土地/关于印发《上海市土地调查实施办法》的通知.md
规划与土地,规定,市级,关于印发《关于加强本市经营性用地出让管理的若干规定》的通知,沪规划资源规〔2022〕2号,上海市规划和自然资源局,2022-04-23,有效,统一政策发布平台,https://www.shanghai.gov.cn/zhengce/detail/0032::b973363d1f34418fab437380abe2e641,docs/规划与土地/关于印发《关于加强本市经营性用地出让管理的若干规定》的通知.md
规划与土地,办法,市级,关于印发《上海市测绘地理信息、地质矿产、地名、城建档案行政处罚裁量基准实施办法》的通知,沪规划资源规〔2022〕1号,上海市规划和自然资源局,2022-02-22,有效,统一政策发布平台,https://www.shanghai.gov.cn/zhengce/detail/0032::ec80bb37c77348ff8ada9adc153d2796,docs/规划与土地/关于印发《上海市测绘地理信息、地质矿产、地名、城建档案行政处罚裁量基准实施办法》的通知.md
规划与土地,通知公告,市级,上海市住房和城乡建设管理委员会关于批准《城市设计编制标准》为上海市工程建设规范的通知,沪建标定〔2022〕102号,上海市住房和城乡建设管理委员会,2022-02-15,有效,统一政策发布平台,https://www.shanghai.gov.cn/zhengce/detail/0011::ad47e85f65644482bb0d1cbdb8cd4d66,
规划与土地,实施意见,市级,关于印发《上海市不动产登记领域证明事项告知承诺制实施方案》的通知,沪规划资源登〔2022〕9号,上海市规划和自然资源局,2022-01-11,有效,统一政策发布平台,https://www.shanghai.gov.cn/zhengce/detail/0032::a61f4aff7f114877adfdc54f203b53c9,
规划与土地,通知公告,市级,关于本市非居住用地建设保障性租赁住房水电气、有线电视执行居民价格的通知,沪发改价管〔2022〕1号,上海市发展和改革委员会,2022-01-07,有效,统一政策发布平台,https://www.shanghai.gov.cn/zhengce/detail/0025::45445277dbd044339f78552ee898623d,
规划与土地,通知公告,市级,上海市住房和城乡建设管理委员会关于批准《1:500 1:1000 1:2000数字地形测绘标准》为上海市工程建设规范的通知,沪建标定〔2022〕14号,上海市住房和城乡建设管理委员会,2022-01-05,有效,统一政策发布平台,https://www.shanghai.gov.cn/zhengce/detail/0011::645fb9ada53644db81a3a448fa06c0b3,
规划与土地,办法,区级,关于印发《浦东新区国有农用地使用管理办法》的通知,浦农业农村委规〔2021〕10号,上海市浦东新区农业农村委员会（乡村振兴局、集体资产监督管理委员会）,2021-12-31,有效,统一政策发布平台,https://www.shanghai.gov.cn/zhengce/detail/0070::0070235593,docs/规划与土地/关于印发《浦东新区国有农用地使用管理办法》的通知.md
规划与土地,规划与计划,区级,关于印发《关于中国（上海）自由贸易试验区保税区域综合用地规划和土地管理的若干意见》的通知,中（沪）自保管〔2021〕175号,自贸区保税区管理局（上海东方枢纽国际商务合作区管理局）,2021-12-21,有效,统一政策发布平台,https://www.shanghai.gov.cn/zhengce/detail/0070::0070313494,
规划与土地,规划与计划,市级,关于印发《关于上海市推进乡村振兴战略加强规划资源管理的实施意见》的通知,沪规划资源乡〔2021〕496号,上海市规划和自然资源局,2021-12-21,有效,统一政策发布平台,https://www.shanghai.gov.cn/zhengce/detail/0032::117b3e98e916464da4f318e83ee12e09,
规划与土地,规划与计划,市级,关于有序开展本市规划区外国有企业低效建设用地减量化工作的通知,沪规划资源施〔2021〕486号,上海市规划和自然资源局,2021-12-20,有效,统一政策发布平台,https://www.shanghai.gov.cn/zhengce/detail/0032::5718925d2b8f4127a5fcf0e99b7d55d1,
规划与土地,技术规定与导则,市级,关于印发《上海市乡村社区生活圈规划导则（试行）》的通知,沪规划资源乡〔2021〕450号,上海市规划和自然资源局,2021-12-03,有效,统一政策发布平台,https://www.shanghai.gov.cn/zhengce/detail/0032::fde7d67b4de740bf8a67d67669888854,docs/规划与土地/关于印发《上海市乡村社区生活圈规划导则（试行）》的通知.md
规划与土地,办法,市级,关于印发《上海市土地管理行政处罚裁量基准实施办法》的通知,沪规划资源规〔2021〕10号,上海市规划和自然资源局,2021-11-30,有效,统一政策发布平台,https://www.shanghai.gov.cn/zhengce/detail/0032::1800c21636334ef59620079c5ba05b76,docs/规划与土地/关于印发《上海市土地管理行政处罚裁量基准实施办法》的通知.md
规划与土地,技术规定与导则,市级,关于印发《上海市日照分析技术规范》的通知,沪规划资源建〔2021〕437号,上海市规划和自然资源局,2021-11-26,有效,统一政策发布平台,https://www.shanghai.gov.cn/zhengce/detail/0032::6802a03eb7184253bb5c9b39f9181443,docs/规划与土地/关于印发《上海市日照分析技术规范》的通知.md
规划与土地,规划与计划,市级,关于印发《规划资源领域轻微违法行为免罚清单》的通知,沪规划资源规〔2021〕9号,上海市规划和自然资源局,2021-11-09,有效,统一政策发布平台,https://www.shanghai.gov.cn/zhengce/detail/0032::d2f5f5740b34447387778e64b479cf47,
规划与土地,办法,市级,关于印发《上海市测绘地理信息行业信用管理办法》的通知,沪规划资源规〔2021〕8号,上海市规划和自然资源局,2021-11-01,有效,统一政策发布平台,https://www.shanghai.gov.cn/zhengce/detail/0032::f3c6e916a39342debfe2d8b6c85f0d21,docs/规划与土地/关于印发《上海市测绘地理信息行业信用管理办法》的通知.md
规划与土地,通知公告,市级,关于印发上海市征地补偿安置协议相关示范文本的通知,沪规划资源施〔2021〕362号,上海市规划和自然资源局,2021-09-30,有效,统一政策发布平台,https://www.shanghai.gov.cn/zhengce/detail/0032::579cce4da82944929f523d55381f08a2,
规划与土地,规定,市级,关于印发《上海市建筑面积计算规划管理规定》的通知,沪规划资源建〔2021〕363号,上海市规划和自然资源局,2021-09-30,有效,统一政策发布平台,https://www.shanghai.gov.cn/zhengce/detail/0032::146691b797364f4288d7945446adc057,docs/规划与土地/关于印发《上海市建筑面积计算规划管理规定》的通知.md
规划与土地,办法,市级,关于印发《上海市规划和自然资源局网络和信息安全管理办法》的通知,沪规划资源信〔2021〕350号,上海市规划和自然资源局,2021-09-24,有效,统一政策发布平台,https://www.shanghai.gov.cn/zhengce/detail/0032::f7279772599444c795cb566c8749b1b1,docs/规划与土地/关于印发《上海市规划和自然资源局网络和信息安全管理办法》的通知.md
规划与土地,规定,市级,关于印发《关于加强上海市产业用地出让管理的若干规定》的通知,沪规划资源规〔2021〕6号,上海市规划和自然资源局,2021-09-14,有效,统一政策发布平台,https://www.shanghai.gov.cn/zhengce/detail/0032::14a84595e5a54864af3dc92a8c5a588e,docs/规划与土地/关于印发《关于加强上海市产业用地出让管理的若干规定》的通知.md
规划与土地,规划与计划,市级,关于印发《关于开展建设项目规划实施平台管理工作的指导意见（试行）》和《上海市建设项目规划实施平台管理工作规则（试行）》的通知,沪规划资源建〔2021〕252号,上海市规划和自然资源局,2021-07-13,有效,统一政策发布平台,https://www.shanghai.gov.cn/zhengce/detail/0032::2085a8ff4a1f469e99c67c22deb8b795,
规划与土地,规定,市级,关于印发《上海市浅层地热能开发利用管理规定》的通知,沪规划资源规〔2021〕3号,上海市规划和自然资源局,2021-07-01,失效,统一政策发布平台,https://www.shanghai.gov.cn/zhengce/detail/0032::52f7acac0dc94d2c893bbea56a1a94ce,docs/规划与土地/关于印发《上海市浅层地热能开发利用管理规定》的通知.md
规划与土地,实施意见,市级,上海市人民政府办公厅印发《关于坚决制止耕地“非农化”行为、防止耕地“非粮化”稳定粮食生产的工作方案》的通知,沪府办〔2021〕39号,上海市人民政府办公厅,2021-06-02,有效,统一政策发布平台,https://www.shanghai.gov.cn/zhengce/detail/0001::9bdd598076cb4aa68356368970cd6e9e,
规划与土地,通知公告,市级,关于印发《上海市测绘、地矿、地名、城建档案违法案件查处工作规程（试行）》的通知,沪规划资源执〔2021〕200号,上海市规划和自然资源局,2021-06-08,有效,统一政策发布平台,https://www.shanghai.gov.cn/zhengce/detail/0032::b125a604d2b445a0bd60e3e5a05378c1,
规划与土地,通知公告,市级,关于加强本市测绘地理信息行业安全生产管理的通知,沪规划资源调〔2021〕169号,上海市规划和自然资源局,2021-05-10,有效,统一政策发布平台,https://www.shanghai.gov.cn/zhengce/detail/0032::eb27485253644797a304511ef3a416f2,
规划与土地,实施意见,区级,关于印发《宝山区低效产业用地处置工作的实施方案》的通知,宝经委〔2021〕3号,上海市宝山区经济委员会,2021-04-23,有效,统一政策发布平台,https://www.shanghai.gov.cn/zhengce/detail/0078::7456c0d7-82be-4905-b313-0cdb4b80b4dc,
规划与土地,通知公告,市级,关于进一步建立健全本市权籍测绘投诉机制的通知,沪规划资源登〔2021〕60号,上海市规划和自然资源局,2021-02-22,有效,统一政策发布平台,https://www.shanghai.gov.cn/zhengce/detail/0032::3bb7d731632849b5bed4a507db7f7de7,
规划与土地,审查与许可规则,市级,关于开展规划资源审批项目档案数字化专项工作的通知,沪规划资源行〔2021〕22号,上海市规划和自然资源局,2021-01-26,有效,统一政策发布平台,https://www.shanghai.gov.cn/zhengce/detail/0032::e629a2a19e634b3082c2476b83d7f592,docs/规划与土地/关于开展规划资源审批项目档案数字化专项工作的通知.md
规划与土地,实施细则,市级,关于印发《本市国土空间用途管制实施细则（试行）》的通知,沪规划资源施〔2021〕16号,上海市规划和自然资源局,2021-01-20,有效,统一政策发布平台,https://www.shanghai.gov.cn/zhengce/detail/0032::dbfccc6de76848c3b9110eb9933e716c,docs/规划与土地/关于印发《本市国土空间用途管制实施细则（试行）》的通知.md
规划与土地,通知公告,区级,上海市奉贤区农业农村委员会关于进一步规范我区设施农用地管理的通知,沪奉农委〔2020〕52号,上海市奉贤区农业农村委员会,2020-10-26,有效,统一政策发布平台,https://www.shanghai.gov.cn/zhengce/detail/0084::0084i20201112-37u6jxo48crgsoxh2j,
规划与土地,实施意见,区级,上海市奉贤区农业农村委员会关于印发《奉贤区优先保护类耕地集中区域土壤环境保护工作方案》等的通知,沪奉农委〔2020〕45号,上海市奉贤区农业农村委员会,2020-10-19,有效,统一政策发布平台,https://www.shanghai.gov.cn/zhengce/detail/0084::0084i20201112-azb45gt0ynql19hjwy,
规划与土地,规划与计划,市级,关于印发《关于进一步完善本市附属设施建设规划管理工作的意见》的通知,沪规划资源建〔2020〕377号,上海市规划和自然资源局,2020-08-25,有效,统一政策发布平台,https://www.shanghai.gov.cn/zhengce/detail/0032::1623844df3ea4dfcb0cf63c46c499cf5,
规划与土地,通知公告,市级,关于出让土地项目在建工程转让建设主体变更相关手续办理的通知,沪规划资源建〔2020〕313号,上海市规划和自然资源局,2020-07-10,有效,统一政策发布平台,https://www.shanghai.gov.cn/zhengce/detail/0032::557ba96b84f240ee8e9d96626b1bb508,
规划与土地,通知公告,市级,关于印发《上海市测绘单位质量管理体系基本要求》的通知,沪规划资源调〔2020〕175号,上海市规划和自然资源局,2020-04-23,有效,统一政策发布平台,https://www.shanghai.gov.cn/zhengce/detail/0032::8a6bb265262546d58d351e64fc0d5a77,
规划与土地,实施意见,区级,上海市崇明区人民政府关于印发崇明区2020年违法用地综合整治行动实施方案的通知,沪崇府发〔2020〕10号,上海市崇明区人民政府办公室,2020-04-24,有效,统一政策发布平台,https://www.shanghai.gov.cn/zhengce/detail/0085::bf0b0bb6-decf-4a92-8ed7-d6f197e496de,
规划与土地,通知公告,市级,关于加强本市城建档案服务指导工作保障重大建设项目实施的通知,沪规划资源行〔2020〕107号,上海市规划和自然资源局,2020-03-16,有效,统一政策发布平台,https://www.shanghai.gov.cn/zhengce/detail/0032::3db5fb823d0b471aa9ad6068f65ec7af,
规划与土地,实施意见,区级,关于印发《金山区农民平移集中居住用地补偿指导意见》的通知,金农规〔2019〕2号,上海市金山区农业农村委员会,2019-12-20,有效,统一政策发布平台,https://www.shanghai.gov.cn/zhengce/detail/0081::00811a0857390812a4c8e213d2fd2d4d1ed3,
规划与土地,实施意见,区级,闵行区人民政府关于印发《闵行区关于进一步规范房屋土地征收工作的指导意见》的通知,闵府发〔2019〕18号,上海市闵行区人民政府办公室,2019-09-23,有效,统一政策发布平台,https://www.shanghai.gov.cn/zhengce/detail/0079::E8571BAF-3697-11ED-BAF5-80FA68754DB7,
规划与土地,通知公告,市级,关于本市耕地占用税有关适用税额标准的通知,沪财发〔2019〕5号,上海市财政局,2019-08-07,有效,统一政策发布平台,https://www.shanghai.gov.cn/zhengce/detail/0017::0017-180968,
规划与土地,审查与许可规则,区级,上海市静安区人民政府办公室关于转发区发展改革委《关于进一步规范本区土地储备项目审批和成本认定工作的若干意见》的通知,静府办发〔2019〕7号,上海市静安区人民政府办公室,2019-04-24,有效,统一政策发布平台,https://www.shanghai.gov.cn/zhengce/detail/0072::f570f326-cfd0-4f46-bf05-ee3d962b860b,docs/规划与土地/上海市静安区人民政府办公室关于转发区发展改革委《关于进一步规范本区土地储备项目审批和成本认定工作的若.md
规划与土地,通知公告,市级,关于公布第一批上海市重要湿地名录的通知,沪绿容〔2019〕36号,上海市绿化和市容管理局,2019-02-11,有效,统一政策发布平台,https://www.shanghai.gov.cn/zhengce/detail/0039::0039-7AE63D5C-0596-4CC2-A7A0-D35264A67F2B,
规划与土地,通知公告,区级,上海市崇明区人民政府关于同意新河镇CMS10-0001单元18-02号地块土地储备工程项目征地房屋补偿方案的批复,沪崇府复〔2018〕4号,上海市崇明区人民政府办公室,2018-01-22,有效,统一政策发布平台,https://www.shanghai.gov.cn/zhengce/detail/0085::2318aa00-97f7-4f8c-a927-4d010735a127,
规划与土地,通知公告,区级,上海市嘉定区人民政府办公室转发关于调整嘉定区动迁安置房基地和宅基地安置基地土地出让价格标准的通知,嘉府办发〔2015〕27号,上海市嘉定区人民政府办公室,2015-05-21,有效,统一政策发布平台,https://www.shanghai.gov.cn/zhengce/detail/0080::5_10386,
规划与土地,实施意见,区级,上海市嘉定区人民政府关于印发《嘉定区2014年违法用地专项治理行动实施方案》的通知,嘉府发〔2014〕43号,区政府,2014-08-26,有效,统一政策发布平台,https://www.shanghai.gov.cn/zhengce/detail/0080::5_10369,
规划与土地,通知公告,区级,上海市嘉定区人民政府关于下达嘉定区2014年度集中建设区外现状低效建设用地减量化任务的通知,嘉府发〔2014〕41号,区政府,2014-08-12,有效,统一政策发布平台,https://www.shanghai.gov.cn/zhengce/detail/0080::5_10367,
规划与土地,规划与计划,区级,上海市宝山区人民政府办公室转发区规划土地局、区土地储备中心关于进一步完善宝山区土地储备和出让机制实施意见的几点补充意见的通知,宝府办〔2013〕101号,上海市宝山区人民政府办公室,2013-07-25,有效,统一政策发布平台,https://www.shanghai.gov.cn/zhengce/detail/0078::b4f03d66-53f9-40c6-b070-340b8098f34c,
规划与土地,规划与计划,市级,上海市人民政府办公厅转发市规划国土资源局、市住房保障房屋管理局关于本市公共租赁住房划拨用地抵押意见的通知,沪府办发〔2012〕72号,上海市人民政府办公厅,2012-12-20,有效,统一政策发布平台,https://www.shanghai.gov.cn/zhengce/detail/0001::0001-29397_34188,
规划与土地,政府规章,市级,上海市控制性详细规划制定办法,,上海市人民政府,,有效,市政府规章库,https://www.shanghai.gov.cn/xxzfgzwj/20210608/acb70cd64ccd419a93e353d3b20ee56c.html,docs/规划与土地/上海市控制性详细规划制定办法.md
规划与土地,政府规章,市级,上海市土地储备办法,,上海市人民政府,,有效,市政府规章库,https://www.shanghai.gov.cn/xxzfgzwj/20210608/2f30724e2b154ebe8259db8ba4445a73.html,docs/规划与土地/上海市土地储备办法.md
规划与土地,政府规章,市级,上海市城市规划管理技术规定（土地使用建筑管理）,,上海市人民政府,,有效,市政府规章库,https://www.shanghai.gov.cn/xxzfgzwj/20210608/7c162f6f13f64d9ba26f21db7a11503b.html,docs/规划与土地/上海市城市规划管理技术规定（土地使用建筑管理）.md
规划与土地,政府规章,市级,上海市测绘成果管理规定,,上海市人民政府,,有效,市政府规章库,https://www.shanghai.gov.cn/xxzfgzwj/20210608/b7ae2ae73f104748aab4ccb0d14ea4f4.html,docs/规划与土地/上海市测绘成果管理规定.md
规划与土地,规划与计划,区级,上海市青浦区人民政府办公室转发区财政局区规划土地局关于进一步明确青浦区集建区外现状建设用地减量化资金使用管理意见的通知,青府办发〔2017〕28号,上海市青浦区人民政府办公室,,有效,统一政策发布平台,https://www.shanghai.gov.cn/zhengce/detail/0083::0083510432,
规划与土地,办法,区级,上海市青浦区人民政府办公室转发区规划土地局关于青浦区土地储备成本认定暂行办法的通知,青府办发〔2016〕97号,上海市青浦区人民政府办公室,,有效,统一政策发布平台,https://www.shanghai.gov.cn/zhengce/detail/0083::0083510308,docs/规划与土地/上海市青浦区人民政府办公室转发区规划土地局关于青浦区土地储备成本认定暂行办法的通知.md
规划与土地,实施意见,其他,崇明县人民政府印发关于进一步加大整治违法用地和违法建筑力度持续推进拆旧止新工作实施方案的通知,崇府发〔2013〕20号,崇明县人民政府办公室,,有效,统一政策发布平台,https://www.shanghai.gov.cn/zhengce/detail/0085::98e09ca7-e517-4258-a366-9c59da99fab7,
建筑设计与报建,办法,市级,关于印发《上海市建设工程施工图设计文件“多图联审”管理办法》的通知,,上海市住房和城乡建设管理委员会,2026-08,有效,市住建委规范性文件,https://zjw.sh.gov.cn/gfxwj/20260807/00978e58c73143b9989ddbfa3308525b.html,docs/建筑设计与报建/关于印发《上海市建设工程施工图设计文件“多图联审”管理办法》的通知.md
建筑设计与报建,办法,市级,上海市住房和城乡建设管理委员会关于延长《上海市建设工程勘察设计单位项目主要负责人工程质量违法违规行为记分管理办法》有效期的通知,,上海市住房和城乡建设管理委员会,2026-06,有效,市住建委规范性文件,https://zjw.sh.gov.cn/gfxwj/20260604/36397fc4c31c437e8b60491e32a3817e.html,docs/建筑设计与报建/上海市住房和城乡建设管理委员会关于延长《上海市建设工程勘察设计单位项目主要负责人工程质量违法违规行为.md
建筑设计与报建,通知公告,市级,上海市住房和城乡建设管理委员会关于公布2025年上海市工程勘察设计大师培育名单的通知,沪建建管〔2026〕85号,上海市住房和城乡建设管理委员会,2026-03-10,有效,统一政策发布平台,https://www.shanghai.gov.cn/zhengce/detail/0011::4a2a652344584c50bfbc8916448f8d91,
建筑设计与报建,技术规定与导则,市级,上海市住房和城乡建设管理委员会关于批准《装配式混凝土居住建筑设计标准》为上海市工程建设规范的通知,沪建标定〔2025〕613号,上海市住房和城乡建设管理委员会,2025-12-12,有效,统一政策发布平台,https://www.shanghai.gov.cn/zhengce/detail/0011::2bddab68d3ef4d8ea8eb37b9aab40950,docs/建筑设计与报建/上海市住房和城乡建设管理委员会关于批准《装配式混凝土居住建筑设计标准》为上海市工程建设规范的通知.md
建筑设计与报建,审查与许可规则,市级,上海市住房和城乡建设管理委员会关于开展2026—2027年度上海市建设工程施工图设计文件审查机构认定工作的通知,沪建建管〔2025〕318号,上海市住房和城乡建设管理委员会,2025-06-16,有效,统一政策发布平台,https://www.shanghai.gov.cn/zhengce/detail/0011::f1e10105d8854d51abb48613a8d7345f,docs/建筑设计与报建/上海市住房和城乡建设管理委员会关于开展2026—2027年度上海市建设工程施工图设计文件审查机构认定.md
建筑设计与报建,通知公告,市级,上海市住房和城乡建设管理委员会关于印发《上海市房屋建筑施工图信息模型（BIM）交付要求》的通知,沪建建管〔2025〕290号,上海市住房和城乡建设管理委员会,2025-05-30,有效,统一政策发布平台,https://www.shanghai.gov.cn/zhengce/detail/0011::d7c39dbb0d3d4d5e87f6f2dc5b1da7cb,
建筑设计与报建,技术规定与导则,市级,上海市住房和城乡建设管理委员会关于批准《超低能耗建筑设计标准（公共建筑）》为上海市工程建设规范的通知,沪建标定〔2025〕227号,上海市住房和城乡建设管理委员会,2025-04-23,有效,统一政策发布平台,https://www.shanghai.gov.cn/zhengce/detail/0011::62a5033caf2349d1abb2f059a7807283,docs/建筑设计与报建/上海市住房和城乡建设管理委员会关于批准《超低能耗建筑设计标准（公共建筑）》为上海市工程建设规范的通知.md
建筑设计与报建,通知公告,市级,上海市住房和城乡建设管理委员会关于开展2025年上海市工程勘察设计大师培育行动的通知,沪建建管〔2025〕242号,上海市住房和城乡建设管理委员会,2025-05-06,有效,统一政策发布平台,https://www.shanghai.gov.cn/zhengce/detail/0011::d54bed795fdd4991aafe4fdd9f7262d7,
建筑设计与报建,审查与许可规则,市级,上海市住房和城乡建设管理委员会关于进一步明确本市工程建设项目施工图设计文件审查改革有关要求的通知,沪建建管〔2025〕55号,上海市住房和城乡建设管理委员会,2025-01-26,有效,统一政策发布平台,https://www.shanghai.gov.cn/zhengce/detail/0011::f100d1e962294a0da699397877684ea6,docs/建筑设计与报建/上海市住房和城乡建设管理委员会关于进一步明确本市工程建设项目施工图设计文件审查改革有关要求的通知.md
建筑设计与报建,办法,市级,上海市住房和城乡建设管理委员会关于印发《上海市建筑工程设计文件抗震设防审查管理办法》的通知,,上海市住房和城乡建设管理委员会,2024-03,有效,市住建委规范性文件,https://zjw.sh.gov.cn/gfxwj/20240329/e73493bfaec14851bc904eac1d59e9d4.html,docs/建筑设计与报建/上海市住房和城乡建设管理委员会关于印发《上海市建筑工程设计文件抗震设防审查管理办法》的通知.md
建筑设计与报建,审查与许可规则,市级,上海市住房和城乡建设管理委员会关于进一步规范和完善建筑工程施工许可审批管理工作的通知,沪建建管〔2024〕484号,上海市住房和城乡建设管理委员会,2024-09-19,有效,统一政策发布平台,https://www.shanghai.gov.cn/zhengce/detail/0011::99e62fa9be3d461d8c6758c6df875073,docs/建筑设计与报建/上海市住房和城乡建设管理委员会关于进一步规范和完善建筑工程施工许可审批管理工作的通知.md
建筑设计与报建,通知公告,市级,上海市住房和城乡建设管理委员会关于公布首届上海市工程勘察设计大师名单的通知,沪建建管〔2024〕95号,上海市住房和城乡建设管理委员会,2024-02-23,有效,统一政策发布平台,https://www.shanghai.gov.cn/zhengce/detail/0011::9faab407f8fb4fd890b29cdc34d8058c,
建筑设计与报建,规定,市级,上海市住房和城乡建设管理委员会关于印发《上海市建筑工程施工许可管理规定》的通知,,上海市住房和城乡建设管理委员会,2023-05,有效,市住建委规范性文件,https://zjw.sh.gov.cn/gfxwj/20230505/da117f03442d4751977492c7aa5062b9.html,docs/建筑设计与报建/上海市住房和城乡建设管理委员会关于印发《上海市建筑工程施工许可管理规定》的通知.md
建筑设计与报建,实施细则,市级,关于印发《上海市人防建设工程施工图设计和审查质量检查工作细则》的通知,沪国动规〔2023〕3号,上海市国防动员办公室,2023-11-29,有效,统一政策发布平台,https://www.shanghai.gov.cn/zhengce/detail/0026::6d70099434a24148947652caab4ce5c4,docs/建筑设计与报建/关于印发《上海市人防建设工程施工图设计和审查质量检查工作细则》的通知.md
建筑设计与报建,规划与计划,市级,上海市经济信息化委 市住房城乡建设管理委 市规划资源局 市房屋管理局关于规范产业园区内新建租赁住房建筑设计的通知,沪经信产〔2023〕689号,上海市经济和信息化委员会,2023-08-18,有效,统一政策发布平台,https://www.shanghai.gov.cn/zhengce/detail/0020::3cddc8f6b0824a84b0b77b9f370415ed,
建筑设计与报建,审查与许可规则,市级,上海市交通委员会关于进一步规范交通建设项目桩基工程施工许可审批的通知,沪交建〔2023〕406号,上海市交通委员会,2023-06-12,有效,统一政策发布平台,https://www.shanghai.gov.cn/zhengce/detail/0010::83fe07626bdf47e981ca4a41a9c4be15,docs/建筑设计与报建/上海市交通委员会关于进一步规范交通建设项目桩基工程施工许可审批的通知.md
建筑设计与报建,实施细则,市级,上海市交通委员会关于发布《上海市公路水运监理企业资质认定审批告知承诺实施细则》、《港口工程施工许可告知承诺实施细则》的通知,沪交建〔2022〕818号,上海市交通委员会,2022-11-18,有效,统一政策发布平台,https://www.shanghai.gov.cn/zhengce/detail/0010::725f24a574924e9e9a6583698b92f313,docs/建筑设计与报建/上海市交通委员会关于发布《上海市公路水运监理企业资质认定审批告知承诺实施细则》、《港口工程施工许可告.md
建筑设计与报建,办法,市级,上海市住房和城乡建设管理委员会关于印发《上海市工程勘察设计大师培育选树管理办法（试行）》的通知,沪建建管〔2022〕579号,上海市住房和城乡建设管理委员会,2022-11-02,有效,统一政策发布平台,https://www.shanghai.gov.cn/zhengce/detail/0011::1d6d8cb6e2694d78bb29691cbdf853a9,docs/建筑设计与报建/上海市住房和城乡建设管理委员会关于印发《上海市工程勘察设计大师培育选树管理办法（试行）》的通知.md
建筑设计与报建,通知公告,市级,上海市住房和城乡建设管理委员会关于批准《装配式建筑工程设计文件编制深度标准》为上海市工程建设规范的通知,沪建标定〔2022〕86号,上海市住房和城乡建设管理委员会,2022-01-29,有效,统一政策发布平台,https://www.shanghai.gov.cn/zhengce/detail/0011::d084d33bd0f34f7481ba0aef59c6ef97,
建筑设计与报建,办法,市级,关于印发《上海市在沪建设工程勘察设计企业信用评价管理办法（试行）》的通知,,上海市住房和城乡建设管理委员会,2021-11,有效,市住建委规范性文件,https://zjw.sh.gov.cn/gfxwj/20211104/fb267dd987094e008e7c4e7f65234274.html,docs/建筑设计与报建/关于印发《上海市在沪建设工程勘察设计企业信用评价管理办法（试行）》的通知.md
建筑设计与报建,办法,市级,上海市住房和城乡建设管理委员会关于印发《上海市建设工程勘察设计单位项目主要负责人工程质量违法违规行为记分管理办法》的通知,,上海市住房和城乡建设管理委员会,2021-09,有效,市住建委规范性文件,https://zjw.sh.gov.cn/gfxwj/20210930/0ed5658e5dd24edba5ad53b479359436.html,docs/建筑设计与报建/上海市住房和城乡建设管理委员会关于印发《上海市建设工程勘察设计单位项目主要负责人工程质量违法违规行为.md
建筑设计与报建,通知公告,市级,上海市住房和城乡建设管理委员会关于印发《上海市在沪建设工程勘察设计企业信用评价标准（试行）（2021版）》的通知,沪建建管〔2021〕678号,上海市住房和城乡建设管理委员会,2021-10-27,有效,统一政策发布平台,https://www.shanghai.gov.cn/zhengce/detail/0011::820d08406e5846f187c4e1d2db81e67c,
建筑设计与报建,办法,市级,上海市生态环境局、市住房城乡建设管理委、市交通委、市公安局、市城管执法局关于印发《上海市建设工程夜间施工许可和备案审查管理办法》的通知,沪环规〔2021〕16号,上海市生态环境局,2021-09-03,有效,统一政策发布平台,https://www.shanghai.gov.cn/zhengce/detail/0024::44b7f981638d4ef1bd595fb232d8c1e1,docs/建筑设计与报建/上海市生态环境局、市住房城乡建设管理委、市交通委、市公安局、市城管执法局关于印发《上海市建设工程夜间.md
建筑设计与报建,通知公告,市级,关于进一步规范既有多层住宅加装电梯建筑方案设计工作的通知,沪房更新〔2021〕110号,上海市房屋管理局,2021-07-23,有效,统一政策发布平台,https://www.shanghai.gov.cn/zhengce/detail/0013::57bb810d25f44426ba03532a87ca8183,
建筑设计与报建,审查与许可规则,市级,市发展改革委关于开展政府投资城市基础设施部分节点项目可行性研究报告（初步设计深度）审批改革试点工作的通知,沪发改投〔2021〕114号,上海市发展和改革委员会,2021-06-25,有效,统一政策发布平台,https://www.shanghai.gov.cn/zhengce/detail/0025::608bff2d14e24cf1b6f85311c6d7192b,docs/建筑设计与报建/市发展改革委关于开展政府投资城市基础设施部分节点项目可行性研究报告（初步设计深度）审批改革试点工作的.md
建筑设计与报建,办法,区级,关于印发《宝山区工程建设项目初步设计审查管理办法》的通知,宝建〔2021〕12号,上海市宝山区建设和管理委员会,2021-03-11,有效,统一政策发布平台,https://www.shanghai.gov.cn/zhengce/detail/0078::0f29717f-1332-4cca-b5f4-f2e1ad66263a,docs/建筑设计与报建/关于印发《宝山区工程建设项目初步设计审查管理办法》的通知.md
建筑设计与报建,办法,市级,关于延长《上海市建设工程初步(总体)设计文件抗震设防审查管理办法》有效期的通知,,上海市住房和城乡建设管理委员会,2020-11,有效,市住建委规范性文件,https://zjw.sh.gov.cn/gfxwj/20201110/2fed439d12cb4f8ab5fafc0660b7940e.html,docs/建筑设计与报建/关于延长《上海市建设工程初步(总体)设计文件抗震设防审查管理办法》有效期的通知.md
建筑设计与报建,实施细则,市级,关于延长《上海市建筑工程施工许可管理实施细则》有效期的通知,,上海市住房和城乡建设管理委员会,2020-07,有效,市住建委规范性文件,https://zjw.sh.gov.cn/gfxwj/20200708/8245fd288dec4b8e8e5b4349ea31aa28.html,docs/建筑设计与报建/关于延长《上海市建筑工程施工许可管理实施细则》有效期的通知.md
建筑设计与报建,审查与许可规则,其他,关于印发临港新片区施工许可告知承诺制实施方案（试行）的通知,沪自贸临管委〔2020〕574号,中国（上海）自由贸易试验区临港新片区管理委员会,2020-07-30,有效,统一政策发布平台,https://www.shanghai.gov.cn/zhengce/detail/0058::9235a5c4686d49e5bc81745b50c4540a,docs/建筑设计与报建/关于印发临港新片区施工许可告知承诺制实施方案（试行）的通知.md
建筑设计与报建,通知公告,市级,关于规范既有多层住宅加装电梯建筑方案设计工作的通知,沪房更新〔2020〕39号,上海市房屋管理局,2020-04-15,有效,统一政策发布平台,https://www.shanghai.gov.cn/zhengce/detail/0013::746df86a540241f9aa7e754685944a07,
工程建设管理,办法,市级,上海市住房和城乡建设管理委员会关于印发《上海市建设工程消防设计审查验收技术服务管理办法》的通知,,上海市住房和城乡建设管理委员会,2026-07,有效,市住建委规范性文件,https://zjw.sh.gov.cn/gfxwj/20260717/1968b31dd3d340d3a0d6f9f072750d1d.html,docs/工程建设管理/上海市住房和城乡建设管理委员会关于印发《上海市建设工程消防设计审查验收技术服务管理办法》的通知.md
工程建设管理,通知公告,市级,上海市住房和城乡建设管理委员会关于印发《上海市建设工程行政处罚裁量基准（2026年版）》的通知,,上海市住房和城乡建设管理委员会,2026-07,有效,市住建委规范性文件,https://zjw.sh.gov.cn/gfxwj/20260714/3f8278348c2d42d7a12c7d21b0a7fb57.html,
工程建设管理,规定,市级,上海市住房和城乡建设管理委员会关于印发《上海市装配式混凝土建筑工程质量管理规定》的通知,,上海市住房和城乡建设管理委员会,2026-04,有效,市住建委规范性文件,https://zjw.sh.gov.cn/gfxwj/20260407/6ec441a8c774415da7b9076487ffdaa4.html,docs/工程建设管理/上海市住房和城乡建设管理委员会关于印发《上海市装配式混凝土建筑工程质量管理规定》的通知.md
工程建设管理,办法,市级,上海市住房和城乡建设管理委员会关于印发《建设工程施工现场关键岗位人员到岗履职人脸识别考勤管理办法》的通知,,上海市住房和城乡建设管理委员会,2026-04,有效,市住建委规范性文件,https://zjw.sh.gov.cn/gfxwj/20260407/583b7bc70ecc405c92d73757e057cec3.html,docs/工程建设管理/上海市住房和城乡建设管理委员会关于印发《建设工程施工现场关键岗位人员到岗履职人脸识别考勤管理办法》的.md
工程建设管理,通知公告,市级,上海市发展和改革委员会关于车用汽、柴油价格的通知（2026年9月11日）,沪发改价管〔2026〕39号,上海市发展和改革委员会,2026-09-11,有效,统一政策发布平台,https://www.shanghai.gov.cn/zhengce/detail/0025::9aaae46f75e24072bfc5ac52742d2642,
工程建设管理,办法,市级,关于延长《上海市建筑师负责制扩大试点实施办法（试行）》有效期的通知,沪建建管联〔2026〕345号,上海市住房和城乡建设管理委员会,2026-08-17,有效,统一政策发布平台,https://www.shanghai.gov.cn/zhengce/detail/0011::a3e6850980634028a4b1bb63d19895b0,docs/工程建设管理/关于延长《上海市建筑师负责制扩大试点实施办法（试行）》有效期的通知.md
工程建设管理,通知公告,市级,关于我市居民瓶装液化石油气基准价的通知,沪发改价管〔2026〕38号,上海市发展和改革委员会,2026-09-09,有效,统一政策发布平台,https://www.shanghai.gov.cn/zhengce/detail/0025::c3c96f13d4a240cd89d7d82d3cd46705,
工程建设管理,通知公告,市级,关于进一步完善我市殡葬服务收费政策的通知,沪发改价调〔2026〕49号,上海市发展和改革委员会,2026-09-02,有效,统一政策发布平台,https://www.shanghai.gov.cn/zhengce/detail/0025::6ca01d3529a74c79b702c87304f402e8,
工程建设管理,实施意见,市级,关于印发《关于开展本市建设工程档案“单套制”管理试点工作方案》的通知,沪规划资源行〔2026〕264号,上海市规划和自然资源局,2026-08-28,有效,统一政策发布平台,https://www.shanghai.gov.cn/zhengce/detail/0032::89806e94e1e1411ab05a71a96f04cf66,
工程建设管理,通知公告,市级,关于组织开展本市第五批资源循环利用企业发展名单申报及有关工作的通知,沪发改环资〔2026〕126号,上海市发展和改革委员会,2026-08-26,有效,统一政策发布平台,https://www.shanghai.gov.cn/zhengce/detail/0025::192f8777ccf34022a39e0d7d52d42f3d,
工程建设管理,通知公告,市级,关于调整本市非居民用户天然气销售基准价格的通知,沪发改价管〔2026〕34号,上海市发展和改革委员会,2026-08-23,有效,统一政策发布平台,https://www.shanghai.gov.cn/zhengce/detail/0025::ff48b7810fbb47138bb9764f160ddbd7,
工程建设管理,通知公告,市级,关于我市开展气电价格联动调整有关事项的通知,沪发改价管〔2026〕35号,上海市发展和改革委员会,2026-08-25,有效,统一政策发布平台,https://www.shanghai.gov.cn/zhengce/detail/0025::68e1bc7ab30045da9bccbe9610f447f4,
工程建设管理,规划与计划,区级,关于印发《长宁区节能降碳和循环经济发展“十五五”规划》的通知,长发改 〔2026〕35号,上海市长宁区发展和改革委员会,2026-08-27,有效,统一政策发布平台,https://www.shanghai.gov.cn/zhengce/detail/0074::007482249,
工程建设管理,通知公告,区级,关于印发《松江区2026年碳达峰碳中和及节能减排重点工作安排》的通知,松发改字〔2026〕166号,上海市松江区发展和改革委员会,2026-08-20,有效,统一政策发布平台,https://www.shanghai.gov.cn/zhengce/detail/0082::60473f83-89df-4ac6-a192-bc38c89a4025,
工程建设管理,办法,区级,关于印发《松江区水利工程建设项目管理办法》的通知,沪松水〔2026〕96号,上海市松江区水务局,2026-08-20,有效,统一政策发布平台,https://www.shanghai.gov.cn/zhengce/detail/0082::62ddc370-be64-4566-987a-a20a98b5ba65,docs/工程建设管理/关于印发《松江区水利工程建设项目管理办法》的通知.md
工程建设管理,技术规定与导则,市级,上海市住房和城乡建设管理委员会关于批准《地质灾害危险性评估技术标准》为上海市工程建设规范的通知,沪建标定〔2026〕343号,上海市住房和城乡建设管理委员会,2026-08-10,有效,统一政策发布平台,https://www.shanghai.gov.cn/zhengce/detail/0011::b9bd3426b3d24417b01d85c1fef2be11,docs/工程建设管理/上海市住房和城乡建设管理委员会关于批准《地质灾害危险性评估技术标准》为上海市工程建设规范的通知.md
工程建设管理,实施意见,市级,关于印发《上海市贯彻落实〈关于进一步促进民间投资发展的若干措施〉的行动方案》的通知,沪发改投〔2026〕127号,上海市发展和改革委员会,2026-07-17,有效,统一政策发布平台,https://www.shanghai.gov.cn/zhengce/detail/0025::fbe4be5464a54ca39983cea957387788,
工程建设管理,办法,区级,关于废止行政规范性文件《崇明区创新型企业总部认定和奖励管理办法》的通知,沪崇发改规〔2026〕2号,上海市崇明区发展和改革委员会,2026-08-06,有效,统一政策发布平台,https://www.shanghai.gov.cn/zhengce/detail/0085::test_bb7a3a9b-0132-457b-acdb-6e92548dd201,docs/工程建设管理/关于废止行政规范性文件《崇明区创新型企业总部认定和奖励管理办法》的通知.md
工程建设管理,办法,区级,关于印发修订后的《黄浦区政府投资基金管理办法》的通知,黄发改规〔2026〕2号,上海市黄浦区发展和改革委员会,2026-07-31,有效,统一政策发布平台,https://www.shanghai.gov.cn/zhengce/detail/0071::ac47d16e-cf00-46a8-a81c-c7858c3510a8,docs/工程建设管理/关于印发修订后的《黄浦区政府投资基金管理办法》的通知.md
工程建设管理,技术规定与导则,市级,上海市住房和城乡建设管理委员会关于批准《城镇排水泵站设计标准》为上海市工程建设规范的通知,沪建标定〔2026〕330号,上海市住房和城乡建设管理委员会,2026-08-05,有效,统一政策发布平台,https://www.shanghai.gov.cn/zhengce/detail/0011::bb6f254d99284cf99de00071c33826c7,docs/工程建设管理/上海市住房和城乡建设管理委员会关于批准《城镇排水泵站设计标准》为上海市工程建设规范的通知.md
工程建设管理,规划与计划,市级,关于印发《上海市促进民营经济发展“十五五”规划》的通知,沪发改民营〔2026〕4号,上海市发展和改革委员会,2026-07-21,有效,统一政策发布平台,https://www.shanghai.gov.cn/zhengce/detail/0025::f64066a24034473aa7826b94852cbf60,
工程建设管理,通知公告,市级,上海市交通委员会关于组织申报2026年二季度调整优化航运集疏运结构项目资金的通知,沪交航〔2026〕336号,上海市交通委员会,2026-07-28,有效,统一政策发布平台,https://www.shanghai.gov.cn/zhengce/detail/0010::383bdd7c8cd04167b427f1ba3fb96566,
工程建设管理,办法,街镇级,关于印发《上海市轨道交通20号线工程一期东段及东延伸工程广灵二路站工程建设项目房屋征收地块中特殊生活困难对象补助办法》的通知,虹广街〔2026〕9号,上海市虹口区人民政府广中路街道办事处,2026-07-27,有效,统一政策发布平台,https://www.shanghai.gov.cn/zhengce/detail/0076::ca3f1594-b338-4523-85df-5c7a51b6a911,docs/工程建设管理/关于印发《上海市轨道交通20号线工程一期东段及东延伸工程广灵二路站工程建设项目房屋征收地块中特殊生活.md
工程建设管理,规划与计划,市级,关于下达本市2026年节能减排专项资金和超长期特别国债资金安排计划（第十一批）的通知,沪发改环资〔2026〕109号,上海市发展和改革委员会,2026-07-22,有效,统一政策发布平台,https://www.shanghai.gov.cn/zhengce/detail/0025::8c9cda19b7504d7c9d0f755021f2d365,
工程建设管理,实施细则,市级,关于印发《上海市2026年落实国家老旧营运货车报废更新工作实施细则》的通知,沪交货〔2026〕297号,上海市交通委员会,2026-07-23,有效,统一政策发布平台,https://www.shanghai.gov.cn/zhengce/detail/0010::6f6a9c6937704c678252b4c7ea3a88c8,docs/工程建设管理/关于印发《上海市2026年落实国家老旧营运货车报废更新工作实施细则》的通知.md
工程建设管理,实施意见,市级,关于印发《上海市绿电直连有序发展工作方案》的通知,沪发改能源〔2026〕140号,上海市发展和改革委员会,2026-07-17,有效,统一政策发布平台,https://www.shanghai.gov.cn/zhengce/detail/0025::cbffa8f901214782b0f32856e860662c,
工程建设管理,实施细则,区级,关于印发《松江区燃气工程建设管理实施细则》的通知,沪松建管规〔2026〕1号,上海市松江区建设和管理委员会,2026-07-20,有效,统一政策发布平台,https://www.shanghai.gov.cn/zhengce/detail/0082::2f5d597a-4f83-4006-aad8-a1ff6ed396ec,docs/工程建设管理/关于印发《松江区燃气工程建设管理实施细则》的通知.md
工程建设管理,技术规定与导则,市级,上海市住房和城乡建设管理委员会关于批准《装配式外挂墙板应用技术标准》为上海市工程建设规范的通知,沪建标定〔2026〕294号,上海市住房和城乡建设管理委员会,2026-07-01,有效,统一政策发布平台,https://www.shanghai.gov.cn/zhengce/detail/0011::8d4bff46a30d4de280e319f8332cc898,docs/工程建设管理/上海市住房和城乡建设管理委员会关于批准《装配式外挂墙板应用技术标准》为上海市工程建设规范的通知.md
工程建设管理,审查与许可规则,市级,上海市住房和城乡建设管理委员会关于开展BIM辅助综合竣工验收的通知,沪建建管〔2026〕293号,上海市住房和城乡建设管理委员会,2026-07-01,有效,统一政策发布平台,https://www.shanghai.gov.cn/zhengce/detail/0011::ae9330e3f9a3428588a413d192f2a0f7,docs/工程建设管理/上海市住房和城乡建设管理委员会关于开展BIM辅助综合竣工验收的通知.md
工程建设管理,办法,市级,关于印发《上海市国有企业采购纳入市公共资源交易平台体系实施办法》的通知,沪发改法〔2026〕1号,上海市发展和改革委员会,2026-01-15,有效,统一政策发布平台,https://www.shanghai.gov.cn/zhengce/detail/0025::63e33512131d4b749a7075bfc3af5121,docs/工程建设管理/关于印发《上海市国有企业采购纳入市公共资源交易平台体系实施办法》的通知.md
工程建设管理,办法,市级,市生态环境局、市住房城乡建设管理委、市水务局、市交通委、市公安局、市城管执法局关于印发《上海市建设工程夜间施工作业证明管理办法》的通知,沪环规〔2026〕5号,上海市生态环境局,2026-07-07,有效,统一政策发布平台,https://www.shanghai.gov.cn/zhengce/detail/0024::88c480e139424317a6c7f0ac63502d16,docs/工程建设管理/市生态环境局、市住房城乡建设管理委、市水务局、市交通委、市公安局、市城管执法局关于印发《上海市建设工.md
工程建设管理,规划与计划,区级,关于印发《松江区综合交通发展“十五五”规划》的通知,沪松交〔2026〕104号,上海市松江区交通委员会,2026-07-07,有效,统一政策发布平台,https://www.shanghai.gov.cn/zhengce/detail/0082::601cb072-5b55-4e1e-9a62-20174cdce0ed,
工程建设管理,审查与许可规则,市级,关于开展本市“十四五”园区循环化改造验收工作的通知,沪发改环资〔2026〕105号,上海市发展和改革委员会,2026-07-01,有效,统一政策发布平台,https://www.shanghai.gov.cn/zhengce/detail/0025::9780bd1796064c61b8a39ae18baca045,docs/工程建设管理/关于开展本市“十四五”园区循环化改造验收工作的通知.md
工程建设管理,通知公告,区级,关于开展2026年度杨浦区工程总承包、全过程工程咨询政策申报的通知,杨科经〔2026〕13号,上海市杨浦区科技和经济委员会,2026-07-03,有效,统一政策发布平台,https://www.shanghai.gov.cn/zhengce/detail/0077::00773563,
工程建设管理,办法,市级,关于印发《上海市节能降碳减排专项资金管理办法》的通知,沪发改规范〔2026〕4号,上海市发展和改革委员会,2026-07-01,有效,统一政策发布平台,https://www.shanghai.gov.cn/zhengce/detail/0025::8f141209dfd04eb4af1c8eb6c43e0d20,docs/工程建设管理/关于印发《上海市节能降碳减排专项资金管理办法》的通知.md
工程建设管理,通知公告,市级,关于转发《国家能源局综合司关于组织开展地热能高质量开发利用试点工作的通知》的函,沪发改能源〔2026〕118号,上海市发展和改革委员会,2026-06-26,有效,统一政策发布平台,https://www.shanghai.gov.cn/zhengce/detail/0025::18539c8d03aa4ca48c28cc6d2848420c,
工程建设管理,规划与计划,区级,关于印发《松江区水系统治理“十五五”规划》的通知,沪松水〔2026〕83号,上海市松江区水务局,2026-06-30,有效,统一政策发布平台,https://www.shanghai.gov.cn/zhengce/detail/0082::dd5a0cf0-ba38-45fd-9a33-8232645f8f10,
工程建设管理,通知公告,市级,关于本市7-8月非居民用户天然气销售基准价格暂不调整的通知,沪发改价管〔2026〕27号,上海市发展和改革委员会,2026-06-25,有效,统一政策发布平台,https://www.shanghai.gov.cn/zhengce/detail/0025::dec167d26a5c4ec092ecefc4929c7db4,
工程建设管理,通知公告,市级,上海市交通委员会关于申报2026年上海市交通节能减排专项扶持资金的通知,沪交科〔2026〕279号,上海市交通委员会,2026-06-23,有效,统一政策发布平台,https://www.shanghai.gov.cn/zhengce/detail/0010::a482e0536264406b9158bce80767db6d,
工程建设管理,规划与计划,区级,关于印发《松江区节能降碳“十五五”规划》的通知,松发改字〔2026〕105号,上海市松江区发展和改革委员会,2026-06-22,有效,统一政策发布平台,https://www.shanghai.gov.cn/zhengce/detail/0082::8569d55d-cf6a-456f-885d-20b66d5ee2aa,
工程建设管理,实施意见,市级,关于印发《关于促进上海市海关特殊监管区域转型升级高质量发展的若干措施》的通知,沪发改开放〔2026〕192号,上海市发展和改革委员会,2026-05-28,有效,统一政策发布平台,https://www.shanghai.gov.cn/zhengce/detail/0025::cf6068fe572541aca76716f2aaedea94,
工程建设管理,实施细则,市级,关于印发《上海市水预算管理试点实施细则（试行）》的通知,沪水务〔2026〕100号,上海市水务局,2026-06-10,有效,统一政策发布平台,https://www.shanghai.gov.cn/zhengce/detail/0004::0ad2e87b30fb496f88dc98a9ae7d233f,docs/工程建设管理/关于印发《上海市水预算管理试点实施细则（试行）》的通知.md
工程建设管理,办法,区级,关于印发《黄浦区中小微企业贷款贴息支持办法》的通知,黄发改规〔2026〕1号,上海市黄浦区发展和改革委员会,2026-06-02,有效,统一政策发布平台,https://www.shanghai.gov.cn/zhengce/detail/0071::90584390-6455-4585-979a-ca56a5f42735,docs/工程建设管理/关于印发《黄浦区中小微企业贷款贴息支持办法》的通知.md
工程建设管理,通知公告,市级,关于组织开展2025年度上海市重点单位报送能源利用状况报告和温室气体排放报告以及能耗、碳排放总量和强度双控目标评价考核等相关工作的通知,沪发改环资〔2026〕89号,上海市发展和改革委员会,2026-06-08,有效,统一政策发布平台,https://www.shanghai.gov.cn/zhengce/detail/0025::d820c5a62907452b90c593a353907f91,
工程建设管理,规划与计划,市级,上海市住房和城乡建设管理委员会 上海市规划和自然资源局关于印发《上海市加快打造工程建设领域国际一流营商环境行动方案（2026年）》的通知,沪建建管联〔2026〕188号,上海市住房和城乡建设管理委员会,2026-05-11,有效,统一政策发布平台,https://www.shanghai.gov.cn/zhengce/detail/0011::9f5eb2169960433ab2fc4e4fbecc7e29,
工程建设管理,实施意见,市级,关于印发《第四届“新徽道杯”长三角智能交通创新技术应用大赛上海赛区工作方案》的通知,沪交科〔2026〕213号,上海市交通委员会,2026-05-25,有效,统一政策发布平台,https://www.shanghai.gov.cn/zhengce/detail/0010::2977a14b44b24af5a320572a67863dea,
工程建设管理,实施细则,市级,上海市应急管理局 国家金融监督管理总局上海监管局 中共上海市委金融委员会办公室关于印发《上海市危险化学品、烟花爆竹和金属冶炼行业领域安全生产责任保险实施细则》的通知,沪应急行规〔2026〕1号,上海市应急管理局,2026-05-18,有效,统一政策发布平台,https://www.shanghai.gov.cn/zhengce/detail/0037::83c40285f8d74cc5bfb8a1a0dc44cae6,docs/工程建设管理/上海市应急管理局 国家金融监督管理总局上海监管局 中共上海市委金融委员会办公室关于印发《上海市危险化.md
工程建设管理,通知公告,区级,上海市松江区建设和管理委员会关于发布《松江区2026年建筑师负责制试点项目清单》的通知,沪松建管〔2026〕49号,上海市松江区建设和管理委员会,2026-05-20,有效,统一政策发布平台,https://www.shanghai.gov.cn/zhengce/detail/0082::eb025ab3-d95a-4d16-839f-2bcd2c4ddf58,
工程建设管理,通知公告,市级,关于我市宗教场所和监狱监房生活用水、用电、用气执行居民价格的通知,沪发改价管〔2026〕22号,上海市发展和改革委员会,2026-05-12,有效,统一政策发布平台,https://www.shanghai.gov.cn/zhengce/detail/0025::d46b2ca9d43f45baac66c22f547b1553,
工程建设管理,通知公告,区级,关于开展2026年第二批静安区服务业发展引导资金项目申报工作的通知,,上海市静安区发展和改革委员会,2026-05-18,有效,统一政策发布平台,https://www.shanghai.gov.cn/zhengce/detail/0072::117b6400-28b1-4035-8fc1-3e28685f8668,
工程建设管理,通知公告,区级,静安区关于开展2026年第二批上海市服务业发展引导资金项目申报工作的通知,,上海市静安区发展和改革委员会,2026-05-18,有效,统一政策发布平台,https://www.shanghai.gov.cn/zhengce/detail/0072::5fc7fdb1-fcb9-4c39-9c24-90112b76b73a,
工程建设管理,实施意见,市级,关于印发《上海市培育交通物流经营主体实施方案》的通知,沪交货〔2026〕101号,上海市交通委员会,2026-05-12,有效,统一政策发布平台,https://www.shanghai.gov.cn/zhengce/detail/0010::f187e707907649d8b4f3c045ea35e88e,
工程建设管理,其他,市级,上海市交通委员会关于公布上海市内河部分高等级航道桥区水域范围的通告,沪交海〔2026〕194号,上海市交通委员会,2026-05-08,有效,统一政策发布平台,https://www.shanghai.gov.cn/zhengce/detail/0010::ef7eb23b2b344d99b04d4164ab758237,
工程建设管理,通知公告,市级,关于2026年度上海市海外知识产权纠纷应对风险预警体系建设工程项目申报工作的通知,沪知局保〔2026〕5号,上海市知识产权局,2026-05-07,有效,统一政策发布平台,https://www.shanghai.gov.cn/zhengce/detail/0005::782a25cd4b17482da4c3cbc974d000eb,
工程建设管理,通知公告,市级,关于重点推进2026年优化营商环境“十大攻坚突破任务”的通知,沪发改营商〔2026〕6号,上海市发展和改革委员会,2026-05-06,有效,统一政策发布平台,https://www.shanghai.gov.cn/zhengce/detail/0025::225444a3d18c4af8be087aa089c41371,
工程建设管理,办法,区级,上海市杨浦区应急管理局   上海市杨浦区财政局关于印发《杨浦区应急管理局安全生产举报奖励办法（试行）》的通知,杨应急行规〔2026〕1号,上海市杨浦区应急管理局,2026-04-29,有效,统一政策发布平台,https://www.shanghai.gov.cn/zhengce/detail/0077::00772825,docs/工程建设管理/上海市杨浦区应急管理局 上海市杨浦区财政局关于印发《杨浦区应急管理局安全生产举报奖励办法（试行）》的.md
工程建设管理,办法,区级,关于印发《上海市崇明区发展和改革委员会委托投资咨询评估管理办法》的通知,沪崇发改规〔2026〕1号,上海市崇明区发展和改革委员会,2026-04-14,有效,统一政策发布平台,https://www.shanghai.gov.cn/zhengce/detail/0085::test_bd03bcd5-31ab-4ea5-a595-d49e722cda7d,docs/工程建设管理/关于印发《上海市崇明区发展和改革委员会委托投资咨询评估管理办法》的通知.md
工程建设管理,办法,市级,上海市交通委员会关于印发《上海市出租汽车企业车辆经营权管理办法（试行）》的通知,沪交行规〔2026〕7号,上海市交通委员会,2026-04-14,有效,统一政策发布平台,https://www.shanghai.gov.cn/zhengce/detail/0010::56756e50f11e44b5a04ad5c5603cf5e2,docs/工程建设管理/上海市交通委员会关于印发《上海市出租汽车企业车辆经营权管理办法（试行）》的通知.md
工程建设管理,办法,市级,上海市交通委员会关于印发《上海市交通行业安全生产风险管理办法》的通知,沪交行规〔2026〕4号,上海市交通委员会,2026-04-08,有效,统一政策发布平台,https://www.shanghai.gov.cn/zhengce/detail/0010::4a54a9a1b833483f952def4c8015478e,docs/工程建设管理/上海市交通委员会关于印发《上海市交通行业安全生产风险管理办法》的通知.md
工程建设管理,通知公告,市级,上海市交通委员会关于印发《上海市交通领域持续优化营商环境行动方案（2026年）》的通知,沪交综〔2026〕149号,上海市交通委员会,2026-04-15,有效,统一政策发布平台,https://www.shanghai.gov.cn/zhengce/detail/0010::ae3f473bd7a043f2857afae6387d25a2,
工程建设管理,其他,区级,2026年静安区打造出海服务平台专项资金申报指南（第一批）,,上海市静安区发展和改革委员会,2026-04-23,有效,统一政策发布平台,https://www.shanghai.gov.cn/zhengce/detail/0072::55920929-090c-4fc0-bed7-8fd666cc8d2e,
工程建设管理,实施意见,区级,上海市松江区城市管理行政执法局关于印发 《关于推进2026年度松江区违法建筑治理工作的实施方案》的通知,沪松城执〔2026〕3号,上海市松江区城市管理行政执法局,2026-04-22,有效,统一政策发布平台,https://www.shanghai.gov.cn/zhengce/detail/0082::099f3e64-372d-4827-b742-bb9346ece661,
工程建设管理,通知公告,区级,关于印发《静安区2026年碳达峰碳中和及节能减排重点工作安排》的通知,静发改委〔2026〕11号,上海市静安区发展和改革委员会,2026-04-17,有效,统一政策发布平台,https://www.shanghai.gov.cn/zhengce/detail/0072::4acafeac-0a6e-46de-841b-4ffb6f6682a7,
工程建设管理,通知公告,市级,关于印发《上海市2026年碳达峰碳中和及节能减排重点工作安排》的通知,沪发改环资〔2026〕57号,上海市发展和改革委员会,2026-04-15,有效,统一政策发布平台,https://www.shanghai.gov.cn/zhengce/detail/0025::28bc161eae9049b9853ea0e5c6b7305f,
工程建设管理,通知公告,市级,上海市交通委员会关于开展2026年上海市促进现代航运服务业创新项目申报的通知,沪交航〔2026〕151号,上海市交通委员会,2026-04-15,有效,统一政策发布平台,https://www.shanghai.gov.cn/zhengce/detail/0010::81ecf7a21d6748a79af1c93f63e4aba3,
工程建设管理,通知公告,市级,关于开展2026年上海市地理标志保护工程建设项目申报工作的通知,沪知局保〔2026〕4号,上海市知识产权局,2026-04-14,有效,统一政策发布平台,https://www.shanghai.gov.cn/zhengce/detail/0005::4c0b72c72eb3461d9306474b34afa30b,
工程建设管理,通知公告,市级,关于我市事业单位性质殡葬服务机构用水、用电执行居民价格的通知,沪发改价管〔2026〕16号,上海市发展和改革委员会,2026-04-13,有效,统一政策发布平台,https://www.shanghai.gov.cn/zhengce/detail/0025::7c1e2dd1573b4989bd71a33a59102776,
工程建设管理,审查与许可规则,市级,上海市住房和城乡建设管理委员会关于批准《房屋修缮工程施工质量验收标准》为上海市工程建设规范的通知,沪建标定〔2026〕148号,上海市住房和城乡建设管理委员会,2026-04-14,有效,统一政策发布平台,https://www.shanghai.gov.cn/zhengce/detail/0011::4b8d3f626249441b9d040e08a0ca729d,docs/工程建设管理/上海市住房和城乡建设管理委员会关于批准《房屋修缮工程施工质量验收标准》为上海市工程建设规范的通知.md
工程建设管理,技术规定与导则,市级,上海市住房和城乡建设管理委员会关于批准《城镇排水管道设计标准》为上海市工程建设规范的通知,沪建标定〔2026〕140号,上海市住房和城乡建设管理委员会,2026-04-13,有效,统一政策发布平台,https://www.shanghai.gov.cn/zhengce/detail/0011::51337c9d8b0148f1ae994edafdf084ab,docs/工程建设管理/上海市住房和城乡建设管理委员会关于批准《城镇排水管道设计标准》为上海市工程建设规范的通知.md
工程建设管理,通知公告,市级,上海市住房和城乡建设管理委员会关于批准《城市轨道交通结构监护测量标准》为上海市工程建设规范的通知,沪建标定〔2026〕139号,上海市住房和城乡建设管理委员会,2026-04-13,有效,统一政策发布平台,https://www.shanghai.gov.cn/zhengce/detail/0011::219abd40fd70448bbb4fe12132235d07,
工程建设管理,通知公告,市级,上海市住房和城乡建设管理委员会关于批准《民用建筑可再生能源综合利用核算标准》为上海市工程建设规范的通知,沪建标定〔2026〕138号,上海市住房和城乡建设管理委员会,2026-04-13,有效,统一政策发布平台,https://www.shanghai.gov.cn/zhengce/detail/0011::ce853583a4a2456b9a8f12b261b282d5,
工程建设管理,办法,区级,上海市松江区发展和改革委员会 上海市松江区财政局关于印发《松江区政府投资项目代理建设管理办法》的通知,松发改规〔2026〕1号,上海市松江区发展和改革委员会,2026-04-08,有效,统一政策发布平台,https://www.shanghai.gov.cn/zhengce/detail/0082::9275197a-3728-44b8-8824-25712c567e6c,docs/工程建设管理/上海市松江区发展和改革委员会 上海市松江区财政局关于印发《松江区政府投资项目代理建设管理办法》的通知.md
工程建设管理,技术规定与导则,市级,上海市住房和城乡建设管理委员会关于批准《城市轨道交通工程车辆选型技术标准》为上海市工程建设规范的通知,沪建标定〔2026〕128号,上海市住房和城乡建设管理委员会,2026-04-02,有效,统一政策发布平台,https://www.shanghai.gov.cn/zhengce/detail/0011::3e0a32a9878a446b88ad0b10c5af2637,docs/工程建设管理/上海市住房和城乡建设管理委员会关于批准《城市轨道交通工程车辆选型技术标准》为上海市工程建设规范的通知.md
工程建设管理,技术规定与导则,市级,上海市住房和城乡建设管理委员会关于批准《地下空间一体化设计标准》为上海市工程建设规范的通知,沪建标定〔2026〕127号,上海市住房和城乡建设管理委员会,2026-04-02,有效,统一政策发布平台,https://www.shanghai.gov.cn/zhengce/detail/0011::862d772bfc46428db93c8202b54ea601,docs/工程建设管理/上海市住房和城乡建设管理委员会关于批准《地下空间一体化设计标准》为上海市工程建设规范的通知.md
工程建设管理,技术规定与导则,市级,上海市住房和城乡建设管理委员会关于批准《城市综合管廊维护技术标准》为上海市工程建设规范的通知,沪建标定〔2026〕126号,上海市住房和城乡建设管理委员会,2026-04-02,有效,统一政策发布平台,https://www.shanghai.gov.cn/zhengce/detail/0011::b8a37e4ab5ca4a20912cb2b068f98acd,docs/工程建设管理/上海市住房和城乡建设管理委员会关于批准《城市综合管廊维护技术标准》为上海市工程建设规范的通知.md
工程建设管理,通知公告,市级,上海市住房和城乡建设管理委员会关于批准《地下连续墙施工标准》为上海市工程建设规范的通知,沪建标定〔2026〕125号,上海市住房和城乡建设管理委员会,2026-04-02,有效,统一政策发布平台,https://www.shanghai.gov.cn/zhengce/detail/0011::84c8013b19f64b68ad0de6c4bd82da85,
工程建设管理,技术规定与导则,市级,上海市住房和城乡建设管理委员会关于批准《工程物探技术标准》为上海市工程建设规范的通知,沪建标定〔2026〕124号,上海市住房和城乡建设管理委员会,2026-04-02,有效,统一政策发布平台,https://www.shanghai.gov.cn/zhengce/detail/0011::e8aa16c92814422bb798a21c4495b5d1,docs/工程建设管理/上海市住房和城乡建设管理委员会关于批准《工程物探技术标准》为上海市工程建设规范的通知.md
工程建设管理,规定,市级,关于印发《上海市城管执法案件信息归集和信用修复管理规定》的通知,沪城管执〔2026〕11号,上海市城市管理行政执法局,2026-03-25,有效,统一政策发布平台,https://www.shanghai.gov.cn/zhengce/detail/0043::2f21c58267844c71b15a52b48d8ccef4,docs/工程建设管理/关于印发《上海市城管执法案件信息归集和信用修复管理规定》的通知.md
工程建设管理,通知公告,区级,静安区发展和改革委员会、静安区科技和经济委员会关于印发《静安区打造人工智能创新应用示范区三年行动方案（2026—2028年）》的通知,静发改委〔2026〕6号,上海市静安区发展和改革委员会,2026-03-27,有效,统一政策发布平台,https://www.shanghai.gov.cn/zhengce/detail/0072::1b9b0944-356c-4561-b157-502a9e1af84d,
工程建设管理,通知公告,区级,关于印发《上海市金山区自然灾害救助应急预案》的通知,金应急〔2026〕11号,上海市金山区应急管理局,2026-03-20,有效,统一政策发布平台,https://www.shanghai.gov.cn/zhengce/detail/0081::00818004,
工程建设管理,通知公告,市级,关于印发《上海市推进儿童友好城市建设三年行动方案（2026-2028年）》的通知,沪发改人口〔2026〕4号,上海市发展和改革委员会,2026-03-04,有效,统一政策发布平台,https://www.shanghai.gov.cn/zhengce/detail/0025::27bc629f2ccb448ba91038b7608e4947,
工程建设管理,通知公告,市级,上海市住房和城乡建设管理委员会关于进一步加强本市基坑工程监测管理工作的通知,沪建质安〔2026〕96号,上海市住房和城乡建设管理委员会,2026-03-16,有效,统一政策发布平台,https://www.shanghai.gov.cn/zhengce/detail/0011::bae6fd3d212b4c438768dc23aa7dbe8b,
工程建设管理,办法,市级,上海市住房和城乡建设管理委员会关于延长《上海市建设项目工程总承包管理办法》有效期的通知,沪建建管〔2026〕84号,上海市住房和城乡建设管理委员会,2026-03-10,有效,统一政策发布平台,https://www.shanghai.gov.cn/zhengce/detail/0011::0e0118fce71542fcb6c3dafe41eee6d0,docs/工程建设管理/上海市住房和城乡建设管理委员会关于延长《上海市建设项目工程总承包管理办法》有效期的通知.md
工程建设管理,实施意见,区级,关于推进上海自贸试验区静安联动创新区建设的实施方案,静发改委〔2026〕5号,上海市静安区发展和改革委员会,2026-03-10,有效,统一政策发布平台,https://www.shanghai.gov.cn/zhengce/detail/0072::4e7c19c4-7f21-4c6e-8389-fac07c6c4e59,
工程建设管理,其他,区级,静安区2026年度节能减排降碳扶持资金申报指南,,上海市静安区发展和改革委员会,2026-03-10,有效,统一政策发布平台,https://www.shanghai.gov.cn/zhengce/detail/0072::61c69d1d-6a17-4450-a6e8-730b4639b422,
工程建设管理,规划与计划,区级,上海市闵行区国民经济和社会发展第十五个五年规划纲要,,上海市闵行区发展和改革委员会,2026-03-03,有效,统一政策发布平台,https://www.shanghai.gov.cn/zhengce/detail/0079::3be818d0-97eb-4a28-bff5-3969de6f3da3,
工程建设管理,审查与许可规则,市级,上海市住房和城乡建设管理委员会关于加强本市既有高层建筑改造建设工程消防设计审查验收工作的通知,沪建质安〔2026〕81号,上海市住房和城乡建设管理委员会,2026-02-28,有效,统一政策发布平台,https://www.shanghai.gov.cn/zhengce/detail/0011::032f590810eb45f9abaf0ca8859d2bd8,docs/工程建设管理/上海市住房和城乡建设管理委员会关于加强本市既有高层建筑改造建设工程消防设计审查验收工作的通知.md
工程建设管理,通知公告,区级,关于转发市发展改革委《关于组织申报2026年循环经济发展和资源综合利用专项扶持项目的通知》的通知,沪浦发改能源〔2026〕107号,上海市浦东新区发展和改革委员会,2026-02-12,有效,统一政策发布平台,https://www.shanghai.gov.cn/zhengce/detail/0070::0070352214,
工程建设管理,办法,市级,上海市房屋管理局关于印发《上海市住宅修缮工程施工项目经理和总监理工程师质量安全违法违规行为记分管理办法》的通知,沪房规范〔2026〕2号,上海市房屋管理局,2026-02-10,有效,统一政策发布平台,https://www.shanghai.gov.cn/zhengce/detail/0013::cfa6f1a1af5a4ddaacbc8ad337d2e1d9,docs/工程建设管理/上海市房屋管理局关于印发《上海市住宅修缮工程施工项目经理和总监理工程师质量安全违法违规行为记分管理办.md
工程建设管理,实施意见,区级,静安区关于构建现代化产业体系、促进经济高质量发展的若干措施,静发改委〔2026〕3号,上海市静安区发展和改革委员会,2026-02-27,有效,统一政策发布平台,https://www.shanghai.gov.cn/zhengce/detail/0072::49cdbbe2-b59e-4c88-9347-67bdfee577ed,
工程建设管理,实施细则,市级,关于印发《上海市调整优化航运集疏运结构项目资金管理实施细则》的通知,沪交行规〔2026〕3号,上海市交通委员会,2026-02-25,有效,统一政策发布平台,https://www.shanghai.gov.cn/zhengce/detail/0010::13b3f64ecd844bb88a1f2d3ca3117574,docs/工程建设管理/关于印发《上海市调整优化航运集疏运结构项目资金管理实施细则》的通知.md
工程建设管理,实施细则,市级,关于印发《上海市促进现代航运服务业创新资金管理实施细则》的通知,沪交行规〔2026〕2号,上海市交通委员会,2026-02-25,有效,统一政策发布平台,https://www.shanghai.gov.cn/zhengce/detail/0010::d5d3bbd424364bfd8c59a7ca61415604,docs/工程建设管理/关于印发《上海市促进现代航运服务业创新资金管理实施细则》的通知.md
工程建设管理,实施意见,区级,关于印发《上海市黄浦区外摆位实施意见》的通知,黄城管执规〔2026〕1号,上海市黄浦区城市管理行政执法局,2026-02-12,有效,统一政策发布平台,https://www.shanghai.gov.cn/zhengce/detail/0071::ccb70c66-8385-4488-88f0-d6c4d56ebe69,
工程建设管理,审查与许可规则,市级,上海市住房和城乡建设管理委员会关于调整本市其他建设工程消防验收备案抽查比例的通知,沪建质安〔2026〕67号,上海市住房和城乡建设管理委员会,2026-02-14,有效,统一政策发布平台,https://www.shanghai.gov.cn/zhengce/detail/0011::df418b683a1e4efba304f8ed0d63ddcf,docs/工程建设管理/上海市住房和城乡建设管理委员会关于调整本市其他建设工程消防验收备案抽查比例的通知.md
工程建设管理,通知公告,市级,关于进一步完善本市工程建设项目招标投标行政监督责任的通知,沪建建管联〔2026〕45号,上海市住房和城乡建设管理委员会,2026-02-12,有效,统一政策发布平台,https://www.shanghai.gov.cn/zhengce/detail/0011::d46a5908f38041f7afb439e7892696f5,
工程建设管理,办法,市级,关于延长《上海市市级建设财力投资补助和贴息项目管理办法》有效期的通知,沪发改规范〔2026〕2号,上海市发展和改革委员会,2026-02-09,有效,统一政策发布平台,https://www.shanghai.gov.cn/zhengce/detail/0025::a071baea71b94419bed417fbfcfca792,docs/工程建设管理/关于延长《上海市市级建设财力投资补助和贴息项目管理办法》有效期的通知.md
工程建设管理,规划与计划,市级,上海市国民经济和社会发展第十五个五年规划纲要,,上海市发展和改革委员会,2026-02-10,有效,统一政策发布平台,https://www.shanghai.gov.cn/zhengce/detail/0001::e83a85975bee4b89ac852c64b2893c77,
工程建设管理,规划与计划,区级,上海市青浦区国民经济和社会发展第十五个五年规划纲要,,上海市青浦区发展和改革委员会,2026-02-06,有效,统一政策发布平台,https://www.shanghai.gov.cn/zhengce/detail/0083::00831377872,
工程建设管理,办法,市级,上海市发展和改革委员会、上海市民政局、上海市市场监督管理局关于延长《上海市养老机构服务收费管理办法》有效期的通知,沪发改规范〔2026〕1号,上海市发展和改革委员会,2026-02-03,有效,统一政策发布平台,https://www.shanghai.gov.cn/zhengce/detail/0025::c202d7e368c34e75ae8a4002e7185b28,docs/工程建设管理/上海市发展和改革委员会、上海市民政局、上海市市场监督管理局关于延长《上海市养老机构服务收费管理办法》.md
工程建设管理,通知公告,市级,关于印发《上海港口客运站进站人员行为规范》的通知,沪交行规〔2026〕1号,上海市交通委员会,2026-02-02,有效,统一政策发布平台,https://www.shanghai.gov.cn/zhengce/detail/0010::79b17d039ac54011a34eb1a211454ec0,
工程建设管理,办法,街镇级,关于废止《张江镇限额以下小型建设工程管理办法（试行）》的通知,浦张府规〔2026〕1号,上海市浦东新区张江镇人民政府,2026-01-22,有效,统一政策发布平台,https://www.shanghai.gov.cn/zhengce/detail/0070::0070350765,docs/工程建设管理/关于废止《张江镇限额以下小型建设工程管理办法（试行）》的通知.md
工程建设管理,通知公告,市级,关于发布《上海市建设工程工程量清单数据文件标准（Ver2.0-2025）》的通知,沪建建管〔2026〕23号,上海市住房和城乡建设管理委员会,2026-01-14,有效,统一政策发布平台,https://www.shanghai.gov.cn/zhengce/detail/0011::e63342426ab94160ade6fec2f8542cde,
工程建设管理,规划与计划,区级,上海市嘉定区人民政府关于印发《2026年嘉定区重大工程建设计划》的通知,嘉府发〔2026〕1号,上海市嘉定区人民政府办公室,2026-01-14,有效,统一政策发布平台,https://www.shanghai.gov.cn/zhengce/detail/0080::5_195257,
工程建设管理,实施意见,街镇级,关于调整庄行镇小型建设工程项目管理实施意见的通知,奉庄府〔2026〕1号,上海市奉贤区庄行镇人民政府,2026-01-09,有效,统一政策发布平台,https://www.shanghai.gov.cn/zhengce/detail/0084::00843751,
工程建设管理,办法,其他,关于印发《中国（上海）自由贸易试验区临港新片区工程建设项目区域评估管理办法》的通知,沪自贸临管规范〔2026〕1号,中国（上海）自由贸易试验区临港新片区管理委员会,2026-01-01,有效,统一政策发布平台,https://www.shanghai.gov.cn/zhengce/detail/0058::6f696ceecaef4265b5262c226cdcae0d,docs/工程建设管理/关于印发《中国（上海）自由贸易试验区临港新片区工程建设项目区域评估管理办法》的通知.md
工程建设管理,办法,市级,关于印发《上海市建筑工程综合竣工验收管理办法》的通知,,上海市住房和城乡建设管理委员会,2025-11,有效,市住建委规范性文件,https://zjw.sh.gov.cn/gfxwj/20251112/f4594be5e90c4facacf5a548cb06717f.html,docs/工程建设管理/关于印发《上海市建筑工程综合竣工验收管理办法》的通知.md
工程建设管理,办法,市级,上海市住房和城乡建设管理委员会关于印发《上海市新型建设工程材料认定管理办法》的通知,,上海市住房和城乡建设管理委员会,2025-10,有效,市住建委规范性文件,https://zjw.sh.gov.cn/gfxwj/20251011/e1d46dd4b8e847e49f9d0ddb3b76b3eb.html,docs/工程建设管理/上海市住房和城乡建设管理委员会关于印发《上海市新型建设工程材料认定管理办法》的通知.md
工程建设管理,规定,市级,上海市住房和城乡建设管理委员会关于印发《上海市既有建筑装饰装修工程建设程序若干规定》的通知,,上海市住房和城乡建设管理委员会,2025-09,有效,市住建委规范性文件,https://zjw.sh.gov.cn/gfxwj/20250925/ff0c97d945a243cc9133ca6f52d6d326.html,docs/工程建设管理/上海市住房和城乡建设管理委员会关于印发《上海市既有建筑装饰装修工程建设程序若干规定》的通知.md
工程建设管理,实施细则,市级,上海市住房和城乡建设管理委员会关于印发《上海市建设工程质量检测管理实施细则》的通知,,上海市住房和城乡建设管理委员会,2025-09,有效,市住建委规范性文件,https://zjw.sh.gov.cn/gfxwj/20250925/117d0c917ead42fc93bf76272bf3c538.html,docs/工程建设管理/上海市住房和城乡建设管理委员会关于印发《上海市建设工程质量检测管理实施细则》的通知.md
工程建设管理,通知公告,市级,上海市住房和城乡建设管理委员会关于印发《关于进一步优化本市建设工程招投标管理工作的通知》,,上海市住房和城乡建设管理委员会,2025-09,有效,市住建委规范性文件,https://zjw.sh.gov.cn/gfxwj/20250925/ff9777cd46d2433b99e29968f794a786.html,
工程建设管理,规定,市级,关于延长《上海市建设工程建设单位首要质量责任管理规定》有效期的通知,,上海市住房和城乡建设管理委员会,2025-09,有效,市住建委规范性文件,https://zjw.sh.gov.cn/gfxwj/20250910/4b10d54941294cf5a656537c522cb0f0.html,docs/工程建设管理/关于延长《上海市建设工程建设单位首要质量责任管理规定》有效期的通知.md
工程建设管理,办法,市级,关于印发《上海市建筑工程领域建筑工人工资支付管理办法》的通知,,上海市住房和城乡建设管理委员会,2025-09,有效,市住建委规范性文件,https://zjw.sh.gov.cn/gfxwj/20250910/f65609c9be494701919beb832fa467b0.html,docs/工程建设管理/关于印发《上海市建筑工程领域建筑工人工资支付管理办法》的通知.md
工程建设管理,实施意见,市级,上海市住房和城乡建设管理委员会关于延长《关于建立上海市乡村建筑师名录的实施意见》有效期的通知,,上海市住房和城乡建设管理委员会,2025-06,有效,市住建委规范性文件,https://zjw.sh.gov.cn/gfxwj/20250609/5d464a4ef04b42c0929835f080f7e5de.html,
工程建设管理,规定,市级,上海市住房和城乡建设管理委员会关于印发《上海市装配整体式混凝土结构工程施工安全管理规定》的通知,,上海市住房和城乡建设管理委员会,2025-06,有效,市住建委规范性文件,https://zjw.sh.gov.cn/gfxwj/20250609/e4bc84d3a7e1496684edc24dca29b46f.html,docs/工程建设管理/上海市住房和城乡建设管理委员会关于印发《上海市装配整体式混凝土结构工程施工安全管理规定》的通知.md
工程建设管理,实施细则,市级,关于印发《上海市住宅工程质量潜在缺陷保险实施细则》的通知,,上海市住房和城乡建设管理委员会,2025-03,有效,市住建委规范性文件,https://zjw.sh.gov.cn/gfxwj/20250326/76c29ca9dc7b48b9a8c0b9f54d562bc2.html,docs/工程建设管理/关于印发《上海市住宅工程质量潜在缺陷保险实施细则》的通知.md
工程建设管理,实施意见,市级,上海市住房和城乡建设管理委员会关于印发《关于建立上海市乡村建筑师名录的实施意见》的通知,,上海市住房和城乡建设管理委员会,2025-05,有效,市住建委规范性文件,https://zjw.sh.gov.cn/gfxwj/20250513/fa9a5b28073e436bae16c60822380332.html,
工程建设管理,实施意见,市级,市发展改革委、市商务委等部门关于印发《上海市鼓励外商投资企业境内再投资若干措施》的通知,沪发改开放〔2025〕536号,上海市发展和改革委员会,2025-12-26,有效,统一政策发布平台,https://www.shanghai.gov.cn/zhengce/detail/0025::a3de17bf83234feba56fc74281e0afc5,
工程建设管理,通知公告,市级,关于印发《上海市基本公共服务实施标准（2025年版）》的通知,沪发改社〔2025〕57号,上海市发展和改革委员会,2025-12-31,有效,统一政策发布平台,https://www.shanghai.gov.cn/zhengce/detail/0025::e5606d3bc12b40ffab87b2936050ccf9,
工程建设管理,通知公告,市级,关于印发《上海市公共资源配置领域信息公开目录（2025年版）》的通知,沪发改法〔2025〕10号,上海市发展和改革委员会,2025-12-29,有效,统一政策发布平台,https://www.shanghai.gov.cn/zhengce/detail/0025::6883fc72f89642a1bd8747affbe995a8,
工程建设管理,办法,市级,关于印发《上海国际航运中心洋山深水港区港政航政管理办法》的通知,沪交行规〔2025〕14号,上海市交通委员会,2025-12-31,有效,统一政策发布平台,https://www.shanghai.gov.cn/zhengce/detail/0010::8406248818ab4ddb86b9527379a02a7e,docs/工程建设管理/关于印发《上海国际航运中心洋山深水港区港政航政管理办法》的通知.md
工程建设管理,规定,市级,关于印发《上海市结合工程建设项目修建防空地下室审批和监督管理规定》的通知,沪国动规〔2025〕4号,上海市国防动员办公室,2025-12-30,有效,统一政策发布平台,https://www.shanghai.gov.cn/zhengce/detail/0026::905865a251ee4a5fb16ec85399c68135,docs/工程建设管理/关于印发《上海市结合工程建设项目修建防空地下室审批和监督管理规定》的通知.md
工程建设管理,办法,市级,关于印发《上海国际航运中心建设专项资金管理办法》的通知,沪交行规〔2025〕15号,上海市交通委员会,2025-12-30,有效,统一政策发布平台,https://www.shanghai.gov.cn/zhengce/detail/0010::beb3eb46613e4085a1cf7aa7a6569cde,docs/工程建设管理/关于印发《上海国际航运中心建设专项资金管理办法》的通知.md
工程建设管理,实施细则,市级,关于印发《上海市交通行业安全生产责任保险实施细则》的通知,沪交行规〔2025〕13号,上海市交通委员会,2025-12-29,有效,统一政策发布平台,https://www.shanghai.gov.cn/zhengce/detail/0010::18fa64b9c94c4a24b21dae3e4c2679ce,docs/工程建设管理/关于印发《上海市交通行业安全生产责任保险实施细则》的通知.md
工程建设管理,办法,市级,关于印发《上海市燃机项目专家优选评议办法》的通知,沪发改规范〔2025〕15号,上海市发展和改革委员会,2025-12-24,有效,统一政策发布平台,https://www.shanghai.gov.cn/zhengce/detail/0025::83cc97d61e6a44769817114e58df7379,docs/工程建设管理/关于印发《上海市燃机项目专家优选评议办法》的通知.md
工程建设管理,通知公告,市级,关于调整我市煤电容量电价有关事项的通知,沪发改价管〔2025〕52号,上海市发展和改革委员会,2025-12-22,有效,统一政策发布平台,https://www.shanghai.gov.cn/zhengce/detail/0025::68a86b82ba89475eb9b57f3b6d88be02,
工程建设管理,通知公告,市级,关于印发《房屋建筑工程文明施工提升标准》的通知,沪建质安〔2025〕590号,上海市住房和城乡建设管理委员会,2025-12-01,有效,统一政策发布平台,https://www.shanghai.gov.cn/zhengce/detail/0011::7f8133f3d16b4ee585c68440609e9ad8,
工程建设管理,规划与计划,市级,上海市住房和城乡建设管理委员会关于印发《2026年度上海市工程建设及城市基础设施养护维修定额编制计划》的通知,沪建标定〔2025〕593号,上海市住房和城乡建设管理委员会,2025-12-02,有效,统一政策发布平台,https://www.shanghai.gov.cn/zhengce/detail/0011::b9bb236ff9db4151b1eae6345502c71d,
工程建设管理,通知公告,市级,上海市应急管理局关于进一步规范不予行政处罚、减轻行政处罚工作的通知,沪应急行规〔2025〕1号,上海市应急管理局,2025-12-17,有效,统一政策发布平台,https://www.shanghai.gov.cn/zhengce/detail/0037::3dd3c91662fb4bd9b773466a4566b9c4,
工程建设管理,通知公告,市级,上海市安全生产委员会办公室关于加强小型餐饮场所火灾防范工作的通知,沪安委办〔2025〕30号,上海市应急管理局,2025-12-16,有效,统一政策发布平台,https://www.shanghai.gov.cn/zhengce/detail/0037::94ffc72b34a74cbe990dde5d03c946a1,
工程建设管理,办法,市级,上海市发展改革委关于印发委托投资咨询评估管理办法的通知,沪发改规范〔2025〕13号,上海市发展和改革委员会,2025-12-16,有效,统一政策发布平台,https://www.shanghai.gov.cn/zhengce/detail/0025::384fac0569cb424b8dda1767e33193d9,docs/工程建设管理/上海市发展改革委关于印发委托投资咨询评估管理办法的通知.md
工程建设管理,办法,区级,关于印发《奉贤区政府性投资项目财务监理管理办法》的通知,沪奉财规〔2025〕2号,上海市奉贤区财政局,2025-12-16,有效,统一政策发布平台,https://www.shanghai.gov.cn/zhengce/detail/0084::00843513,docs/工程建设管理/关于印发《奉贤区政府性投资项目财务监理管理办法》的通知.md
工程建设管理,通知公告,市级,关于明确排污权使用费征收标准有关事宜的通知,沪发改价调〔2025〕67号,上海市发展和改革委员会,2025-12-10,有效,统一政策发布平台,https://www.shanghai.gov.cn/zhengce/detail/0025::edbfb016b639447e86a737a03596d333,
工程建设管理,办法,市级,关于印发《上海市市级建设财力项目代理建设管理办法》的通知,沪发改规范〔2025〕12号,上海市发展和改革委员会,2025-12-08,有效,统一政策发布平台,https://www.shanghai.gov.cn/zhengce/detail/0025::4c1383b9528440e0b1a410ef5e3c4cab,docs/工程建设管理/关于印发《上海市市级建设财力项目代理建设管理办法》的通知.md
工程建设管理,办法,市级,关于印发《上海市公共资源场内交易信用记分管理办法》的通知,沪发改规范〔2025〕11号,上海市发展和改革委员会,2025-12-04,有效,统一政策发布平台,https://www.shanghai.gov.cn/zhengce/detail/0025::4b562bb702a7493f99b03703335c8ca7,docs/工程建设管理/关于印发《上海市公共资源场内交易信用记分管理办法》的通知.md
工程建设管理,办法,市级,关于印发《上海市游览参观点门票价格管理办法》的通知,沪发改规范〔2025〕10号,上海市发展和改革委员会,2025-12-02,有效,统一政策发布平台,https://www.shanghai.gov.cn/zhengce/detail/0025::e9910d65b3f14c18b859068ffd0697fb,docs/工程建设管理/关于印发《上海市游览参观点门票价格管理办法》的通知.md
工程建设管理,通知公告,市级,上海市交通委员会关于延长《上海市交通委员会关于航道行政处罚的裁量基准》有效期的通知,沪交行规〔2025〕11号,上海市交通委员会,2025-12-03,有效,统一政策发布平台,https://www.shanghai.gov.cn/zhengce/detail/0010::6e3f54d554174dfd8f366c2f8bd32d93,
工程建设管理,办法,区级,嘉定区支持创新型企业总部奖励办法,嘉发改发〔2025〕9号,上海市嘉定区发展和改革委员会,2025-12-03,有效,统一政策发布平台,https://www.shanghai.gov.cn/zhengce/detail/0080::5_193667,docs/工程建设管理/嘉定区支持创新型企业总部奖励办法.md
工程建设管理,通知公告,市级,关于加强本市公共领域新能源汽车充（换）电设施安全管理的通知,沪交科〔2025〕679号,上海市交通委员会,2025-11-27,有效,统一政策发布平台,https://www.shanghai.gov.cn/zhengce/detail/0010::3396acdbe39744bfadcb5d7a3694ccb8,
工程建设管理,通知公告,市级,上海市交通委员会关于印发2025年第二批交通节能减排典型案例的通知,沪交科〔2025〕710号,上海市交通委员会,2025-11-26,有效,统一政策发布平台,https://www.shanghai.gov.cn/zhengce/detail/0010::7d987362e0f14d0a9cd153cfb4ee5266,
工程建设管理,实施意见,区级,上海市松江区发展和改革委员会关于印发《松江区关于强化金融支持助力实体经济高质量发展的若干措施（试行）》的通知,松发改规〔2025〕5号,上海市松江区发展和改革委员会,2025-11-28,有效,统一政策发布平台,https://www.shanghai.gov.cn/zhengce/detail/0082::7dd3b9c7-c1d1-4ac4-8b3b-2d9304e0be4c,
工程建设管理,办法,街镇级,关于印发《上海市奉贤区奉浦街道小型建设工程项目管理实施办法》的通知,奉浦街办〔2025〕8号,上海市奉贤区人民政府奉浦街道办事处,2025-11-22,有效,统一政策发布平台,https://www.shanghai.gov.cn/zhengce/detail/0084::00843456,docs/工程建设管理/关于印发《上海市奉贤区奉浦街道小型建设工程项目管理实施办法》的通知.md
工程建设管理,技术规定与导则,市级,上海市住房和城乡建设管理委员会关于批准《城市轨道交通通信传输系统技术标准》为上海市工程建设规范的通知,沪建标定〔2025〕567号,上海市住房和城乡建设管理委员会,2025-11-14,有效,统一政策发布平台,https://www.shanghai.gov.cn/zhengce/detail/0011::379c65d02a4645b39dec93e517e4376c,docs/工程建设管理/上海市住房和城乡建设管理委员会关于批准《城市轨道交通通信传输系统技术标准》为上海市工程建设规范的通知.md
工程建设管理,通知公告,市级,关于印发《上海市公共资源交易平台目录（2025年版）》的通知,沪发改法〔2025〕8号,上海市发展和改革委员会,2025-11-18,有效,统一政策发布平台,https://www.shanghai.gov.cn/zhengce/detail/0025::5202be2456464dbf91004ae81733f7b4,
工程建设管理,办法,市级,关于印发《上海市生产建设项目水土保持方案审批告知承诺管理办法》的通知,沪水务〔2025〕441号,上海市水务局,2025-11-19,有效,统一政策发布平台,https://www.shanghai.gov.cn/zhengce/detail/0004::5b64ebed1ae743b5be28aec93e539507,docs/工程建设管理/关于印发《上海市生产建设项目水土保持方案审批告知承诺管理办法》的通知.md
工程建设管理,通知公告,市级,上海市服务业发展引导资金评审小组关于印发《上海市服务业发展引导资金项目申报指南（2026-2027年）》的通知,沪发改服务〔2025〕12号,上海市发展和改革委员会,2025-11-12,有效,统一政策发布平台,https://www.shanghai.gov.cn/zhengce/detail/0025::b507b17976ff418e9b39f75f52d252ed,
工程建设管理,通知公告,市级,关于明确我市应急备用煤电机组容量电价有关事项的通知,沪发改价管〔2025〕43号,上海市发展和改革委员会,2025-11-17,有效,统一政策发布平台,https://www.shanghai.gov.cn/zhengce/detail/0025::ebc8f3ed4221492ca1dec080bae71d18,
工程建设管理,规划与计划,市级,关于印发《关于加强本市工程建设项目竖向设计规划资源管理的工作意见》的通知,沪规划资源建〔2025〕431号,上海市规划和自然资源局,2025-11-14,有效,统一政策发布平台,https://www.shanghai.gov.cn/zhengce/detail/0032::875918723e3043f7b87caf757cd5c2c6,
工程建设管理,通知公告,市级,上海市住房和城乡建设管理委员会关于进一步加强本市建筑施工企业安全生产条件管理工作的通知,沪建质安〔2025〕464号,上海市住房和城乡建设管理委员会,2025-09-17,有效,统一政策发布平台,https://www.shanghai.gov.cn/zhengce/detail/0011::e867fcdbe0f4424f9d4ed49766ecc09d,
工程建设管理,实施意见,区级,上海市松江区发展和改革委员会关于印发《松江区关于支持经济社会绿色低碳发展的若干措施（试行）》的通知,松发改规〔2025〕4号,上海市松江区发展和改革委员会,2025-11-17,有效,统一政策发布平台,https://www.shanghai.gov.cn/zhengce/detail/0082::c8c5c0f43baa485a97bab90159451ac5,
工程建设管理,通知公告,市级,上海市应急管理局关于准予“危化品风险预警防控关键技术及装备重点实验室”等11家实验室挂牌的通知,沪应急科技〔2025〕84号,上海市应急管理局,2025-11-12,有效,统一政策发布平台,https://www.shanghai.gov.cn/zhengce/detail/0037::e8d07f0427434f28ae41268d03e68137,
工程建设管理,通知公告,市级,上海市住房和城乡建设管理委员会关于批准《既有建筑改造项目节能量核定标准》为上海市工程建设规范的通知,沪建标定〔2025〕563号,上海市住房和城乡建设管理委员会,2025-11-07,有效,统一政策发布平台,https://www.shanghai.gov.cn/zhengce/detail/0011::8fd47f0707bd48458f359687d08b1f09,
工程建设管理,技术规定与导则,市级,上海市住房和城乡建设管理委员会关于批准《高层建筑钢结构设计标准》为上海市工程建设规范的通知,沪建标定〔2025〕562号,上海市住房和城乡建设管理委员会,2025-11-10,有效,统一政策发布平台,https://www.shanghai.gov.cn/zhengce/detail/0011::9abd25d61f2d4a729aba30d897f34515,docs/工程建设管理/上海市住房和城乡建设管理委员会关于批准《高层建筑钢结构设计标准》为上海市工程建设规范的通知.md
工程建设管理,技术规定与导则,市级,上海市住房和城乡建设管理委员会关于批准《民用建筑空气源热泵供热系统应用技术标准》为上海市工程建设规范的通知,沪建标定〔2025〕560号,上海市住房和城乡建设管理委员会,2025-11-07,有效,统一政策发布平台,https://www.shanghai.gov.cn/zhengce/detail/0011::0cc8fc1295a94953b1219b9a3fdacbb5,docs/工程建设管理/上海市住房和城乡建设管理委员会关于批准《民用建筑空气源热泵供热系统应用技术标准》为上海市工程建设规范.md
工程建设管理,技术规定与导则,市级,上海市住房和城乡建设管理委员会关于批准《道路隧道养护技术标准》为上海市工程建设规范的通知,沪建标定〔2025〕559号,上海市住房和城乡建设管理委员会,2025-11-07,有效,统一政策发布平台,https://www.shanghai.gov.cn/zhengce/detail/0011::4f1d0bc280914754b76ac184ee5dfd0a,docs/工程建设管理/上海市住房和城乡建设管理委员会关于批准《道路隧道养护技术标准》为上海市工程建设规范的通知.md
工程建设管理,技术规定与导则,市级,上海市住房和城乡建设管理委员会关于批准《建筑信息模型技术应用标准（市政道路桥梁工程）》为上海市工程建设规范的通知,沪建标定〔2025〕558号,上海市住房和城乡建设管理委员会,2025-11-07,有效,统一政策发布平台,https://www.shanghai.gov.cn/zhengce/detail/0011::73f0343aa5a340a69ed122526edecb53,docs/工程建设管理/上海市住房和城乡建设管理委员会关于批准《建筑信息模型技术应用标准（市政道路桥梁工程）》为上海市工程建.md
工程建设管理,技术规定与导则,市级,上海市住房和城乡建设管理委员会关于批准《绿色建筑检测技术标准》为上海市工程建设规范的通知,沪建标定〔2025〕528号,上海市住房和城乡建设管理委员会,2025-10-17,有效,统一政策发布平台,https://www.shanghai.gov.cn/zhengce/detail/0011::01b84919ca3d41ae8f12ba0a6810da62,docs/工程建设管理/上海市住房和城乡建设管理委员会关于批准《绿色建筑检测技术标准》为上海市工程建设规范的通知.md
工程建设管理,通知公告,市级,上海市住房和城乡建设管理委员会关于批准发布《上海市建设工程工程量清单计价应用规则》（2025版）的通知,沪建标定〔2025〕521号,上海市住房和城乡建设管理委员会,2025-10-14,有效,统一政策发布平台,https://www.shanghai.gov.cn/zhengce/detail/0011::c189e11c9fa6440a940a691ebdd7c3c6,
工程建设管理,审查与许可规则,市级,上海市住房和城乡建设管理委员会关于批准《市政地下工程施工质量验收标准》为上海市工程建设规范的通知,沪建标定〔2025〕519号,上海市住房和城乡建设管理委员会,2025-10-11,有效,统一政策发布平台,https://www.shanghai.gov.cn/zhengce/detail/0011::dba41d434c1d4a2fb343649c1eedd092,docs/工程建设管理/上海市住房和城乡建设管理委员会关于批准《市政地下工程施工质量验收标准》为上海市工程建设规范的通知.md
工程建设管理,技术规定与导则,市级,上海市住房和城乡建设管理委员会关于批准《城市客运交通枢纽设计标准》为上海市工程建设规范的通知,沪建标定〔2025〕515号,上海市住房和城乡建设管理委员会,2025-10-11,有效,统一政策发布平台,https://www.shanghai.gov.cn/zhengce/detail/0011::73fc5c4cbaac4a6287df90f39e6267f1,docs/工程建设管理/上海市住房和城乡建设管理委员会关于批准《城市客运交通枢纽设计标准》为上海市工程建设规范的通知.md
工程建设管理,技术规定与导则,市级,上海市住房和城乡建设管理委员会关于批准《盾构隧道壁后注浆质量检测技术标准》为上海市工程建设规范的通知,沪建标定〔2025〕461号,上海市住房和城乡建设管理委员会,2025-09-16,有效,统一政策发布平台,https://www.shanghai.gov.cn/zhengce/detail/0011::08b74e07f8c94ce988e4f9e0119a71d0,docs/工程建设管理/上海市住房和城乡建设管理委员会关于批准《盾构隧道壁后注浆质量检测技术标准》为上海市工程建设规范的通知.md
工程建设管理,审查与许可规则,市级,上海市住房和城乡建设管理委员会关于批准《轻型钢结构制作及安装验收标准》为上海市工程建设规范的通知,沪建标定〔2025〕460号,上海市住房和城乡建设管理委员会,2025-09-16,有效,统一政策发布平台,https://www.shanghai.gov.cn/zhengce/detail/0011::039be4f84d6245ef87d6f3919532c483,docs/工程建设管理/上海市住房和城乡建设管理委员会关于批准《轻型钢结构制作及安装验收标准》为上海市工程建设规范的通知.md
工程建设管理,通知公告,市级,上海市住房和城乡建设管理委员会关于批准《建筑地面工程施工标准》为上海市工程建设规范的通知,沪建标定〔2025〕459号,上海市住房和城乡建设管理委员会,2025-09-16,有效,统一政策发布平台,https://www.shanghai.gov.cn/zhengce/detail/0011::35275cc33093483c9fcd0d21658ccd59,
工程建设管理,实施意见,区级,上海市松江区发展和改革委员会关于印发《松江区关于推进服务业能级提升的若干措施（试行）》的通知,松发改规〔2025〕2号,上海市松江区发展和改革委员会,2025-11-12,有效,统一政策发布平台,https://www.shanghai.gov.cn/zhengce/detail/0082::06f71556da814992bb6328534237a185,
工程建设管理,实施意见,区级,关于印发《松江区关于推进专业服务业高质量发展的若干措施（试行）》的通知,松发改规〔2025〕3号,上海市松江区发展和改革委员会,2025-11-12,有效,统一政策发布平台,https://www.shanghai.gov.cn/zhengce/detail/0082::7204c15385d342a8b3fca95bcfa8075f,
工程建设管理,通知公告,市级,关于公布2025年上海市交通领域人工智能示范场景入选项目名单的通知,沪交科〔2025〕608号,上海市交通委员会,2025-10-29,有效,统一政策发布平台,https://www.shanghai.gov.cn/zhengce/detail/0010::633615ec9a5c4f1c87e6ec9b90b4297b,
工程建设管理,办法,市级,关于印发修订后的《关于推动本市村庄建设项目施行简易审批工作的实施办法》的通知,沪发改规范〔2025〕9号,上海市发展和改革委员会,2025-11-10,有效,统一政策发布平台,https://www.shanghai.gov.cn/zhengce/detail/0025::f4f60391025b4bfa8121d75565d939cf,docs/工程建设管理/关于印发修订后的《关于推动本市村庄建设项目施行简易审批工作的实施办法》的通知.md
工程建设管理,审查与许可规则,市级,关于“河道管理范围内建设项目工程建设方案审批”“智慧好办”上线运行的通知,沪水务〔2025〕423号,上海市水务局,2025-11-07,有效,统一政策发布平台,https://www.shanghai.gov.cn/zhengce/detail/0004::573e363fba5c4c809280a9f21f15979f,docs/工程建设管理/关于“河道管理范围内建设项目工程建设方案审批”“智慧好办”上线运行的通知.md
工程建设管理,通知公告,区级,虹口区应急管理局关于印发《虹口区处置危险化学品生产安全事故应急预案》的通知,虹应急〔2025〕17号,上海市虹口区应急管理局,2025-11-06,有效,统一政策发布平台,https://www.shanghai.gov.cn/zhengce/detail/0076::86c30335-a8bf-43d5-bfe7-3b9c13826cb9,
工程建设管理,通知公告,区级,虹口区应急管理局关于印发《虹口区生产安全事故专项应急预案》的通知,虹应急〔2025〕16号,上海市虹口区应急管理局,2025-11-06,有效,统一政策发布平台,https://www.shanghai.gov.cn/zhengce/detail/0076::4b01db29-d71f-4ed8-81e1-97217f52db5b,
工程建设管理,通知公告,市级,上海市交通委员会关于印发《上海市交通运输领域轻微违法行为不予行政处罚清单》的通知,沪交行规〔2025〕10号,上海市交通委员会,2025-11-05,有效,统一政策发布平台,https://www.shanghai.gov.cn/zhengce/detail/0010::965ae7fb97de433fba622fa6e7b9a79f,
工程建设管理,办法,街镇级,上海市青浦区朱家角镇人民政府关于印发《朱家角镇小额建设工程实施办法》的通知,青朱府〔2025〕17号,上海市青浦区朱家角镇人民政府,2025-10-29,有效,统一政策发布平台,https://www.shanghai.gov.cn/zhengce/detail/0083::00831346134,docs/工程建设管理/上海市青浦区朱家角镇人民政府关于印发《朱家角镇小额建设工程实施办法》的通知.md
工程建设管理,规划与计划,市级,关于印发《交通物流降本提质增效上海行动计划》的通知,沪交货〔2025〕625号,上海市交通委员会,2025-11-04,有效,统一政策发布平台,https://www.shanghai.gov.cn/zhengce/detail/0010::724fcce6015c4a51be3f197c8b29180c,
工程建设管理,实施意见,市级,上海市防灾减灾救灾委员会办公室关于进一步加强本市应急抢险和救灾物资保障体系能力建设的实施意见,沪防减救灾办〔2025〕10号,上海市应急管理局,2025-10-31,有效,统一政策发布平台,https://www.shanghai.gov.cn/zhengce/detail/0037::c64cea5f4af54388953060d75e73e076,
工程建设管理,审查与许可规则,市级,关于实施取水许可证核发（延续申请）“免申办”服务的通知,沪水务〔2025〕417号,上海市水务局,2025-10-31,有效,统一政策发布平台,https://www.shanghai.gov.cn/zhengce/detail/0004::c7ca487bb63b4e41b50fca1397936a20,docs/工程建设管理/关于实施取水许可证核发（延续申请）“免申办”服务的通知.md
工程建设管理,办法,市级,关于印发《上海市固定资产投资项目节能审查和碳排放评价实施办法》的通知,沪发改规范〔2025〕8号,上海市发展和改革委员会,2025-10-31,有效,统一政策发布平台,https://www.shanghai.gov.cn/zhengce/detail/0025::d902c21dd77a4606a82c2e30866d8dbf,docs/工程建设管理/关于印发《上海市固定资产投资项目节能审查和碳排放评价实施办法》的通知.md
工程建设管理,通知公告,市级,关于明确进口液化天然气最高气化服务价格的通知,沪发改价管〔2025〕40号,上海市发展和改革委员会,2025-10-30,有效,统一政策发布平台,https://www.shanghai.gov.cn/zhengce/detail/0025::9e6595512fdc4421b43ea834e5df78a0,
工程建设管理,实施意见,市级,上海市交通委员会关于印发《关于加强上海市交通建设工程保通道路建设、养护及运行管理工作的指导意见》的通知,沪交建〔2025〕614号,上海市交通委员会,2025-10-21,有效,统一政策发布平台,https://www.shanghai.gov.cn/zhengce/detail/0010::a053043476c049d6a82f592978cc4186,
工程建设管理,办法,市级,关于印发《上海市交通建设工程安全生产费用使用监督管理办法》的通知,沪交行规〔2025〕9号,上海市交通委员会,2025-10-15,有效,统一政策发布平台,https://www.shanghai.gov.cn/zhengce/detail/0010::4b169ce4edfd40329c501b0735d4dbf9,docs/工程建设管理/关于印发《上海市交通建设工程安全生产费用使用监督管理办法》的通知.md
工程建设管理,办法,区级,关于印发《静安区区级政府投资资金投资补助和贴息项目管理办法》的通知,静发改委规〔2025〕2号,上海市静安区发展和改革委员会,2025-10-24,有效,统一政策发布平台,https://www.shanghai.gov.cn/zhengce/detail/0072::65f8fd4f-f95e-4b52-9e2e-0dc2a1584106,docs/工程建设管理/关于印发《静安区区级政府投资资金投资补助和贴息项目管理办法》的通知.md
工程建设管理,审查与许可规则,市级,关于印发《上海市交通行业生产经营单位生产安全事故应急救援预案备案实施方案》的通知,沪交安〔2025〕606号,上海市交通委员会,2025-10-15,有效,统一政策发布平台,https://www.shanghai.gov.cn/zhengce/detail/0010::eb7eb329b7424bbbb7359265b63fc272,docs/工程建设管理/关于印发《上海市交通行业生产经营单位生产安全事故应急救援预案备案实施方案》的通知.md
工程建设管理,通知公告,市级,关于印发《第二批上海自贸试验区联动创新区建设方案》的通知,沪自贸组〔2025〕2号,上海市发展和改革委员会,2025-10-13,有效,统一政策发布平台,https://www.shanghai.gov.cn/zhengce/detail/0025::d498b725312e43f8bcb3fb89f9f51fe3,
工程建设管理,办法,市级,关于印发《上海市交通行业安全生产事故隐患排查治理办法》的通知,沪交行规〔2025〕8号,上海市交通委员会,2025-10-10,有效,统一政策发布平台,https://www.shanghai.gov.cn/zhengce/detail/0010::1d8d2663d8d0419d9c12b5d3de7c023a,docs/工程建设管理/关于印发《上海市交通行业安全生产事故隐患排查治理办法》的通知.md
工程建设管理,通知公告,市级,上海市发展和改革委员会 上海市民政局关于我市生态安葬服务收费有关事项的通知,沪发改价调〔2025〕54号,上海市发展和改革委员会,2025-10-11,有效,统一政策发布平台,https://www.shanghai.gov.cn/zhengce/detail/0025::b54b00379936420398d9d10f9bdf7a13,
工程建设管理,实施意见,市级,关于印发《深入开展水生态建设的实施意见》的通知,沪水务〔2025〕385号,上海市水务局,2025-09-30,有效,统一政策发布平台,https://www.shanghai.gov.cn/zhengce/detail/0004::a2148d34c4d74e6588e27e3f9e4b8630,
工程建设管理,实施意见,市级,关于印发《关于进一步加强上海市海洋经济统计工作的实施意见》的通知,沪海洋〔2025〕146号,上海市水务局,2025-09-29,有效,统一政策发布平台,https://www.shanghai.gov.cn/zhengce/detail/0004::87ffb9689f9440169dc7c6f86731257f,
工程建设管理,办法,市级,关于修订印发《上海市水利工程施工招标评标办法》的通知,沪水务〔2025〕383号,上海市水务局,2025-09-28,有效,统一政策发布平台,https://www.shanghai.gov.cn/zhengce/detail/0004::c87540f5323340ad8f34d20c62126dca,docs/工程建设管理/关于修订印发《上海市水利工程施工招标评标办法》的通知.md
工程建设管理,通知公告,区级,关于印发《宝山区交通行业气象灾害预警“叫应”工作指引（试行》的通知,宝交〔2025〕13号,上海市宝山区交通委员会,2025-09-28,有效,统一政策发布平台,https://www.shanghai.gov.cn/zhengce/detail/0078::b1c92e0f-ef04-4ed6-8960-b8296ab28767,
工程建设管理,通知公告,市级,上海市人民政府办公厅关于成立南北通道工程建设指挥部的通知,沪府办〔2025〕28号,上海市人民政府办公厅,2025-09-23,有效,统一政策发布平台,https://www.shanghai.gov.cn/zhengce/detail/0001::117cdbaf9f7d4f3889baa4d6476fb1cd,
工程建设管理,技术规定与导则,市级,上海市住房和城乡建设管理委员会关于批准《城镇污水处理工程混凝土结构耐久性技术标准》为上海市工程建设规范的通知,沪建标定〔2025〕426号,上海市住房和城乡建设管理委员会,2025-08-28,有效,统一政策发布平台,https://www.shanghai.gov.cn/zhengce/detail/0011::5161d2a7dc5f4791922c0af7bd5b809c,docs/工程建设管理/上海市住房和城乡建设管理委员会关于批准《城镇污水处理工程混凝土结构耐久性技术标准》为上海市工程建设规.md
工程建设管理,技术规定与导则,市级,上海市住房和城乡建设管理委员会关于批准《公共厕所规划和设计标准》为上海市工程建设规范的通知,沪建标定〔2025〕425号,上海市住房和城乡建设管理委员会,2025-08-28,有效,统一政策发布平台,https://www.shanghai.gov.cn/zhengce/detail/0011::933ad6164d924b83a0c7b10f82ebed07,docs/工程建设管理/上海市住房和城乡建设管理委员会关于批准《公共厕所规划和设计标准》为上海市工程建设规范的通知.md
工程建设管理,通知公告,市级,上海市住房和城乡建设管理委员会关于批准《盾构法隧道结构服役性能鉴定标准》为上海市工程建设规范的通知,沪建标定〔2025〕383号,上海市住房和城乡建设管理委员会,2025-07-25,有效,统一政策发布平台,https://www.shanghai.gov.cn/zhengce/detail/0011::4af63eca3ac341b6ae02f78c1b30e6c8,
工程建设管理,办法,市级,关于印发《上海市市级建设财力项目后评价管理办法》的通知,沪发改规范〔2025〕7号,上海市发展和改革委员会,2025-09-15,有效,统一政策发布平台,https://www.shanghai.gov.cn/zhengce/detail/0025::1c2f2c9f944c4725a40a3edb709ce638,docs/工程建设管理/关于印发《上海市市级建设财力项目后评价管理办法》的通知.md
工程建设管理,通知公告,市级,关于报送2025年度第二批独立储能电站项目的通知,沪发改能源〔2025〕176号,上海市发展和改革委员会,2025-09-16,有效,统一政策发布平台,https://www.shanghai.gov.cn/zhengce/detail/0025::2a9890bac7e64082920713285610463f,
工程建设管理,办法,区级,关于印发《徐汇区区级政府投资项目财务监理管理办法》的通知,徐财〔2025〕5号,上海市徐汇区财政局,2025-09-10,有效,统一政策发布平台,https://www.shanghai.gov.cn/zhengce/detail/0073::0073151,docs/工程建设管理/关于印发《徐汇区区级政府投资项目财务监理管理办法》的通知.md
工程建设管理,办法,街镇级,上海市奉贤区南桥镇人民政府关于进一步加强南桥镇小型建设工程项目规范管理的实施办法（试行）,南府〔2025〕7号,上海市奉贤区南桥镇人民政府,2025-09-04,有效,统一政策发布平台,https://www.shanghai.gov.cn/zhengce/detail/0084::00842818,docs/工程建设管理/上海市奉贤区南桥镇人民政府关于进一步加强南桥镇小型建设工程项目规范管理的实施办法（试行）.md
工程建设管理,办法,区级,关于印发《浦东新区促进专业服务业高质量发展资金使用和管理办法》的通知,沪浦发改规〔2025〕3号,上海市浦东新区发展和改革委员会,2025-09-01,有效,统一政策发布平台,https://www.shanghai.gov.cn/zhengce/detail/0070::0070345065,docs/工程建设管理/关于印发《浦东新区促进专业服务业高质量发展资金使用和管理办法》的通知.md
工程建设管理,办法,市级,关于贯彻落实《固定资产投资项目节能审查和碳排放评价办法》有关事项的通知,沪发改环资〔2025〕113号,上海市发展和改革委员会,2025-09-01,有效,统一政策发布平台,https://www.shanghai.gov.cn/zhengce/detail/0025::2db66c27785a47aba21e14e6adf1ae97,docs/工程建设管理/关于贯彻落实《固定资产投资项目节能审查和碳排放评价办法》有关事项的通知.md
工程建设管理,审查与许可规则,市级,关于延长《关于部分市级建设财力项目建议书格式化审批的通知》有效期的通知,沪发改规范〔2025〕6号,上海市发展和改革委员会,2025-08-28,有效,统一政策发布平台,https://www.shanghai.gov.cn/zhengce/detail/0025::a4ad5a03d7a64cf48abb7a26579756ce,docs/工程建设管理/关于延长《关于部分市级建设财力项目建议书格式化审批的通知》有效期的通知.md
工程建设管理,通知公告,市级,关于征集2025年第二批交通领域节能降碳新技术、新产品、新设备、新材料及节能操作法、工作法的通知,沪交科〔2025〕505号,上海市交通委员会,2025-08-18,有效,统一政策发布平台,https://www.shanghai.gov.cn/zhengce/detail/0010::85a62bdb7c574d0db6bb0bf41188bf80,
工程建设管理,技术规定与导则,市级,上海市住房和城乡建设管理委员会关于批准《城市轨道交通上盖建筑结构设计标准》为上海市工程建设规范的通知,沪建标定〔2025〕409号,上海市住房和城乡建设管理委员会,2025-08-20,有效,统一政策发布平台,https://www.shanghai.gov.cn/zhengce/detail/0011::04c930331f7d40eeb151131e4d90b4e8,docs/工程建设管理/上海市住房和城乡建设管理委员会关于批准《城市轨道交通上盖建筑结构设计标准》为上海市工程建设规范的通知.md
工程建设管理,实施细则,市级,市交通委、市发展改革委、市财政局关于印发《上海市推进海铁联运发展项目资金管理实施细则》的通知,沪交行规〔2025〕6号,上海市交通委员会,2025-08-20,有效,统一政策发布平台,https://www.shanghai.gov.cn/zhengce/detail/0010::f47637862f0c4171865e897847dbd2cd,docs/工程建设管理/市交通委、市发展改革委、市财政局关于印发《上海市推进海铁联运发展项目资金管理实施细则》的通知.md
工程建设管理,通知公告,市级,关于上海市固体废物处置中心（二期）项目危险废物刚性填埋场填埋处置收费标准的通知,沪发改价调〔2025〕44号,上海市发展和改革委员会,2025-08-19,有效,统一政策发布平台,https://www.shanghai.gov.cn/zhengce/detail/0025::e67adc751f48457faa9b7893a36b6c05,
工程建设管理,通知公告,区级,奉贤区发展改革委关于健全本区涉企收费目录清单制度有关工作的通知,沪奉发改〔2025〕40号,上海市奉贤区发展和改革委员会,2025-08-19,有效,统一政策发布平台,https://www.shanghai.gov.cn/zhengce/detail/0084::00843168,
工程建设管理,通知公告,市级,上海市水务局关于进一步加强本市水务海洋建设工程专职安全生产管理人员履职管理的通知,沪水务〔2025〕321号,上海市水务局,2025-08-16,有效,统一政策发布平台,https://www.shanghai.gov.cn/zhengce/detail/0004::f375696995d84b2c91a8444b7c0ec606,
工程建设管理,通知公告,市级,关于本市电网企业代理购电工作有关事项的通知,沪发改价管〔2025〕31号,上海市发展和改革委员会,2025-08-15,有效,统一政策发布平台,https://www.shanghai.gov.cn/zhengce/detail/0025::67b140dd1dc04310b5517520013d2aab,
工程建设管理,实施意见,街镇级,上海市青浦区金泽镇人民政府关于调整《关于金泽镇小额建设工程实施的工作方案》等五个工作方案的通知,青金府〔2025〕15号,上海市青浦区金泽镇人民政府,2025-07-22,有效,统一政策发布平台,https://www.shanghai.gov.cn/zhengce/detail/0083::00831328204,
工程建设管理,通知公告,市级,关于上海市贯彻落实新能源上网电价市场化改革有关事项的通知,沪发改价管〔2025〕29号,上海市发展和改革委员会,2025-07-30,有效,统一政策发布平台,https://www.shanghai.gov.cn/zhengce/detail/0025::dabf972a3f494bf79a8774dc786e8b7d,
工程建设管理,技术规定与导则,市级,上海市住房和城乡建设管理委员会关于批准《人工砂在混凝土中的应用技术标准》为上海市工程建设规范的通知,沪建标定〔2025〕388号,上海市住房和城乡建设管理委员会,2025-08-04,有效,统一政策发布平台,https://www.shanghai.gov.cn/zhengce/detail/0011::c06d3e4fe39047e2b139a30a469feaee,docs/工程建设管理/上海市住房和城乡建设管理委员会关于批准《人工砂在混凝土中的应用技术标准》为上海市工程建设规范的通知.md
工程建设管理,实施意见,区级,奉贤区发展改革委关于印发《关于建立信易贷融资信用服务平台线下工作站的工作方案（试行）》的通知,沪奉发改〔2025〕39号,上海市奉贤区发展和改革委员会,2025-08-05,有效,统一政策发布平台,https://www.shanghai.gov.cn/zhengce/detail/0084::00843179,
工程建设管理,通知公告,市级,上海市交通委员会关于组织申报2025年二季度调整优化航运集疏运结构项目资金的通知,沪交航〔2025〕484号,上海市交通委员会,2025-07-31,有效,统一政策发布平台,https://www.shanghai.gov.cn/zhengce/detail/0010::dc6f187691f141afaf12d115b2cef46f,
工程建设管理,通知公告,市级,关于经营性公墓墓穴、骨灰堂格位维护管理费有关事宜的通知,沪发改价调〔2025〕40号,上海市发展和改革委员会,2025-07-31,有效,统一政策发布平台,https://www.shanghai.gov.cn/zhengce/detail/0025::ece9e6bbc1484756bc29eaafee86cedc,
工程建设管理,通知公告,区级,奉贤区发展改革委关于印发《关于支持上海奉贤海归小镇建设的若干政策》的通知,沪奉发改〔2025〕36号,上海市奉贤区发展和改革委员会,2025-07-31,有效,统一政策发布平台,https://www.shanghai.gov.cn/zhengce/detail/0084::00842579,
工程建设管理,通知公告,市级,关于2025年度上海港岸电项目补贴有关准备工作的通知,沪交科〔2025〕474号,上海市交通委员会,2025-07-29,有效,统一政策发布平台,https://www.shanghai.gov.cn/zhengce/detail/0010::6553331de6954e8ab2732fa202e37f5f,
工程建设管理,通知公告,市级,关于公布《2024年度上海市新能源出租车充电示范站名单》的通知,沪交科〔2025〕454号,上海市交通委员会、上海市发展改革委员会,2025-07-28,有效,统一政策发布平台,https://www.shanghai.gov.cn/zhengce/detail/0010::42ba117f045c46758a9beb9bba24cf85,
工程建设管理,通知公告,市级,关于印发《上海市公共充电网络建设“发展区”“保持区”和“调控区”划分方案（2025年）》的通知,沪交科〔2025〕453号,上海市交通委员会,2025-07-28,有效,统一政策发布平台,https://www.shanghai.gov.cn/zhengce/detail/0010::b8fe12eeb44345e4beafccd250e6f9b7,
工程建设管理,办法,区级,关于印发《普陀区应急管理局安全生产举报奖励办法》的通知,普应急规范〔2025〕1号,上海市普陀区应急管理局,2025-07-25,有效,统一政策发布平台,https://www.shanghai.gov.cn/zhengce/detail/0075::0075199672,docs/工程建设管理/关于印发《普陀区应急管理局安全生产举报奖励办法》的通知.md
工程建设管理,办法,区级,关于印发《静安区政府投资项目财务监理管理办法》的通知,静财规〔2025〕2号,上海市静安区财政局,2025-07-25,有效,统一政策发布平台,https://www.shanghai.gov.cn/zhengce/detail/0072::ff714fb6-e6e3-4f30-a018-5fe9c5783708,docs/工程建设管理/关于印发《静安区政府投资项目财务监理管理办法》的通知.md
工程建设管理,通知公告,市级,关于印发《上海市公共充电网络建设指引》的通知,沪交行规〔2025〕5号,上海市交通委员会,2025-07-22,有效,统一政策发布平台,https://www.shanghai.gov.cn/zhengce/detail/0010::36d1397533ee4e97b3724de1a6f610c8,
工程建设管理,规划与计划,市级,关于印发《上海市内河港区布局规划（2025-2035年）》的通知,沪交规〔2025〕425号,上海市交通委员会,2025-07-24,有效,统一政策发布平台,https://www.shanghai.gov.cn/zhengce/detail/0010::f50a0c85182e4e21826ee53bcc91df24,
工程建设管理,通知公告,市级,上海市交通委员会关于申报2025年上海市交通节能减排专项扶持资金的通知,沪交科〔2025〕443号,上海市交通委员会,2025-07-15,有效,统一政策发布平台,https://www.shanghai.gov.cn/zhengce/detail/0010::7d9c15fbb5864e839ed037c61f4a3d1f,
工程建设管理,技术规定与导则,市级,上海市住房和城乡建设管理委员会关于批准《建设工程数智化检测技术标准》为上海市工程建设规范的通知,沪建标定〔2025〕377号,上海市住房和城乡建设管理委员会,2025-07-23,有效,统一政策发布平台,https://www.shanghai.gov.cn/zhengce/detail/0011::748528bc4b20420db032606a81f08513,docs/工程建设管理/上海市住房和城乡建设管理委员会关于批准《建设工程数智化检测技术标准》为上海市工程建设规范的通知.md
工程建设管理,技术规定与导则,市级,上海市住房和城乡建设管理委员会关于批准《城市通信基础设施规划技术标准》为上海市工程建设规范的通知,沪建标定〔2025〕375号,上海市住房和城乡建设管理委员会,2025-07-23,有效,统一政策发布平台,https://www.shanghai.gov.cn/zhengce/detail/0011::6752b5f5fe2f49019aedf4151909a7b4,docs/工程建设管理/上海市住房和城乡建设管理委员会关于批准《城市通信基础设施规划技术标准》为上海市工程建设规范的通知.md
工程建设管理,通知公告,市级,关于印发《聚焦提升企业感受 持续优化本市工程建设领域营商环境行动方案》的通知,沪建建管联〔2025〕358号,上海市住房和城乡建设管理委员会,2025-07-18,有效,统一政策发布平台,https://www.shanghai.gov.cn/zhengce/detail/0011::e810690e2b734b3e8f96770d542764df,
工程建设管理,通知公告,市级,关于印发2025年第一批交通节能减排典型案例的通知,沪交科〔2025〕448号,上海市交通委员会,2025-07-16,有效,统一政策发布平台,https://www.shanghai.gov.cn/zhengce/detail/0010::9cc1a0007851481b87e4c0db2fc293e5,
工程建设管理,通知公告,市级,上海市住房和城乡建设管理委员会关于批准《装配式混凝土预制构件设计--生产数据交互标准》为上海市工程建设规范的通知,沪建标定〔2025〕365号,上海市住房和城乡建设管理委员会,2025-07-17,有效,统一政策发布平台,https://www.shanghai.gov.cn/zhengce/detail/0011::8e374cb465944546ba3d69b9bf302d86,
工程建设管理,通知公告,市级,上海市住房和城乡建设管理委员会关于批准《道路照明设施运行养护标准》为上海市工程建设规范的通知,沪建标定〔2025〕364号,上海市住房和城乡建设管理委员会,2025-07-17,有效,统一政策发布平台,https://www.shanghai.gov.cn/zhengce/detail/0011::3884bfe2b3744ad3b8ffe8c30014d4ac,
工程建设管理,审查与许可规则,市级,关于印发《固定资产投资项目审批“一件事”工作实施方案》的通知,沪发改投〔2025〕137号,上海市发展和改革委员会,2025-07-16,有效,统一政策发布平台,https://www.shanghai.gov.cn/zhengce/detail/0025::bafba42ab5324c04a8421c1f2d7fdeb4,docs/工程建设管理/关于印发《固定资产投资项目审批“一件事”工作实施方案》的通知.md
工程建设管理,实施意见,市级,上海市发展和改革委员会关于继续实施《关于进一步深化本市股份合作制企业改革的指导意见》的通知,沪发改改革〔2025〕8号,上海市发展和改革委员会,2025-07-14,有效,统一政策发布平台,https://www.shanghai.gov.cn/zhengce/detail/0025::cb83e00dbb374926974ca8bcab3997f1,
工程建设管理,办法,区级,关于印发《嘉定区水利专项项目建设和资金管理办法》的通知,嘉水务〔2025〕47号,上海市嘉定区水务局,2025-07-16,有效,统一政策发布平台,https://www.shanghai.gov.cn/zhengce/detail/0080::5_189303,docs/工程建设管理/关于印发《嘉定区水利专项项目建设和资金管理办法》的通知.md
工程建设管理,审查与许可规则,区级,上海市松江区人民政府办公室转发区建设管理委制订的《关于进一步推进松江区工程建设项目审批审查中心实体化建设的实施方案》的通知,沪松府办〔2025〕32号,上海市松江区人民政府办公室,2025-07-16,有效,统一政策发布平台,https://www.shanghai.gov.cn/zhengce/detail/0082::746ddd0a44a440a4bada33519c4a8f85,docs/工程建设管理/上海市松江区人民政府办公室转发区建设管理委制订的《关于进一步推进松江区工程建设项目审批审查中心实体化.md
工程建设管理,实施细则,市级,关于修订《上海市交通节能减排专项扶持资金项目节能量、替代量核算技术细则》的通知,沪交科〔2025〕432号,上海市交通委员会,2025-07-09,有效,统一政策发布平台,https://www.shanghai.gov.cn/zhengce/detail/0010::35d50799b3764c62ac37339f70bdfcd7,docs/工程建设管理/关于修订《上海市交通节能减排专项扶持资金项目节能量、替代量核算技术细则》的通知.md
工程建设管理,实施意见,区级,静安区促进民营经济高质量发展的实施方案,静发改委〔2025〕13号,上海市静安区发展和改革委员会,2025-07-14,有效,统一政策发布平台,https://www.shanghai.gov.cn/zhengce/detail/0072::637bbfca-0b4a-4e27-b3ad-4713fd2efd89,
工程建设管理,技术规定与导则,市级,上海市住房和城乡建设管理委员会关于批准《工程渣土资源化利用技术标准》为上海市工程建设规范的通知,沪建标定〔2025〕350号,上海市住房和城乡建设管理委员会,2025-07-10,有效,统一政策发布平台,https://www.shanghai.gov.cn/zhengce/detail/0011::d1d0f744cbb34bf08b83f663e8f9dc42,docs/工程建设管理/上海市住房和城乡建设管理委员会关于批准《工程渣土资源化利用技术标准》为上海市工程建设规范的通知.md
工程建设管理,办法,区级,关于废止《闵行区建筑市场主体不良信用信息认定管理办法》的通知,闵建管规〔2025〕2号,上海市闵行区建设和管理委员会,2025-07-09,有效,统一政策发布平台,https://www.shanghai.gov.cn/zhengce/detail/0079::914be31e-b65f-4000-8dbf-e116a544b62f,docs/工程建设管理/关于废止《闵行区建筑市场主体不良信用信息认定管理办法》的通知.md
工程建设管理,办法,区级,上海市奉贤区应急管理局 上海市奉贤区财政局关于印发上海市奉贤区应急管理局安全生产举报奖励办法的通知,奉应急管〔2025〕39号,上海市奉贤区应急管理局,2025-07-09,有效,统一政策发布平台,https://www.shanghai.gov.cn/zhengce/detail/0084::00842320,docs/工程建设管理/上海市奉贤区应急管理局 上海市奉贤区财政局关于印发上海市奉贤区应急管理局安全生产举报奖励办法的通知.md
工程建设管理,通知公告,市级,关于优化本市建设工程实名制管理系统的通知,沪建建管联〔2025〕338号,上海市住房和城乡建设管理委员会,2025-07-07,有效,统一政策发布平台,https://www.shanghai.gov.cn/zhengce/detail/0011::d2515bd1dea9413dbee1beeb6a99cef0,
工程建设管理,办法,市级,上海市交通委员会关于延长《上海市乡镇渡口管理办法》有效期的通知,沪交行规〔2025〕4号,上海市交通委员会,2025-07-07,有效,统一政策发布平台,https://www.shanghai.gov.cn/zhengce/detail/0010::2961f3e5cce64dfab65d9fab555b13e5,docs/工程建设管理/上海市交通委员会关于延长《上海市乡镇渡口管理办法》有效期的通知.md
工程建设管理,通知公告,市级,关于废止和宣布失效部分文件的通知,沪交法〔2025〕413号,上海市交通委员会,2025-06-30,有效,统一政策发布平台,https://www.shanghai.gov.cn/zhengce/detail/0010::d15b42ea937545ce965a7fb39b2cd1b4,
工程建设管理,其他,市级,关于更新上海港内河船舶污染物公共固定接收点的通告,沪交海〔2025〕409号,上海市交通委员会,2025-06-30,有效,统一政策发布平台,https://www.shanghai.gov.cn/zhengce/detail/0010::8b5017adcdb24c348cc8587f177533db,
工程建设管理,规定,市级,关于印发《上海市城市管理综合行政执法不予行政处罚和减轻行政处罚实施规定》的通知,沪城管规〔2025〕2号,上海市城市管理行政执法局,2025-06-30,有效,统一政策发布平台,https://www.shanghai.gov.cn/zhengce/detail/0043::b7caa7ebe17041f784440bff90886be1,docs/工程建设管理/关于印发《上海市城市管理综合行政执法不予行政处罚和减轻行政处罚实施规定》的通知.md
工程建设管理,规划与计划,市级,上海市交通委员会关于征集申报2026年度标准规范类项目制（修）订计划的通知,沪交科〔2025〕396号,上海市交通委员会,2025-06-24,有效,统一政策发布平台,https://www.shanghai.gov.cn/zhengce/detail/0010::4c8638ffffb4430eb9e2ab12a6603cd9,
工程建设管理,技术规定与导则,市级,上海市住房和城乡建设管理委员会关于批准《城镇污水处理厂分类技术标准》为上海市工程建设规范的通知,沪建标定〔2025〕317号,上海市住房和城乡建设管理委员会,2025-06-16,有效,统一政策发布平台,https://www.shanghai.gov.cn/zhengce/detail/0011::13421f493c6546308b9f23e96f75c614,docs/工程建设管理/上海市住房和城乡建设管理委员会关于批准《城镇污水处理厂分类技术标准》为上海市工程建设规范的通知.md
工程建设管理,通知公告,市级,上海市住房和城乡建设管理委员会关于组织开展2025年度上海市工程建设地方标准（标准设计）复审工作的通知,沪建标定〔2025〕309号,上海市住房和城乡建设管理委员会,2025-06-12,有效,统一政策发布平台,https://www.shanghai.gov.cn/zhengce/detail/0011::9c7ad639aeb847159faef589f983e682,
工程建设管理,通知公告,市级,上海市住房和城乡建设管理委员会关于征集2026年上海市工程建设规范和标准设计新编项目的通知,沪建标定〔2025〕298号,上海市住房和城乡建设管理委员会,2025-06-11,有效,统一政策发布平台,https://www.shanghai.gov.cn/zhengce/detail/0011::388022f55b104cf9b178f3aac0ba187c,
工程建设管理,实施意见,区级,关于印发《浦东新区推动基础设施领域不动产投资信托基金（REITs）常态化申报发行的若干措施》的通知,沪浦发改投〔2025〕0463号,上海市浦东新区发展和改革委员会,2025-06-16,有效,统一政策发布平台,https://www.shanghai.gov.cn/zhengce/detail/0070::0070341885,
工程建设管理,实施意见,市级,关于印发《农村生活污水治理“三基本”监管工作方案（试行）》的通知,沪水务〔2025〕255号,上海市水务局,2025-06-19,有效,统一政策发布平台,https://www.shanghai.gov.cn/zhengce/detail/0004::644d52791d2f41a5ab0c6448d900f7bb,
工程建设管理,实施细则,区级,关于印发修订后的《黄浦区“拨投结合” 股权投资基金管理实施细则》的通知,黄发改规〔2025〕2号,上海市黄浦区发展和改革委员会,2025-06-04,有效,统一政策发布平台,https://www.shanghai.gov.cn/zhengce/detail/0071::4be1f8a1-5d9c-4361-a0b0-8b3081e53841,docs/工程建设管理/关于印发修订后的《黄浦区“拨投结合” 股权投资基金管理实施细则》的通知.md
工程建设管理,通知公告,市级,关于转发《国家能源局关于组织开展新型电力系统建设第一批试点工作的通知》的通知,沪发改能源〔2025〕116号,上海市发展和改革委员会,2025-06-17,有效,统一政策发布平台,https://www.shanghai.gov.cn/zhengce/detail/0025::b579065e88f74e23921dcbf93099e7d3,
工程建设管理,通知公告,市级,上海市住房和城乡建设管理委员会关于进一步加强本市建设工程专职安全生产管理人员履职管理的通知,沪建质安〔2025〕287号,上海市住房和城乡建设管理委员会,2025-05-30,有效,统一政策发布平台,https://www.shanghai.gov.cn/zhengce/detail/0011::035419ade21843b8871bd34beaf258e5,
工程建设管理,技术规定与导则,市级,上海市住房和城乡建设管理委员会关于批准《桥梁顶推技术标准》为上海市工程建设规范的通知,沪建标定〔2025〕291号,上海市住房和城乡建设管理委员会,2025-05-30,有效,统一政策发布平台,https://www.shanghai.gov.cn/zhengce/detail/0011::7b65c5411d0c44a8955f01c36d2903be,docs/工程建设管理/上海市住房和城乡建设管理委员会关于批准《桥梁顶推技术标准》为上海市工程建设规范的通知.md
工程建设管理,技术规定与导则,市级,上海市住房和城乡建设管理委员会关于批准《扣件式钢管模板垂直支撑系统安全技术标准》为上海市工程建设规范的通知,沪建标定〔2025〕286号,上海市住房和城乡建设管理委员会,2025-05-30,有效,统一政策发布平台,https://www.shanghai.gov.cn/zhengce/detail/0011::64d2d64241df4bf2a2691daa43a21c9f,docs/工程建设管理/上海市住房和城乡建设管理委员会关于批准《扣件式钢管模板垂直支撑系统安全技术标准》为上海市工程建设规范.md
工程建设管理,技术规定与导则,市级,上海市住房和城乡建设管理委员会关于批准《建设工程地下水控制技术标准》为上海市工程建设规范的通知,沪建标定〔2025〕285号,上海市住房和城乡建设管理委员会,2025-05-30,有效,统一政策发布平台,https://www.shanghai.gov.cn/zhengce/detail/0011::e816572395a54ad2b43fbf8ccc5fc446,docs/工程建设管理/上海市住房和城乡建设管理委员会关于批准《建设工程地下水控制技术标准》为上海市工程建设规范的通知.md
工程建设管理,通知公告,区级,关于印发《静安区2025年碳达峰碳中和及节能减排重点工作安排》的通知,静发改委〔2025〕11号,上海市静安区发展和改革委员会,2025-06-12,有效,统一政策发布平台,https://www.shanghai.gov.cn/zhengce/detail/0072::e828931b-d940-42c0-b12f-7bab7de256fe,
工程建设管理,实施意见,区级,关于印发《关于进一步规范我区建设工程招投标相关工作的实施意见》的通知,闵建管规〔2025〕1号,上海市闵行区建设和管理委员会,2025-06-11,有效,统一政策发布平台,https://www.shanghai.gov.cn/zhengce/detail/0079::31df7982-ba1a-4417-a35a-faeda8628cf5,
工程建设管理,实施细则,市级,关于印发《上海市2025年落实国家老旧营运货车报废更新工作实施细则》的通知,沪交货〔2025〕296号,上海市交通委员会,2025-05-30,失效,统一政策发布平台,https://www.shanghai.gov.cn/zhengce/detail/0010::2a35acf303654504a357e8b3a790d59b,docs/工程建设管理/关于印发《上海市2025年落实国家老旧营运货车报废更新工作实施细则》的通知.md
工程建设管理,办法,区级,关于印发《静安区拆除违法建筑项目资金管理办法（2025年修订）》的通知,静城管政〔2025〕8号,上海市静安区城市管理行政执法局,2025-06-06,有效,统一政策发布平台,https://www.shanghai.gov.cn/zhengce/detail/0072::a171b48b-d3fc-41cc-bcdf-de941ec35113,docs/工程建设管理/关于印发《静安区拆除违法建筑项目资金管理办法（2025年修订）》的通知.md
工程建设管理,通知公告,市级,关于进一步加强项目储备谋划推动我市基础设施REITs提质扩容的通知,沪发改财金〔2025〕16号,上海市发展和改革委员会,2025-06-03,有效,统一政策发布平台,https://www.shanghai.gov.cn/zhengce/detail/0025::66cbd8c03a7944ac89cb163ad0f557a1,
工程建设管理,通知公告,市级,上海市住房和城乡建设管理委员会关于发布《上海市建筑师负责制第三批试点项目清单》的通知,沪建建管〔2025〕247号,上海市住房和城乡建设管理委员会,2025-05-07,有效,统一政策发布平台,https://www.shanghai.gov.cn/zhengce/detail/0011::221701c133dc4f6fb87a2d4089b2038a,
工程建设管理,技术规定与导则,市级,上海市住房和城乡建设管理委员会关于批准《单位附属绿地开放共享建设技术标准》为上海市工程建设规范的通知,沪建标定〔2025〕255号,上海市住房和城乡建设管理委员会,2025-05-13,有效,统一政策发布平台,https://www.shanghai.gov.cn/zhengce/detail/0011::fc2a1bbf40dd4b919bb2bd71d685a9e7,docs/工程建设管理/上海市住房和城乡建设管理委员会关于批准《单位附属绿地开放共享建设技术标准》为上海市工程建设规范的通知.md
工程建设管理,技术规定与导则,市级,上海市住房和城乡建设管理委员会关于批准《地面沉降监测设施维护维修技术标准》为上海市工程建设规范的通知,沪建标定〔2025〕254号,上海市住房和城乡建设管理委员会,2025-05-13,有效,统一政策发布平台,https://www.shanghai.gov.cn/zhengce/detail/0011::1290c56f2b0c4b9cb244fee5cfc994ed,docs/工程建设管理/上海市住房和城乡建设管理委员会关于批准《地面沉降监测设施维护维修技术标准》为上海市工程建设规范的通知.md
工程建设管理,技术规定与导则,市级,上海市住房和城乡建设管理委员会关于批准《道路交通信号设施技术标准》为上海市工程建设规范的通知,沪建标定〔2025〕219号,上海市住房和城乡建设管理委员会,2025-04-18,有效,统一政策发布平台,https://www.shanghai.gov.cn/zhengce/detail/0011::adc5bd75a58143558bd1e2fef75a9ef1,docs/工程建设管理/上海市住房和城乡建设管理委员会关于批准《道路交通信号设施技术标准》为上海市工程建设规范的通知.md
工程建设管理,办法,市级,关于印发《上海市建筑市场信用信息管理办法》的通知,沪建规范联〔2025〕3号,上海市住房和城乡建设管理委员会,2025-03-30,有效,统一政策发布平台,https://www.shanghai.gov.cn/zhengce/detail/0011::4bb6b74e23224d1a9ed8226458646385,docs/工程建设管理/关于印发《上海市建筑市场信用信息管理办法》的通知.md
工程建设管理,技术规定与导则,市级,上海市住房和城乡建设管理委员会关于批准《堤防工程安全评价及养护技术标准》为上海市工程建设规范的通知,沪建标定〔2025〕237号,上海市住房和城乡建设管理委员会,2025-04-29,有效,统一政策发布平台,https://www.shanghai.gov.cn/zhengce/detail/0011::47d8010fb54c492996e55f65bf16eac3,docs/工程建设管理/上海市住房和城乡建设管理委员会关于批准《堤防工程安全评价及养护技术标准》为上海市工程建设规范的通知.md
工程建设管理,技术规定与导则,市级,上海市住房和城乡建设管理委员会关于批准《城市道路设计标准》为上海市工程建设规范的通知,沪建标定〔2025〕235号,上海市住房和城乡建设管理委员会,2025-04-27,有效,统一政策发布平台,https://www.shanghai.gov.cn/zhengce/detail/0011::ca0e8f97c17e45279a4c286b5fcdfa42,docs/工程建设管理/上海市住房和城乡建设管理委员会关于批准《城市道路设计标准》为上海市工程建设规范的通知.md
工程建设管理,通知公告,市级,上海市住房和城乡建设管理委员会关于批准《公共汽车和电车中途站候车设施配置标准》为上海市工程建设规范的通知,沪建标定〔2025〕205号,上海市住房和城乡建设管理委员会,2025-04-08,有效,统一政策发布平台,https://www.shanghai.gov.cn/zhengce/detail/0011::3e49ab5fa6894cf39d45096cb44194d0,
工程建设管理,技术规定与导则,市级,上海市住房和城乡建设管理委员会关于批准《地面辐射供暖技术标准》为上海市工程建设规范的通知,沪建标定〔2025〕203号,上海市住房和城乡建设管理委员会,2025-04-08,有效,统一政策发布平台,https://www.shanghai.gov.cn/zhengce/detail/0011::952b5f328e03489bbb6ceefb492df32c,docs/工程建设管理/上海市住房和城乡建设管理委员会关于批准《地面辐射供暖技术标准》为上海市工程建设规范的通知.md
工程建设管理,技术规定与导则,市级,上海市住房和城乡建设管理委员会关于批准《优秀历史建筑保护修缮技术标准》为上海市工程建设规范的通知,沪建标定〔2025〕201号,上海市住房和城乡建设管理委员会,2025-04-08,有效,统一政策发布平台,https://www.shanghai.gov.cn/zhengce/detail/0011::003aadbdf0e244b2992c35aec11bbeb2,docs/工程建设管理/上海市住房和城乡建设管理委员会关于批准《优秀历史建筑保护修缮技术标准》为上海市工程建设规范的通知.md
工程建设管理,通知公告,市级,上海市交通委员会关于S26沪常高速维持收费的通知,沪交财〔2025〕314号,上海市交通委员会,2025-05-15,有效,统一政策发布平台,https://www.shanghai.gov.cn/zhengce/detail/0010::a2974e4b015b449581a9f085e3c7ece8,
工程建设管理,实施意见,市级,关于印发《第三届“浙港杯”长三角智能交通创新技术应用大赛上海赛区工作方案》的通知,沪交科〔2025〕236号,上海市交通委员会,2025-05-15,有效,统一政策发布平台,https://www.shanghai.gov.cn/zhengce/detail/0010::a2d1bfc389234e7098e17d5602c88e25,
工程建设管理,通知公告,市级,关于第二届“上港杯”长三角智能交通创新技术应用大赛上海赛区获奖作品和个人的通报,沪交科〔2025〕235号,上海市交通委员会,2025-05-15,有效,统一政策发布平台,https://www.shanghai.gov.cn/zhengce/detail/0010::150e3777b31344a9b51ee14c6ea5833b,
工程建设管理,实施意见,区级,关于印发《浦东新区支持出海企业总部和出海先锋企业发展的若干措施》的通知,沪浦发改规〔2025〕02号,上海市浦东新区发展和改革委员会,2025-05-08,有效,统一政策发布平台,https://www.shanghai.gov.cn/zhengce/detail/0070::0070340869,
工程建设管理,办法,市级,关于印发《上海市新型电力系统调节能力奖励资金管理办法》的通知,沪发改规范〔2025〕5号,上海市发展和改革委员会,2025-05-13,有效,统一政策发布平台,https://www.shanghai.gov.cn/zhengce/detail/0025::463852516eb64060b6962fb68c2b75fb,docs/工程建设管理/关于印发《上海市新型电力系统调节能力奖励资金管理办法》的通知.md
工程建设管理,通知公告,市级,上海市交通委员会关于组织申报2025年一季度调整优化航运集疏运结构项目资金的通知,沪交航〔2025〕281号,上海市交通委员会,2025-05-08,有效,统一政策发布平台,https://www.shanghai.gov.cn/zhengce/detail/0010::85e9560c5dfb4952896fb4d62944119f,
工程建设管理,通知公告,市级,关于加力提速推进2025年优化营商环境“十大攻坚突破任务”的通知,沪发改营商〔2025〕7号,上海市发展和改革委员会,2025-04-30,有效,统一政策发布平台,https://www.shanghai.gov.cn/zhengce/detail/0025::1e7ca1aa488045838ab46e19dbb5ea10,
工程建设管理,通知公告,市级,上海市应急管理局关于明确上海市防汛应急风险管理保障项目预算支出标准的通知,沪应急规财〔2025〕38号,上海市应急管理局,2025-04-29,有效,统一政策发布平台,https://www.shanghai.gov.cn/zhengce/detail/0037::02756be70e9b458d9317c95a21f87177,
工程建设管理,通知公告,市级,上海市应急管理局关于明确安全生产资格考试考核经费项目预算支出标准的通知,沪应急规财〔2025〕37号,上海市应急管理局,2025-04-29,有效,统一政策发布平台,https://www.shanghai.gov.cn/zhengce/detail/0037::e17f1edd81c04691a188050ba7c51ab7,
工程建设管理,实施意见,市级,上海市应急管理局关于进一步加强本市安全生产标准化建设工作的指导意见,沪应急工贸〔2025〕40号,上海市应急管理局,2025-04-29,有效,统一政策发布平台,https://www.shanghai.gov.cn/zhengce/detail/0037::d5786716b6394da9aa23eee2f33a2ce3,
工程建设管理,通知公告,市级,国家发展改革委 商务部 市场监管总局关于开展市场准入壁垒清理整治行动 促进全国统一大市场建设的通知,发改体改〔2025〕511号,上海市发展和改革委员会,2025-04-23,有效,统一政策发布平台,https://www.shanghai.gov.cn/zhengce/detail/0025::74aa785390014ee2a5a521558342d80b,
工程建设管理,通知公告,市级,关于核定本市管道天然气配气价格及上海天然气管网有限公司管输价格的通知,沪发改价管〔2025〕16号,上海市发展和改革委员会,2025-04-22,有效,统一政策发布平台,https://www.shanghai.gov.cn/zhengce/detail/0025::a0f6013a859347fdabeb750c3df99eb9,
工程建设管理,通知公告,市级,关于印发《上海市推动老化管道更新改造 提升城市安全韧性试点方案》的通知,沪发改地区〔2025〕9号,上海市发展和改革委员会,2025-04-18,有效,统一政策发布平台,https://www.shanghai.gov.cn/zhengce/detail/0025::32417fd7ad064a8d94f3f498134c605d,
工程建设管理,通知公告,区级,关于印发《闵行区处置危险化学品生产安全事故应急预案》的通知,闵应急发〔2025〕11号,上海市闵行区应急管理局,2025-03-31,有效,统一政策发布平台,https://www.shanghai.gov.cn/zhengce/detail/0079::1d6a6971-a40b-4400-a1bb-2b38c9e0f945,
工程建设管理,通知公告,区级,关于印发《闵行区生产安全事故专项应急预案》的通知,闵应急发〔2025〕12号,上海市闵行区应急管理局,2025-03-31,有效,统一政策发布平台,https://www.shanghai.gov.cn/zhengce/detail/0079::3d499912-e8ae-4129-9193-f68a6142e087,
工程建设管理,实施意见,市级,上海市交通委员会 上海市公安局关于印发《高效办成大件运输“一件事”实施方案》的通知,沪交法〔2025〕175号,上海市交通委员会,2025-04-10,有效,统一政策发布平台,https://www.shanghai.gov.cn/zhengce/detail/0010::f3a9f06260a24f63b55d592a705eb9ae,
工程建设管理,实施意见,市级,关于印发《关于规范上海港口船岸主要装卸设备更新的指导意见》的通知,沪交港〔2025〕224号,上海市交通委员会,2025-04-25,有效,统一政策发布平台,https://www.shanghai.gov.cn/zhengce/detail/0010::55659c07ddbe4ff79f994a77747833e7,
工程建设管理,通知公告,市级,关于印发《优化我市非电网直供电价格政策的工作指引》的通知,沪发改价管〔2025〕14号,上海市发展和改革委员会,2025-04-14,有效,统一政策发布平台,https://www.shanghai.gov.cn/zhengce/detail/0025::b70ad6c60eb54be3a3aa013a5497c372,
工程建设管理,实施意见,区级,奉贤区发展改革委关于印发《奉贤区开展“诚信经营示范街区(商圈)”建设工作的实施方案（试行）》的通知,沪奉发改〔2025〕17号,上海市奉贤区发展和改革委员会,2025-04-14,有效,统一政策发布平台,https://www.shanghai.gov.cn/zhengce/detail/0084::00841944,
工程建设管理,规定,区级,关于印发《宝山区城市管理综合行政执法办案规定》的通知,宝城执〔2025〕2号,上海市宝山区城市管理行政执法局,2025-03-31,有效,统一政策发布平台,https://www.shanghai.gov.cn/zhengce/detail/0078::fbad4365-3da2-4de7-a941-37348e5a89d0,docs/工程建设管理/关于印发《宝山区城市管理综合行政执法办案规定》的通知.md
工程建设管理,通知公告,市级,关于开展2024年度新能源出租车充电示范站申报工作的通知,沪交科〔2025〕180号,上海市交通委员会、上海市发展和改革委员会,2025-04-02,有效,统一政策发布平台,https://www.shanghai.gov.cn/zhengce/detail/0010::f831733480af497ea1e4993d0e49dc43,
工程建设管理,通知公告,市级,上海市交通委员会关于征集交通领域节能减排新技术、新产品、新设备、新材料及节能操作法、工作法的通知,沪交科〔2025〕177号,上海市交通委员会,2025-03-20,有效,统一政策发布平台,https://www.shanghai.gov.cn/zhengce/detail/0010::9dea79a8e0694897ae849cda6e48760c,
工程建设管理,办法,街镇级,关于印发《城桥镇限额以下小型建设工程安全监督管理办法（试行）》的通知,沪崇城府〔2025〕23号,上海市崇明区城桥镇人民政府,2025-03-31,有效,统一政策发布平台,https://www.shanghai.gov.cn/zhengce/detail/0085::test_4e5b8caf-bf90-4dbf-ae70-36aa52452c61,docs/工程建设管理/关于印发《城桥镇限额以下小型建设工程安全监督管理办法（试行）》的通知.md
工程建设管理,通知公告,市级,关于明确市级管理的殡仪馆实行政府定价（政府指导价）殡葬服务项目收费标准的通知,沪发改价调〔2025〕11号,上海市发展和改革委员会,2025-03-31,有效,统一政策发布平台,https://www.shanghai.gov.cn/zhengce/detail/0025::5439c5e4be104a198b5a3d41489c8c9d,
工程建设管理,办法,区级,浦东新区人民政府 临港新片区管委会印发《浦东新区关于推进建筑师负责制工作的实施办法》的通知,浦府规〔2025〕2号,上海市浦东新区人民政府,2025-03-31,有效,统一政策发布平台,https://www.shanghai.gov.cn/zhengce/detail/0070::0070339732,docs/工程建设管理/浦东新区人民政府 临港新片区管委会印发《浦东新区关于推进建筑师负责制工作的实施办法》的通知.md
工程建设管理,通知公告,市级,关于开展2025年上海市促进现代航运服务业创新项目申报的通知,沪交航〔2025〕199号,上海市交通委员会,2025-03-27,有效,统一政策发布平台,https://www.shanghai.gov.cn/zhengce/detail/0010::12bdc190c41a4338b6773ffe535ecc14,
工程建设管理,通知公告,市级,上海市交通委员会关于优化调整大芦线航道限制船舶主尺度的通知,沪交海〔2025〕190号,上海市交通委员会,2025-03-26,有效,统一政策发布平台,https://www.shanghai.gov.cn/zhengce/detail/0010::90bcc65a541c43d19c620f48d9703fe8,
工程建设管理,审查与许可规则,市级,上海市住房和城乡建设管理委员会关于进一步规范建设单位竣工验收消防查验工作的通知,沪建质安〔2025〕173号,上海市住房和城乡建设管理委员会,2025-03-24,有效,统一政策发布平台,https://www.shanghai.gov.cn/zhengce/detail/0011::52453bd2c6a540b8a768847a6e225719,docs/工程建设管理/上海市住房和城乡建设管理委员会关于进一步规范建设单位竣工验收消防查验工作的通知.md
工程建设管理,审查与许可规则,市级,上海市住房和城乡建设管理委员会关于调整本市建筑施工企业安全生产许可证人员配置标准的通知,沪建质安〔2025〕152号,上海市住房和城乡建设管理委员会,2025-03-14,有效,统一政策发布平台,https://www.shanghai.gov.cn/zhengce/detail/0011::642d1235d06c4d97a28aabde17509307,docs/工程建设管理/上海市住房和城乡建设管理委员会关于调整本市建筑施工企业安全生产许可证人员配置标准的通知.md
工程建设管理,通知公告,市级,上海市住房和城乡建设管理委员会关于批准《智能驾驶道路基础框架数据标准》为上海市工程建设规范的通知,沪建标定〔2025〕167号,上海市住房和城乡建设管理委员会,2025-03-19,有效,统一政策发布平台,https://www.shanghai.gov.cn/zhengce/detail/0011::f29d124011de47849a0e25c9c5f9e363,
工程建设管理,审查与许可规则,市级,上海市住房和城乡建设管理委员会关于批准《住宅工程套内质量验收标准》为上海市工程建设规范的通知,沪建标定〔2025〕164号,上海市住房和城乡建设管理委员会,2025-03-19,有效,统一政策发布平台,https://www.shanghai.gov.cn/zhengce/detail/0011::2578304689ef4726ba88aae3ca4c5955,docs/工程建设管理/上海市住房和城乡建设管理委员会关于批准《住宅工程套内质量验收标准》为上海市工程建设规范的通知.md
工程建设管理,技术规定与导则,市级,上海市住房和城乡建设管理委员会关于批准《地下管线探测技术标准》为上海市工程建设规范的通知,沪建标定〔2025〕147号,上海市住房和城乡建设管理委员会,2025-03-11,有效,统一政策发布平台,https://www.shanghai.gov.cn/zhengce/detail/0011::63bb3b9de6024ba3914fbda2ca105c39,docs/工程建设管理/上海市住房和城乡建设管理委员会关于批准《地下管线探测技术标准》为上海市工程建设规范的通知.md
工程建设管理,技术规定与导则,市级,上海市住房和城乡建设管理委员会关于批准《集体土地所有权调查技术标准》为上海市工程建设规范的通知,沪建标定〔2025〕146号,上海市住房和城乡建设管理委员会,2025-03-11,有效,统一政策发布平台,https://www.shanghai.gov.cn/zhengce/detail/0011::e31199f39a7b471ea10c5b14417fe37a,docs/工程建设管理/上海市住房和城乡建设管理委员会关于批准《集体土地所有权调查技术标准》为上海市工程建设规范的通知.md
工程建设管理,技术规定与导则,市级,上海市住房和城乡建设管理委员会关于批准《人民防空工程安全风险评估技术标准》为上海市工程建设规范的通知,沪建标定〔2025〕135号,上海市住房和城乡建设管理委员会,2025-03-05,有效,统一政策发布平台,https://www.shanghai.gov.cn/zhengce/detail/0011::44d1af2c147444e8bb3d6c4d1dcab86a,docs/工程建设管理/上海市住房和城乡建设管理委员会关于批准《人民防空工程安全风险评估技术标准》为上海市工程建设规范的通知.md
工程建设管理,技术规定与导则,市级,上海市住房和城乡建设管理委员会关于批准《城市地理实体信息智能采集与建库技术标准》为上海市工程建设规范的通知,沪建标定〔2025〕134号,上海市住房和城乡建设管理委员会,2025-03-05,有效,统一政策发布平台,https://www.shanghai.gov.cn/zhengce/detail/0011::360e1daeb299470bb4ccd8559a4ca291,docs/工程建设管理/上海市住房和城乡建设管理委员会关于批准《城市地理实体信息智能采集与建库技术标准》为上海市工程建设规范.md
工程建设管理,技术规定与导则,市级,上海市住房和城乡建设管理委员会关于批准《生态公益林建设技术标准》为上海市工程建设规范的通知,沪建标定〔2025〕145号,上海市住房和城乡建设管理委员会,2025-03-11,有效,统一政策发布平台,https://www.shanghai.gov.cn/zhengce/detail/0011::90691207ef054dc8aca0c14850782ce3,docs/工程建设管理/上海市住房和城乡建设管理委员会关于批准《生态公益林建设技术标准》为上海市工程建设规范的通知.md
工程建设管理,通知公告,市级,上海市住房和城乡建设管理委员会关于批准《公路养护工程质量检验评定标准》为上海市工程建设规范的通知,沪建标定〔2025〕110号,上海市住房和城乡建设管理委员会,2025-02-25,有效,统一政策发布平台,https://www.shanghai.gov.cn/zhengce/detail/0011::f9b78e833634487bb6ad7aea01b065e4,
工程建设管理,技术规定与导则,市级,上海市住房和城乡建设管理委员会关于批准《绿化植物保护技术标准》为上海市工程建设规范的通知,沪建标定〔2025〕118号,上海市住房和城乡建设管理委员会,2025-02-28,有效,统一政策发布平台,https://www.shanghai.gov.cn/zhengce/detail/0011::5f5686bfaa2c470e81f387aabd29b98f,docs/工程建设管理/上海市住房和城乡建设管理委员会关于批准《绿化植物保护技术标准》为上海市工程建设规范的通知.md
工程建设管理,通知公告,市级,上海市住房和城乡建设管理委员会关于批准《旧住房更新改造查勘标准》为上海市工程建设规范的通知,沪建标定〔2025〕111号,上海市住房和城乡建设管理委员会,2025-02-25,有效,统一政策发布平台,https://www.shanghai.gov.cn/zhengce/detail/0011::75a94fab5a4a42739c9e2068885f605e,
工程建设管理,技术规定与导则,市级,上海市住房和城乡建设管理委员会关于批准《干混砌筑砂浆抗压强度现场检测技术标准》为上海市工程建设规范的通知,沪建标定〔2025〕95号,上海市住房和城乡建设管理委员会,2025-02-18,有效,统一政策发布平台,https://www.shanghai.gov.cn/zhengce/detail/0011::8e32e2be5f9548c68807af1ffc87ed5a,docs/工程建设管理/上海市住房和城乡建设管理委员会关于批准《干混砌筑砂浆抗压强度现场检测技术标准》为上海市工程建设规范的.md
工程建设管理,规定,市级,上海市水务局关于印发《上海市水务建设工程安全质量行政处罚裁量权行使规定》和《上海市水务建设工程安全质量行政处罚裁量基准》的通知,沪水务规范〔2025〕4号,上海市水务局,2025-03-21,有效,统一政策发布平台,https://www.shanghai.gov.cn/zhengce/detail/0004::02d354e1835c4c1594390f3e7e51c97f,docs/工程建设管理/上海市水务局关于印发《上海市水务建设工程安全质量行政处罚裁量权行使规定》和《上海市水务建设工程安全质.md
工程建设管理,其他,市级,上海市应急管理局关于2025年第2批安全生产标准化等级企业的通告,沪应急通〔2025〕3号,上海市应急管理局,2025-03-19,有效,统一政策发布平台,https://www.shanghai.gov.cn/zhengce/detail/0037::efecca194a6e4a82af84a591e12ad708,
工程建设管理,规定,市级,关于修改《上海市建设工程垃圾运输许可证吊销程序规定》的通知,沪城管规〔2025〕1号,上海市城市管理行政执法局,2025-03-03,有效,统一政策发布平台,https://www.shanghai.gov.cn/zhengce/detail/0043::fdfd8664c7fa461690a28011ddf12d49,docs/工程建设管理/关于修改《上海市建设工程垃圾运输许可证吊销程序规定》的通知.md
工程建设管理,办法,市级,关于印发《上海市鼓励电动汽车充换电设施发展扶持办法》的通知,沪发改规范〔2025〕3号,上海市发展和改革委员会,2025-03-07,有效,统一政策发布平台,https://www.shanghai.gov.cn/zhengce/detail/0025::c8e6a0cc6a0f49f1b23be1a90255d572,docs/工程建设管理/关于印发《上海市鼓励电动汽车充换电设施发展扶持办法》的通知.md
工程建设管理,实施意见,市级,关于印发《关于因地制宜推进农村生活污水治理工作的实施意见》的通知,沪水务〔2025〕89号,上海市水务局,2025-03-04,有效,统一政策发布平台,https://www.shanghai.gov.cn/zhengce/detail/0004::a124f96cc3e4456da0bc407eb8a792cf,
工程建设管理,通知公告,市级,上海市交通委员会关于进一步加强本市教练车车载计时终端管理要求的通知,沪交运服〔2025〕135号,上海市交通委员会,2025-02-28,有效,统一政策发布平台,https://www.shanghai.gov.cn/zhengce/detail/0010::d701e6503635433aa466ac376505c795,
工程建设管理,通知公告,市级,关于印发《上海市机动车维修行业“一业一证”合规经营指南》的通知,沪交运服〔2025〕144号,上海市交通委员会,2025-02-07,有效,统一政策发布平台,https://www.shanghai.gov.cn/zhengce/detail/0010::f45b6ca6bc0c49c5b1be6f80720e73f9,
工程建设管理,办法,街镇级,上海市崇明区港沿镇人民政府关于印发《港沿镇政府投资小型建设工程项目管理办法》的通知,沪崇港府〔2025〕5号,上海市崇明区港沿镇人民政府,2025-02-18,有效,统一政策发布平台,https://www.shanghai.gov.cn/zhengce/detail/0085::test_b65c850f-03f9-4c60-80d7-a60da58f5fe7,docs/工程建设管理/上海市崇明区港沿镇人民政府关于印发《港沿镇政府投资小型建设工程项目管理办法》的通知.md
工程建设管理,规定,市级,上海市交通委员会关于延长《上海港危险货物集装箱港内堆存作业管理规定》有效期的通知,沪交行规〔2025〕3号,上海市交通委员会,2025-02-25,有效,统一政策发布平台,https://www.shanghai.gov.cn/zhengce/detail/0010::4e7b1eb1d3ed416db671086f402676a8,docs/工程建设管理/上海市交通委员会关于延长《上海港危险货物集装箱港内堆存作业管理规定》有效期的通知.md
工程建设管理,办法,街镇级,月浦镇限额以下小型建设工程管理办法（试行）,宝月府〔2025〕2号,上海市宝山区月浦镇人民政府,2025-02-17,有效,统一政策发布平台,https://www.shanghai.gov.cn/zhengce/detail/0078::aa665b46-ec91-4310-9785-7b1dbf8ef617,docs/工程建设管理/月浦镇限额以下小型建设工程管理办法（试行）.md
工程建设管理,通知公告,市级,上海市应急管理局关于做好公共信用信息 修复“两书同达”工作的通知,沪应急执法〔2025〕11号,上海市应急管理局,2025-02-14,有效,统一政策发布平台,https://www.shanghai.gov.cn/zhengce/detail/0037::6bd151bfc6a94b8e98f6821a56cce11c,
工程建设管理,规划与计划,区级,上海市嘉定区人民政府关于印发《2025年嘉定区重大工程建设计划》的通知,嘉府发〔2025〕3号,区政府,2025-02-17,有效,统一政策发布平台,https://www.shanghai.gov.cn/zhengce/detail/0080::5_185337,
工程建设管理,通知公告,市级,上海市交通委关于开展本市2025年水路运输及其辅助业核查工作的通知,沪交港〔2025〕86号,上海市交通委员会,2025-02-25,有效,统一政策发布平台,https://www.shanghai.gov.cn/zhengce/detail/0010::6ade6af50c764568b9b70dd79fcc3875,
工程建设管理,通知公告,市级,上海市交通委员会关于组织申报2024年四季度调整优化航运集疏运结构项目资金的通知,沪交航〔2025〕76号,上海市交通委员会,2025-02-08,有效,统一政策发布平台,https://www.shanghai.gov.cn/zhengce/detail/0010::7472094029a44b4a979f4ba4d98a53f6,
工程建设管理,通知公告,区级,关于印发《上海市崇明区处置危险化学品生产安全事故专项应急预案》的通知,沪崇应急〔2025〕7号,上海市崇明区应急管理局,2025-01-27,有效,统一政策发布平台,https://www.shanghai.gov.cn/zhengce/detail/0085::test_f8c9562d-e769-4f74-a01a-47d1845bdc64,
工程建设管理,通知公告,市级,关于延续实施上海市农民相对集中居住市级奖补政策的通知,沪发改地区〔2025〕6号,上海市发展和改革委员会,2025-02-05,有效,统一政策发布平台,https://www.shanghai.gov.cn/zhengce/detail/0025::02c7e935ae9843968fafbfe6e66202bd,
工程建设管理,通知公告,区级,关于加强宝山区民用机场净空保护相关工作的通知,宝交〔2025〕1号,上海市宝山区交通委员会,2025-02-07,有效,统一政策发布平台,https://www.shanghai.gov.cn/zhengce/detail/0078::3b7de4df-cd81-4e65-a720-2df79a58216c,
工程建设管理,通知公告,区级,关于印发《上海市崇明区生产安全事故专项应急预案》的通知,沪崇应急〔2025〕6号,上海市崇明区应急管理局,2025-01-27,有效,统一政策发布平台,https://www.shanghai.gov.cn/zhengce/detail/0085::test_c68e8c7b-b5d3-4c73-9daf-fcda5017afe9,
工程建设管理,通知公告,市级,关于印发《上海市园林绿化建设工程安全生产突发事件应急预案》的通知,沪绿容〔2025〕2号,上海市绿化和市容管理局,2025-01-07,有效,统一政策发布平台,https://www.shanghai.gov.cn/zhengce/detail/0039::f7cff379-819f-4f3f-8ee4-2ce2dae4fd20,
工程建设管理,其他,市级,上海市应急管理局关于2025年第1批安全生产标准化等级企业的通告,沪应急通〔2025〕1号,上海市应急管理局,2025-01-27,有效,统一政策发布平台,https://www.shanghai.gov.cn/zhengce/detail/0037::ab0a40fd46af41e7a7d687e70faa7d4c,
工程建设管理,通知公告,市级,关于印发《优化提升本市物流仓储设施及服务行动方案（2025-2027年）》和《优化提升本市物流仓储设施及服务支持政策》的通知,沪发改产〔2025〕2号,上海市发展和改革委员会,2025-01-24,有效,统一政策发布平台,https://www.shanghai.gov.cn/zhengce/detail/0025::19e0695080cd45c7832e858421a93bfa,
工程建设管理,通知公告,市级,上海市住房和城乡建设管理委员会关于规范建设工程施工现场视频监控管理的通知,沪建质安〔2025〕54号,上海市住房和城乡建设管理委员会,2025-01-26,有效,统一政策发布平台,https://www.shanghai.gov.cn/zhengce/detail/0011::a733d5a1fb1f4d45bb05bc0714d054ff,
工程建设管理,办法,市级,关于印发《上海市建设工程设计方案批后调整和建设规划许可变更管理办法》的通知,沪规划资源规〔2025〕1号,上海市规划和自然资源局,2025-01-26,有效,统一政策发布平台,https://www.shanghai.gov.cn/zhengce/detail/0032::61b934dade3e4fbaab573e01f115db0e,docs/工程建设管理/关于印发《上海市建设工程设计方案批后调整和建设规划许可变更管理办法》的通知.md
工程建设管理,通知公告,市级,关于开展2025年本市港口经营企业核查强化行业监管服务工作的通知,沪交港〔2025〕22号,上海市交通委员会,2025-01-15,有效,统一政策发布平台,https://www.shanghai.gov.cn/zhengce/detail/0010::a5d322ff11bf43609b79bd1f680f9023,
工程建设管理,其他,市级,关于公布通过2024年度《港口设施保安符合证书》年度核验等情况的通告,沪交港〔2025〕45号,上海市交通委员会,2025-01-23,有效,统一政策发布平台,https://www.shanghai.gov.cn/zhengce/detail/0010::3c3c7f5f05f34ba1a654023ec91cdb5b,
工程建设管理,办法,区级,关于印发《浦东新区节能低碳专项资金管理办法》的通知,沪浦发改规〔2025〕1号,上海市浦东新区发展和改革委员会,2025-01-23,有效,统一政策发布平台,https://www.shanghai.gov.cn/zhengce/detail/0070::0070336647,docs/工程建设管理/关于印发《浦东新区节能低碳专项资金管理办法》的通知.md
工程建设管理,通知公告,区级,关于印发《徐汇区促进绿色低碳产业发展的扶持意见》的通知,徐发改规〔2025〕2号,上海市徐汇区发展和改革委员会,2025-01-24,有效,统一政策发布平台,https://www.shanghai.gov.cn/zhengce/detail/0073::0073130,
工程建设管理,实施意见,区级,关于印发《徐汇区关于推动专业服务业高质量发展的若干意见》的通知,徐发改规〔2025〕1号,上海市徐汇区发展和改革委员会,2025-01-24,有效,统一政策发布平台,https://www.shanghai.gov.cn/zhengce/detail/0073::0073131,
工程建设管理,实施意见,区级,关于废止《闵行区建设工程垃圾运输企业监管实施方案》的通知,闵绿容规发〔2025〕1号,上海市闵行区绿化和市容管理局,2025-01-23,有效,统一政策发布平台,https://www.shanghai.gov.cn/zhengce/detail/0079::f4522f4b-1060-4928-8f90-2138b6567df0,
工程建设管理,办法,区级,关于印发《静安区支持节能减排降碳实施办法》的通知,静发改委规〔2025〕1号,上海市静安区发展和改革委员会,2025-01-20,有效,统一政策发布平台,https://www.shanghai.gov.cn/zhengce/detail/0072::6530dfe1-e26e-4064-99cb-93a4aefd173a,docs/工程建设管理/关于印发《静安区支持节能减排降碳实施办法》的通知.md
工程建设管理,审查与许可规则,市级,上海市住房和城乡建设管理委员会关于批准《城镇排水工程施工质量验收标准》为上海市工程建设规范的通知,沪建标定〔2025〕35号,上海市住房和城乡建设管理委员会,2025-01-17,有效,统一政策发布平台,https://www.shanghai.gov.cn/zhengce/detail/0011::420a9200bae347c28b0fdf61fb2aaf9f,docs/工程建设管理/上海市住房和城乡建设管理委员会关于批准《城镇排水工程施工质量验收标准》为上海市工程建设规范的通知.md
工程建设管理,通知公告,市级,上海市住房和城乡建设管理委员会关于批准《建设工程检测管理标准》为上海市工程建设规范的通知,沪建标定〔2025〕34号,上海市住房和城乡建设管理委员会,2025-01-17,有效,统一政策发布平台,https://www.shanghai.gov.cn/zhengce/detail/0011::011db43d49bf4d17b92c641a6da45aad,
工程建设管理,规划与计划,市级,上海市交通委员会关于印发《上海市交通领域精细化管理三年行动计划(2024-2026年)》的通知,沪交设养〔2024〕1025号,上海市交通委员会,2025-01-07,有效,统一政策发布平台,https://www.shanghai.gov.cn/zhengce/detail/0010::709db71306dd44b3ae707d6432a12717,
工程建设管理,规划与计划,市级,关于印发《〈上海市深入实施以人为本的新型城镇化战略五年行动计划的实施方案〉任务分工方案》的通知,沪区域办〔2025〕2号,上海市发展和改革委员会,2025-01-13,有效,统一政策发布平台,https://www.shanghai.gov.cn/zhengce/detail/0025::17a30cf348bf4e4cb4b4c27d565db643,
工程建设管理,通知公告,市级,关于报送2025年度独立储能电站项目的通知,沪发改能源〔2025〕12号,上海市发展和改革委员会,2025-01-13,有效,统一政策发布平台,https://www.shanghai.gov.cn/zhengce/detail/0025::90464b4c0ef348b89e827d3e29352747,
工程建设管理,通知公告,市级,上海市住房和城乡建设管理委员会关于印发《上海市房屋（住宅）建筑防水工程质量指导手册》的通知,沪建标定〔2025〕12号,上海市住房和城乡建设管理委员会,2025-01-08,有效,统一政策发布平台,https://www.shanghai.gov.cn/zhengce/detail/0011::cb47118385b1411298a60b04fea36887,
工程建设管理,技术规定与导则,市级,上海市住房和城乡建设管理委员会关于批准《建筑装饰工程石材应用技术标准》为上海市工程建设规范的通知,沪建标定〔2025〕11号,上海市住房和城乡建设管理委员会,2025-01-08,有效,统一政策发布平台,https://www.shanghai.gov.cn/zhengce/detail/0011::4c3ca37d672d47fab83442063f36bbfc,docs/工程建设管理/上海市住房和城乡建设管理委员会关于批准《建筑装饰工程石材应用技术标准》为上海市工程建设规范的通知.md
工程建设管理,办法,区级,关于印发《虹口区区级建设财力项目管理办法》的通知,虹发改规〔2025〕1号,上海市虹口区发展和改革委员会,2025-01-07,有效,统一政策发布平台,https://www.shanghai.gov.cn/zhengce/detail/0076::3e73ba98-d749-4816-9f81-45b55476d223,docs/工程建设管理/关于印发《虹口区区级建设财力项目管理办法》的通知.md
工程建设管理,实施细则,其他,关于印发《临港新片区对接国际高标准经贸规则 推进建设工程招投标改革的操作细则》的通知,沪自贸临管委〔2025〕2号,中国（上海）自由贸易试验区临港新片区管理委员会,2025-01-06,有效,统一政策发布平台,https://www.shanghai.gov.cn/zhengce/detail/0058::42752755d7ec4089af6e4879e2fa2e2d,docs/工程建设管理/关于印发《临港新片区对接国际高标准经贸规则 推进建设工程招投标改革的操作细则》的通知.md
工程建设管理,技术规定与导则,市级,上海市住房和城乡建设管理委员会关于批准《城镇供水厂超滤膜处理工程技术标准》为上海市工程建设规范的通知,沪建标定〔2025〕5号,上海市住房和城乡建设管理委员会,2025-01-03,有效,统一政策发布平台,https://www.shanghai.gov.cn/zhengce/detail/0011::c96f4a3779814c308c23cb7712b3611c,docs/工程建设管理/上海市住房和城乡建设管理委员会关于批准《城镇供水厂超滤膜处理工程技术标准》为上海市工程建设规范的通知.md
工程建设管理,办法,市级,上海市住房和城乡建设管理委员会关于延长《上海市建设工程生产安全事故行业调查办法（试行）》有效期的通知,,上海市住房和城乡建设管理委员会,2024-11,有效,市住建委规范性文件,https://zjw.sh.gov.cn/gfxwj/20241106/7bed42a1ec27443eae4f2048368e3ad2.html,docs/工程建设管理/上海市住房和城乡建设管理委员会关于延长《上海市建设工程生产安全事故行业调查办法（试行）》有效期的通知.md
工程建设管理,办法,市级,上海市住房和城乡建设管理委员会关于印发《上海市基坑工程管理办法》的通知,,上海市住房和城乡建设管理委员会,2024-11,有效,市住建委规范性文件,https://zjw.sh.gov.cn/gfxwj/20241106/fc637102f8dd4d01bcd146063e7c0bc0.html,docs/工程建设管理/上海市住房和城乡建设管理委员会关于印发《上海市基坑工程管理办法》的通知.md
工程建设管理,办法,市级,上海市住房和城乡建设管理委员会关于印发《上海市建设工程采用尚无国家技术标准的新技术、新材料技术论证管理办法》的通知,,上海市住房和城乡建设管理委员会,2024-09,有效,市住建委规范性文件,https://zjw.sh.gov.cn/gfxwj/20240926/a224c3deb44b4721ace63e6a10a1382e.html,docs/工程建设管理/上海市住房和城乡建设管理委员会关于印发《上海市建设工程采用尚无国家技术标准的新技术、新材料技术论证管.md
工程建设管理,办法,市级,上海市住房和城乡建设管理委员会关于印发《上海市建筑施工企业安全生产许可批后监督管理办法》的通知,,上海市住房和城乡建设管理委员会,2024-09,有效,市住建委规范性文件,https://zjw.sh.gov.cn/gfxwj/20240924/382d4bd1bf6941f0b9ed7fafc6a69971.html,docs/工程建设管理/上海市住房和城乡建设管理委员会关于印发《上海市建筑施工企业安全生产许可批后监督管理办法》的通知.md
工程建设管理,办法,市级,上海市住房和城乡建设管理委员会关于印发《上海市住宅工程质量分户验收管理办法》的通知,,上海市住房和城乡建设管理委员会,2024-03,有效,市住建委规范性文件,https://zjw.sh.gov.cn/gfxwj/20240322/5a1f15d0263e4c4997623f27cb405e63.html,docs/工程建设管理/上海市住房和城乡建设管理委员会关于印发《上海市住宅工程质量分户验收管理办法》的通知.md
工程建设管理,办法,市级,关于印发《上海市推进住宅工程质量潜在缺陷保险实施办法》的通知,,上海市住房和城乡建设管理委员会,2024-03,有效,市住建委规范性文件,https://zjw.sh.gov.cn/gfxwj/20240322/74ae3ceb4a9b4c30854b25d470dde794.html,docs/工程建设管理/关于印发《上海市推进住宅工程质量潜在缺陷保险实施办法》的通知.md
工程建设管理,办法,市级,上海市住房和城乡建设管理委员会关于修订印发《上海市建设项目工程总承包招标评标办法》的通知,,上海市住房和城乡建设管理委员会,2024-03,有效,市住建委规范性文件,https://zjw.sh.gov.cn/gfxwj/20240329/97df46c3253a42149d1efa714d28a03b.html,docs/工程建设管理/上海市住房和城乡建设管理委员会关于修订印发《上海市建设项目工程总承包招标评标办法》的通知.md
工程建设管理,办法,市级,上海市住房和城乡建设管理委员会关于印发《上海市在沪工程监理企业信用评价管理办法》的通知,,上海市住房和城乡建设管理委员会,2024-02,有效,市住建委规范性文件,https://zjw.sh.gov.cn/gfxwj/20240219/8108481fee754fa48edb325fbaf633de.html,docs/工程建设管理/上海市住房和城乡建设管理委员会关于印发《上海市在沪工程监理企业信用评价管理办法》的通知.md
工程建设管理,办法,市级,上海市住房和城乡建设管理委员会关于印发《上海市建设工程招标投标管理办法实施细则》的通知,,上海市住房和城乡建设管理委员会,2024-02,有效,市住建委规范性文件,https://zjw.sh.gov.cn/gfxwj/20240219/2b2d973fcb474d1286168eb9e2687fc8.html,docs/工程建设管理/上海市住房和城乡建设管理委员会关于印发《上海市建设工程招标投标管理办法实施细则》的通知.md
工程建设管理,办法,市级,上海市住房和城乡建设管理委员会关于印发《上海市工程建设工法管理办法》的通知,,上海市住房和城乡建设管理委员会,2024-01,有效,市住建委规范性文件,https://zjw.sh.gov.cn/gfxwj/20240111/35f8a00cee59487696bb4c2679885cb6.html,docs/工程建设管理/上海市住房和城乡建设管理委员会关于印发《上海市工程建设工法管理办法》的通知.md
工程建设管理,规定,市级,上海市住房和城乡建设管理委员会关于印发《上海市建设工程合同信息报送管理规定》的通知,沪建规范〔2024〕17号,上海市住房和城乡建设管理委员会,2024-12-18,有效,统一政策发布平台,https://www.shanghai.gov.cn/zhengce/detail/0011::5c51e9ab08c54096965a32f7e04dc866,docs/工程建设管理/上海市住房和城乡建设管理委员会关于印发《上海市建设工程合同信息报送管理规定》的通知.md
工程建设管理,办法,市级,关于印发《上海市市重大工程建设涉及资源要素统筹保障实施办法》的通知,沪建工程联〔2024〕613号,上海市住房和城乡建设管理委员会,2024-12-20,有效,统一政策发布平台,https://www.shanghai.gov.cn/zhengce/detail/0011::6baf11fb07ef4a29aed282d42560202a,docs/工程建设管理/关于印发《上海市市重大工程建设涉及资源要素统筹保障实施办法》的通知.md
工程建设管理,办法,市级,关于修订印发《上海市进一步优化电力接入营商环境实施办法》的通知,沪发改规范〔2024〕14号,上海市发展和改革委员会,2024-12-30,有效,统一政策发布平台,https://www.shanghai.gov.cn/zhengce/detail/0025::09e946cb04314756989dcaffda9d41c1,docs/工程建设管理/关于修订印发《上海市进一步优化电力接入营商环境实施办法》的通知.md
工程建设管理,实施意见,市级,上海市交通委员会关于印发《上海市城市综合交通体系建设工作方案》的通知,沪交设养〔2024〕984号,上海市交通委员会,2024-12-30,有效,统一政策发布平台,https://www.shanghai.gov.cn/zhengce/detail/0010::bfdfefe4d68a4146b889c2b6763d6038,
工程建设管理,通知公告,市级,上海市应急管理局关于本市应急管理行政处罚裁量基准适用有关事项的通知,沪应急法规〔2024〕89号,上海市应急管理局,2024-12-31,有效,统一政策发布平台,https://www.shanghai.gov.cn/zhengce/detail/0037::78d01afaf8ea4e658fff21937a240202,
工程建设管理,办法,市级,关于印发《上海市投资项目在线审批监管平台运行管理办法》的通知,沪发改规范〔2024〕13号,上海市发展和改革委员会,2024-12-30,有效,统一政策发布平台,https://www.shanghai.gov.cn/zhengce/detail/0025::189e799353eb412db7ee2a65cd1592dd,docs/工程建设管理/关于印发《上海市投资项目在线审批监管平台运行管理办法》的通知.md
工程建设管理,通知公告,区级,关于印发《浦东新区专业服务业提升行动方案》的通知,沪浦发改营商〔2024〕1150号,上海市浦东新区发展和改革委员会,2024-12-31,有效,统一政策发布平台,https://www.shanghai.gov.cn/zhengce/detail/0070::0070335544,
工程建设管理,实施意见,市级,上海市海洋局关于印发《上海市用海用岛疑点疑区监测核查工作方案》的通知,沪海洋〔2024〕144号,上海市水务局,2024-12-31,有效,统一政策发布平台,https://www.shanghai.gov.cn/zhengce/detail/0004::6d649e7d33054c2ca8a456d3ea79ce84,
工程建设管理,实施意见,市级,上海市海洋局关于印发《上海市项目用海监管工作方案》的通知,沪海洋〔2024〕143号,上海市水务局,2024-12-31,有效,统一政策发布平台,https://www.shanghai.gov.cn/zhengce/detail/0004::dcf91985ec5848908505da7380d88808,
工程建设管理,实施意见,市级,上海市人民政府办公厅关于转发市发展改革委制订的《上海市社区嵌入式服务设施建设工程实施方案》的通知,沪府办发〔2024〕25号,上海市人民政府办公厅,2024-12-16,有效,统一政策发布平台,https://www.shanghai.gov.cn/zhengce/detail/0001::cbed7d136b584ba5ac4b088df6926ea7,
工程建设管理,办法,区级,关于印发《普陀区政府投资建设项目代理建设单位工作质量评价考核办法（试行）》的通知,普发改规范〔2024〕4号,上海市普陀区发展和改革委员会,2024-12-11,有效,统一政策发布平台,https://www.shanghai.gov.cn/zhengce/detail/0075::0075193805,docs/工程建设管理/关于印发《普陀区政府投资建设项目代理建设单位工作质量评价考核办法（试行）》的通知.md
工程建设管理,办法,区级,关于印发《普陀区政府投资建设项目代理建设管理办法》的通知,普发改规范〔2024〕3号,上海市普陀区发展和改革委员会,2024-12-11,有效,统一政策发布平台,https://www.shanghai.gov.cn/zhengce/detail/0075::0075193804,docs/工程建设管理/关于印发《普陀区政府投资建设项目代理建设管理办法》的通知.md
工程建设管理,办法,区级,关于印发《普陀区政府投资建设项目储备管理和预安排办法》的通知,普发改规范〔2024〕2号,上海市普陀区发展和改革委员会,2024-12-11,有效,统一政策发布平台,https://www.shanghai.gov.cn/zhengce/detail/0075::0075193803,docs/工程建设管理/关于印发《普陀区政府投资建设项目储备管理和预安排办法》的通知.md
工程建设管理,通知公告,市级,关于废止本市水资源费相关政策文件的通知,沪发改价管〔2024〕55号,上海市发展和改革委员会,2024-12-24,有效,统一政策发布平台,https://www.shanghai.gov.cn/zhengce/detail/0025::35c479df93a84d9a955dd9ad153b7b1d,
工程建设管理,办法,区级,关于印发《普陀区基本建设项目财务监理管理办法》的通知,普财规范〔2024〕3号,上海市普陀区财政局,2024-12-16,有效,统一政策发布平台,https://www.shanghai.gov.cn/zhengce/detail/0075::0075193714,docs/工程建设管理/关于印发《普陀区基本建设项目财务监理管理办法》的通知.md
工程建设管理,通知公告,市级,关于印发 《上海市交通委员会关于水路运输行政处罚的裁量基准》的通知,沪交行规〔2024〕7号,上海市交通委员会,2024-12-16,有效,统一政策发布平台,https://www.shanghai.gov.cn/zhengce/detail/0010::7176dbf97b46492d9f728df19744862d,
工程建设管理,通知公告,市级,关于印发《上海市公共资源交易目录（2024年版）》的通知,沪发改法〔2024〕14号,上海市发展和改革委员会,2024-12-17,有效,统一政策发布平台,https://www.shanghai.gov.cn/zhengce/detail/0025::a050e9ff3a7347ef8662a62de97a9e58,
工程建设管理,实施意见,区级,关于印发《浦东新区关于推进环保管家服务工作的指导意见》的通知,浦环规〔2024〕7号,上海市浦东新区生态环境局（水务局、海洋局、绿化和市容管理局）,2024-12-16,有效,统一政策发布平台,https://www.shanghai.gov.cn/zhengce/detail/0070::0070335111,
工程建设管理,通知公告,市级,上海市自然灾害防治委员会关于印发《上海市气象灾害类预警信息发布应急预案》的通知,沪灾防委〔2024〕4号,上海市应急管理局,2024-12-12,有效,统一政策发布平台,https://www.shanghai.gov.cn/zhengce/detail/0037::4a875b9a1fe34eeb8a461f2e7cc0dcc9,
工程建设管理,实施意见,区级,金山区发改委延长《关于印发<金山区推进农村宅基地自愿有偿退出的实施意见>的通知》有效期的通知,金发改规〔2024〕2号,上海市金山区发展和改革委员会,2024-12-13,有效,统一政策发布平台,https://www.shanghai.gov.cn/zhengce/detail/0081::0081783,
工程建设管理,通知公告,市级,上海市交通委员会关于印发《上海市交通委员会关于港口行政处罚的裁量基准》的通知,沪交行规〔2024〕6号,上海市交通委员会,2024-12-10,有效,统一政策发布平台,https://www.shanghai.gov.cn/zhengce/detail/0010::98eb7d6ae3ba495c9a12d526418cd9a5,
工程建设管理,办法,区级,关于印发《嘉定区节能减排（应对气候变化）专项资金管理办法》的通知,嘉发改规〔2024〕1号,上海市嘉定区发展和改革委员会,2024-12-10,有效,统一政策发布平台,https://www.shanghai.gov.cn/zhengce/detail/0080::5_183059,
工程建设管理,通知公告,区级,关于印发《上海市崇明区处置建设工程事故应急预案》的通知,沪崇建管〔2024〕78号,上海市崇明区建设和管理委员会,2024-11-28,有效,统一政策发布平台,https://www.shanghai.gov.cn/zhengce/detail/0085::test_2204fd1e-ac48-4c81-b0f7-3ac6d0aab8de,
工程建设管理,办法,其他,关于印发《中国（上海）自由贸易试验区临港新片区应急抢险救灾工程建设管理办法》的通知,沪自贸临管委〔2024〕153号,中国（上海）自由贸易试验区临港新片区管理委员会,2024-12-06,有效,统一政策发布平台,https://www.shanghai.gov.cn/zhengce/detail/0058::b059adfbd96f40fc9a7c82d0eb4b59b3,docs/工程建设管理/关于印发《中国（上海）自由贸易试验区临港新片区应急抢险救灾工程建设管理办法》的通知.md
工程建设管理,通知公告,市级,关于同意设立北外滩高端服务业集聚发展试验区等七个服务业创新发展示范区的通知,沪发改服务〔2024〕14号,上海市发展和改革委员会,2024-11-25,有效,统一政策发布平台,https://www.shanghai.gov.cn/zhengce/detail/0025::9a4196e49f43488d963f2166e4002288,
工程建设管理,实施意见,市级,上海市交通委员会关于印发《上海市低空飞行服务管理能力建设实施方案》的通知,沪交空〔2024〕870号,上海市交通委员会,2024-11-21,有效,统一政策发布平台,https://www.shanghai.gov.cn/zhengce/detail/0010::509e2dac7cc74d16ae4e87c5632b52c2,
工程建设管理,通知公告,市级,关于印发《上海市石油天然气管道突发事件应急预案》的通知,沪发改能源〔2024〕233号,上海市发展和改革委员会,2024-11-19,有效,统一政策发布平台,https://www.shanghai.gov.cn/zhengce/detail/0025::37d80a795eb54f78984e89d17976977a,
工程建设管理,实施意见,区级,关于印发《长宁区加快构建现代化产业体系促进经济高质量发展的实施意见（试行）》的通知,长发改规〔2024〕4号,上海市长宁区发展和改革委员会,2024-11-15,有效,统一政策发布平台,https://www.shanghai.gov.cn/zhengce/detail/0074::007477151,
工程建设管理,其他,市级,上海市应急管理局关于2024年第3批工贸行业安全生产标准化等级企业的通告,沪应急通〔2024〕7号,上海市应急管理局,2024-11-13,有效,统一政策发布平台,https://www.shanghai.gov.cn/zhengce/detail/0037::b20b74f9a9064e78b0be75cd94cc294b,
工程建设管理,办法,区级,浦东新区生态环境局  浦东新区发展和改革委员会  浦东新区财政局关于印发《浦东新区氮氧化物超量减排配套补贴实施办法》的通知,浦环规〔2024〕6号,上海市浦东新区生态环境局（水务局、海洋局、绿化和市容管理局）,2024-11-13,有效,统一政策发布平台,https://www.shanghai.gov.cn/zhengce/detail/0070::0070334321,docs/工程建设管理/浦东新区生态环境局 浦东新区发展和改革委员会 浦东新区财政局关于印发《浦东新区氮氧化物超量减排配套补.md
工程建设管理,通知公告,市级,上海市交通委员会关于运行长江经济带港口和船舶岸电监管与服务信息系统的通知,沪交科〔2024〕823号,上海市交通委员会,2024-11-12,有效,统一政策发布平台,https://www.shanghai.gov.cn/zhengce/detail/0010::f9e1da615de440559a29f73644b9f574,
工程建设管理,规定,市级,上海市住房和城乡建设管理委员会关于印发《上海市建设工程监理报告若干规定》的通知,沪建质安〔2024〕477号,上海市住房和城乡建设管理委员会,2024-09-14,有效,统一政策发布平台,https://www.shanghai.gov.cn/zhengce/detail/0011::5739242fc3af4019b2da49ad39cfc0b4,docs/工程建设管理/上海市住房和城乡建设管理委员会关于印发《上海市建设工程监理报告若干规定》的通知.md
工程建设管理,办法,区级,关于印发《宝山区河湖泵闸长效养护管理办法》的通知,宝水务〔2024〕48号,上海市宝山区水务局,2024-10-14,有效,统一政策发布平台,https://www.shanghai.gov.cn/zhengce/detail/0078::e9658a6e-8236-4dae-8249-714271152fd6,docs/工程建设管理/关于印发《宝山区河湖泵闸长效养护管理办法》的通知.md
工程建设管理,通知公告,市级,关于进一步完善本市居民用户天然气上下游价格联动机制的通知,沪发改规范〔2024〕12号,上海市发展和改革委员会,2024-11-01,有效,统一政策发布平台,https://www.shanghai.gov.cn/zhengce/detail/0025::a8407199d37a492385872feeabefc978,
工程建设管理,实施意见,市级,关于印发《上海市推动国际航运燃料绿色转型工作方案》的通知,沪发改能源〔2024〕225号,上海市发展和改革委员会,2024-11-01,有效,统一政策发布平台,https://www.shanghai.gov.cn/zhengce/detail/0025::4a0d56d427384947a4906d73c6562739,
工程建设管理,办法,区级,关于印发《浦东新区重大工程建设管理办法》的通知(联合发文),浦建委规〔2024〕2号,上海市浦东新区建设和交通委员会（国防动员办公室、人民防空办公室、住房保障和房屋管理局）,2024-10-29,有效,统一政策发布平台,https://www.shanghai.gov.cn/zhengce/detail/0070::0070333743,docs/工程建设管理/关于印发《浦东新区重大工程建设管理办法》的通知(联合发文).md
工程建设管理,通知公告,市级,关于印发第一批上海市绿色电力交易发电企业自愿入市名单的通知,沪发改能源〔2024〕220号,上海市发展和改革委员会,2024-10-29,有效,统一政策发布平台,https://www.shanghai.gov.cn/zhengce/detail/0025::738841bb60f44c69984b4bd41eae1d49,
工程建设管理,办法,市级,上海市交通委员会关于印发《上海市交通行业安全生产警示约谈和挂牌督办实施办法》的通知,沪交行规〔2024〕5号,上海市交通委员会,2024-10-28,有效,统一政策发布平台,https://www.shanghai.gov.cn/zhengce/detail/0010::4d714690d03a49a08715e157b3ab4f0e,docs/工程建设管理/上海市交通委员会关于印发《上海市交通行业安全生产警示约谈和挂牌督办实施办法》的通知.md
工程建设管理,通知公告,市级,上海市交通委员会关于组织申报2024年三季度调整优化航运集疏运结构项目资金的通知,沪交航〔2024〕765号,上海市交通委员会,2024-10-28,有效,统一政策发布平台,https://www.shanghai.gov.cn/zhengce/detail/0010::9d48a73210b74f6a95db11627a68bf44,
工程建设管理,办法,区级,徐汇区节能减排降碳专项资金管理办法,徐发改规〔2024〕2号,上海市徐汇区发展和改革委员会,2024-10-25,有效,统一政策发布平台,https://www.shanghai.gov.cn/zhengce/detail/0073::0073112,docs/工程建设管理/徐汇区节能减排降碳专项资金管理办法.md
工程建设管理,通知公告,市级,关于印发《上海市公共资源交易中心公共服务清单（2024年版）》的通知,沪发改法〔2024〕10号,上海市发展和改革委员会,2024-10-23,有效,统一政策发布平台,https://www.shanghai.gov.cn/zhengce/detail/0025::3dd2f5d7370a45a4be442df2cd52e684,
工程建设管理,审查与许可规则,市级,上海市交通委员会关于发布《水路运输辅助业经营信息变动备案办事指南》的通知,沪交港〔2024〕750号,上海市交通委员会,2024-10-21,有效,统一政策发布平台,https://www.shanghai.gov.cn/zhengce/detail/0010::98e3b5cd799d4f318227a2da285a8020,docs/工程建设管理/上海市交通委员会关于发布《水路运输辅助业经营信息变动备案办事指南》的通知.md
工程建设管理,实施意见,市级,市交通委 市发展改革委关于印发《上海市老旧营运船舶报废更新补贴实施方案》的通知,沪交港〔2024〕712号,上海市交通委员会,2024-10-21,有效,统一政策发布平台,https://www.shanghai.gov.cn/zhengce/detail/0010::7b7cbe9ba99941a6b27393f29ba372ac,
工程建设管理,实施意见,市级,关于印发《上海市绿色电力交易实施方案》的通知,沪发改能源〔2024〕215号,上海市发展和改革委员会,2024-10-17,有效,统一政策发布平台,https://www.shanghai.gov.cn/zhengce/detail/0025::a747867686704cccabc12e3e46956f27,
工程建设管理,实施意见,街镇级,关于印发《吴淞街道限额以下建设工程管理若干意见（试行）》的通知,宝吴街办〔2024〕10号,上海市宝山区吴淞街道办事处,2024-10-08,有效,统一政策发布平台,https://www.shanghai.gov.cn/zhengce/detail/0078::c9de9d98-2f04-4c6c-b2e2-efe0921ef29d,
工程建设管理,办法,市级,上海市安全生产委员会关于印发《上海市生产安全事故整改和防范措施落实情况评估办法》的通知,沪安委会〔2024〕5号,上海市应急管理局,2024-10-10,有效,统一政策发布平台,https://www.shanghai.gov.cn/zhengce/detail/0037::e21bd3e6a8254e5d96edfe9c11f46ab6,docs/工程建设管理/上海市安全生产委员会关于印发《上海市生产安全事故整改和防范措施落实情况评估办法》的通知.md
工程建设管理,通知公告,市级,上海市交通委员会关于贯彻落实《汽车维修业经营业务条件》的通知,沪交运服〔2024〕703号,上海市交通委员会,2024-10-09,有效,统一政策发布平台,https://www.shanghai.gov.cn/zhengce/detail/0010::3b961a0d2c9c4cb8840c9fc724bdbc51,
工程建设管理,规定,市级,上海市海洋局关于印发《上海市海洋生态保护修复项目验收管理规定》的通知,沪海洋〔2024〕104号,上海市水务局,2024-10-10,有效,统一政策发布平台,https://www.shanghai.gov.cn/zhengce/detail/0004::4767534b35fe4171905fca0910cb7de2,docs/工程建设管理/上海市海洋局关于印发《上海市海洋生态保护修复项目验收管理规定》的通知.md
工程建设管理,办法,区级,关于印发《黄浦区重点用能和排放单位节能降碳管理办法》的通知,黄发改规〔2024〕3号,上海市黄浦区发展和改革委员会,2024-09-30,有效,统一政策发布平台,https://www.shanghai.gov.cn/zhengce/detail/0071::34275aa7-3af8-4c2a-891c-ae61022f89ff,docs/工程建设管理/关于印发《黄浦区重点用能和排放单位节能降碳管理办法》的通知.md
工程建设管理,通知公告,市级,关于建立电力接入容量超基本配置标准收费机制有关事项的通知,沪发改价管〔2024〕44号,上海市发展和改革委员会,2024-09-30,有效,统一政策发布平台,https://www.shanghai.gov.cn/zhengce/detail/0025::03c91863419a4e94aca16962493d0a68,
工程建设管理,实施细则,区级,关于印发《上海市浦东新区生态环境损害 赔偿工作实施细则》的通知,浦环规〔2024〕5号,上海市浦东新区生态环境局（水务局、海洋局、绿化和市容管理局）,2024-09-30,有效,统一政策发布平台,https://www.shanghai.gov.cn/zhengce/detail/0070::0070332935,docs/工程建设管理/关于印发《上海市浦东新区生态环境损害 赔偿工作实施细则》的通知.md
工程建设管理,办法,市级,上海市发展和改革委员会关于印发《上海市管道天然气配气定价成本监审办法》的通知,沪发改规范〔2024〕11号,上海市发展和改革委员会,2024-09-29,有效,统一政策发布平台,https://www.shanghai.gov.cn/zhengce/detail/0025::3d43b06af6c94e168b3d50f916b00b11,docs/工程建设管理/上海市发展和改革委员会关于印发《上海市管道天然气配气定价成本监审办法》的通知.md
工程建设管理,实施细则,市级,市发展改革委 市财政局关于印发《上海市加力支持汽车以旧换新补贴政策实施细则（新能源）》的通知,沪发改规范〔2024〕10号,上海市发展和改革委员会,2024-12-31,有效,统一政策发布平台,https://www.shanghai.gov.cn/zhengce/detail/0025::5f3c00b2ca4548fdb5fc15c450d153fe,docs/工程建设管理/市发展改革委 市财政局关于印发《上海市加力支持汽车以旧换新补贴政策实施细则（新能源）》的通知.md
工程建设管理,实施意见,市级,上海市交通委员会关于印发《上海市重大交通工程要素保障指导意见（试行）》的通知,沪交建〔2024〕691号,上海市交通委员会,2024-09-26,有效,统一政策发布平台,https://www.shanghai.gov.cn/zhengce/detail/0010::e1e17711e1e646d698cdd3fc6409c86c,
工程建设管理,通知公告,市级,关于重新发布《上海市建设工程工程量清单数据文件标准——水利工程清单数据标准》的通知,沪建建管联〔2024〕441号,上海市住房和城乡建设管理委员会,2024-09-07,有效,统一政策发布平台,https://www.shanghai.gov.cn/zhengce/detail/0011::7d07fc401b574c3392a844996883daf6,
工程建设管理,通知公告,市级,关于规范我市电动自行车充电收费行为的通知,沪发改价管〔2024〕42号,上海市发展和改革委员会,2024-09-14,有效,统一政策发布平台,https://www.shanghai.gov.cn/zhengce/detail/0025::f04b48eb2002423bbf0305b6eb516712,
工程建设管理,审查与许可规则,市级,关于印发《上海市建设工程规划许可豁免项目清单（试行）》的通知,沪规划资源建〔2024〕380号,上海市规划和自然资源局,2024-09-13,有效,统一政策发布平台,https://www.shanghai.gov.cn/zhengce/detail/0032::0010253c5fb640369af6d89b0664d125,docs/工程建设管理/关于印发《上海市建设工程规划许可豁免项目清单（试行）》的通知.md
工程建设管理,实施细则,区级,关于印发《浦东新区固定污染源生态环境监督管理实施细则》的通知,浦环规〔2024〕4号,上海市浦东新区生态环境局（水务局、海洋局、绿化和市容管理局）,2024-09-14,有效,统一政策发布平台,https://www.shanghai.gov.cn/zhengce/detail/0070::0070332924,docs/工程建设管理/关于印发《浦东新区固定污染源生态环境监督管理实施细则》的通知.md
工程建设管理,通知公告,市级,上海市住房和城乡建设管理委员会关于完善本市工程建设项目信息的通知,沪建建管〔2024〕335号,上海市住房和城乡建设管理委员会,2024-07-04,有效,统一政策发布平台,https://www.shanghai.gov.cn/zhengce/detail/0011::95df2332a88b4b7db637fdca7e983129,
工程建设管理,通知公告,市级,关于印发《推进长三角区域市场一体化建设近期重点工作举措（2024-2025年）》的通知,沪发改改革〔2024〕13号,上海市发展和改革委员会,2024-09-13,有效,统一政策发布平台,https://www.shanghai.gov.cn/zhengce/detail/0025::7051eba4b30f40fdb802c754080954e1,
工程建设管理,通知公告,市级,关于进一步规范本市园林绿化工程建设管理的通知,沪绿容规〔2024〕5号,上海市绿化和市容管理局,2024-08-29,有效,统一政策发布平台,https://www.shanghai.gov.cn/zhengce/detail/0039::073c20fe-42ca-40b4-9ebc-bc0e2fbf8ec0,
工程建设管理,通知公告,市级,关于贯彻促进消费品以旧换新决策部署进一步支持本市新能源汽车以旧换新有关工作的通知,沪发改产〔2024〕27号,上海市发展和改革委员会,2024-09-09,有效,统一政策发布平台,https://www.shanghai.gov.cn/zhengce/detail/0025::fe3a6fc0eda941ad87ffef98efb88030,
工程建设管理,其他,市级,关于本市国四柴油载货汽车限制通行政策的通告,沪交行规〔2024〕4号,上海市交通委员会,2024-09-06,有效,统一政策发布平台,https://www.shanghai.gov.cn/zhengce/detail/0010::decd3d307f90429fad12d6c7b5532ecf,
工程建设管理,通知公告,市级,上海市交通委员会关于组织申报2024年二季度调整优化航运集疏运结构项目资金的通知,沪交航〔2024〕629号,上海市交通委员会,2024-09-04,有效,统一政策发布平台,https://www.shanghai.gov.cn/zhengce/detail/0010::525b9cd5c05249f693931b7ac4527621,
工程建设管理,办法,市级,关于印发《上海市节水减排专项扶持办法》的通知,沪水务〔2024〕369号,上海市水务局,2024-08-30,有效,统一政策发布平台,https://www.shanghai.gov.cn/zhengce/detail/0004::a15ca45e28644c399e72d862d945ccf2,docs/工程建设管理/关于印发《上海市节水减排专项扶持办法》的通知.md
工程建设管理,办法,市级,上海市绿化和市容管理局关于印发《上海市在沪园林绿化施工企业信用评价管理办法》的通知,沪绿容规〔2024〕4号,上海市绿化和市容管理局,2024-08-29,有效,统一政策发布平台,https://www.shanghai.gov.cn/zhengce/detail/0039::db0b10b911134a2189bf4526a8616b9f,docs/工程建设管理/上海市绿化和市容管理局关于印发《上海市在沪园林绿化施工企业信用评价管理办法》的通知.md
工程建设管理,办法,市级,上海市应急管理局 上海市财政局关于印发上海市应急管理局安全生产举报奖励办法的通知,沪应急行规〔2024〕3号,上海市应急管理局,2024-08-26,有效,统一政策发布平台,https://www.shanghai.gov.cn/zhengce/detail/0037::5d19c24b4590479aa393deb1611af49f,docs/工程建设管理/上海市应急管理局 上海市财政局关于印发上海市应急管理局安全生产举报奖励办法的通知.md
工程建设管理,办法,区级,关于印发《长宁区支持“菜篮子”工程建设的实施办法》的通知,长商务规〔2024〕1号,上海市长宁区商务委员会,2024-08-26,有效,统一政策发布平台,https://www.shanghai.gov.cn/zhengce/detail/0074::007474077,docs/工程建设管理/关于印发《长宁区支持“菜篮子”工程建设的实施办法》的通知.md
工程建设管理,通知公告,市级,关于印发《上海市城市管理综合行政执法行政处罚裁量基准（四）》的通知,沪城管规〔2024〕4号,上海市城市管理行政执法局,2024-08-27,有效,统一政策发布平台,https://www.shanghai.gov.cn/zhengce/detail/0043::6160205819fd491a82e48bb468b669da,
工程建设管理,通知公告,市级,上海市交通委员会关于废止和宣布失效部分文件的通知,沪交法〔2024〕604号,上海市交通委员会,2024-08-23,有效,统一政策发布平台,https://www.shanghai.gov.cn/zhengce/detail/0010::e3daf91d6d544456b1a07486e8812e2a,
工程建设管理,办法,区级,上海市奉贤区人民政府金海街道办事处关于印发《金海街道关于规范小型建设工程项目管理实施办法》的通知,奉金街〔2024〕5号,奉贤区人民政府金海街道,2024-08-27,有效,统一政策发布平台,https://www.shanghai.gov.cn/zhengce/detail/0084::0084i20240909-ilw2dj4oez1i1qrteu,docs/工程建设管理/上海市奉贤区人民政府金海街道办事处关于印发《金海街道关于规范小型建设工程项目管理实施办法》的通知.md
工程建设管理,通知公告,区级,上海市浦东新区生态环境局关于印发《上海市浦东新区气候投融资项目入库评价实施 意见（试行）》的通知,浦环规〔2024〕3号,上海市浦东新区生态环境局（水务局、海洋局、绿化和市容管理局）,2024-08-23,有效,统一政策发布平台,https://www.shanghai.gov.cn/zhengce/detail/0070::0070332029,
工程建设管理,通知公告,市级,关于印发首批上海自贸试验区联动创新区建设方案的通知,沪自贸组〔2024〕2号,上海市发展和改革委员会,2024-08-21,有效,统一政策发布平台,https://www.shanghai.gov.cn/zhengce/detail/0025::6e3bd073c9c14bf98960754261bd0b26,
工程建设管理,规划与计划,区级,关于印发《杨浦区关于创新引领、数字赋能，持续提升工程建设领域营商环境的行动计划》的通知,杨建委〔2024〕38号,上海市杨浦区建设和管理委员会,2024-08-21,有效,统一政策发布平台,https://www.shanghai.gov.cn/zhengce/detail/0077::00776ad4103ab701361eb623cf3835171cb2,
工程建设管理,通知公告,市级,关于公布《2023年度上海市新能源出租车充电示范站名单》的通知,沪交科〔2024〕511号,上海市交通委员会、上海市发展和改革委员会、上海市财政局,2024-08-09,有效,统一政策发布平台,https://www.shanghai.gov.cn/zhengce/detail/0010::62b55b3ff5764eeab516def5c863f9b0,
工程建设管理,通知公告,市级,关于印发《小铰缝空心板梁铰缝维修加固指南（试行）》的通知,沪交科〔2024〕536号,上海市交通委员会,2024-07-29,有效,统一政策发布平台,https://www.shanghai.gov.cn/zhengce/detail/0010::72206f6f519b4b0d826be563daf07708,
工程建设管理,实施意见,市级,关于印发《上海市交通领域大规模设施设备更新专项工作方案（2024-2027年）》的通知,沪交科〔2024〕501号,上海市交通委员会、上海市发展和改革委员会、上海市生态环境局、中国民用航空华东地区管理局、上海市邮政管理局,2024-07-25,有效,统一政策发布平台,https://www.shanghai.gov.cn/zhengce/detail/0010::bed10307ddbc461096c86ec51774721e,
工程建设管理,实施意见,市级,关于延长《建立健全上海市城镇非居民用水超定额累进加价制度的实施方案》有效期的通知,沪发改规范〔2024〕9号,上海市发展和改革委员会,2024-07-31,有效,统一政策发布平台,https://www.shanghai.gov.cn/zhengce/detail/0025::5f8bb1c37fff449f91b57670afef3b53,
工程建设管理,办法,区级,上海市奉贤区人民政府西渡街道办事处关于印发《西渡街道建设工程项目管理办法》的通知,奉西街办〔2024〕5号,奉贤区人民政府西渡街道,2024-07-30,有效,统一政策发布平台,https://www.shanghai.gov.cn/zhengce/detail/0084::0084i20240811-npqpheccic2h0m6ifk,docs/工程建设管理/上海市奉贤区人民政府西渡街道办事处关于印发《西渡街道建设工程项目管理办法》的通知.md
工程建设管理,办法,区级,闵行区人民政府关于印发《闵行区政府投资项目财务监理管理办法》的通知,闵府规发〔2024〕8号,上海市闵行区人民政府,2024-07-30,有效,统一政策发布平台,https://www.shanghai.gov.cn/zhengce/detail/0079::f119e70b-c63a-425e-9472-28582a0cea00,docs/工程建设管理/闵行区人民政府关于印发《闵行区政府投资项目财务监理管理办法》的通知.md
工程建设管理,实施意见,市级,上海市应急管理局印发关于本市应对极端天气停课安排和误工处理的实施意见的通知,沪应急行规〔2024〕2号,上海市应急管理局,2024-07-24,有效,统一政策发布平台,https://www.shanghai.gov.cn/zhengce/detail/0037::f38a599500f54a1a84214a85487da5ec,
工程建设管理,办法,区级,关于印发《黄浦区政府投资基金管理办法》的通知,黄发改规〔2024〕2号,上海市黄浦区发展和改革委员会,2024-07-23,废止,统一政策发布平台,https://www.shanghai.gov.cn/zhengce/detail/0071::3346e815-1b71-4ff7-91f2-ee4fa56ff4d4,docs/工程建设管理/关于印发《黄浦区政府投资基金管理办法》的通知.md
工程建设管理,实施细则,区级,关于印发《静安区政府投资项目代理建设管理实施细则》的通知,静发改投〔2024〕36号,上海市静安区发展和改革委员会,2024-07-25,有效,统一政策发布平台,https://www.shanghai.gov.cn/zhengce/detail/0072::d01f32d0-3602-4679-a2c3-a461a56ccac6,docs/工程建设管理/关于印发《静安区政府投资项目代理建设管理实施细则》的通知.md
工程建设管理,通知公告,市级,上海市住房和城乡建设管理委员会关于在工程建设招投标领域通过预留份额方式促进中小企业发展的通知,沪建建管〔2024〕375号,上海市住房和城乡建设管理委员会,2024-07-22,有效,统一政策发布平台,https://www.shanghai.gov.cn/zhengce/detail/0011::db39e4386543473a9b50460cfbfe8c9e,
工程建设管理,技术规定与导则,市级,上海市住房和城乡建设管理委员会关于批准《既有建筑幕墙检查及安全性鉴定技术标准》为上海市工程建设规范的通知,沪建标定〔2024〕377号,上海市住房和城乡建设管理委员会,2024-07-22,有效,统一政策发布平台,https://www.shanghai.gov.cn/zhengce/detail/0011::e5d7f1165cc04242bbab204cb29b3de1,docs/工程建设管理/上海市住房和城乡建设管理委员会关于批准《既有建筑幕墙检查及安全性鉴定技术标准》为上海市工程建设规范的.md
工程建设管理,技术规定与导则,市级,上海市住房和城乡建设管理委员会关于批准《航道养护技术标准》为上海市工程建设规范的通知,沪建标定〔2024〕370号,上海市住房和城乡建设管理委员会,2024-07-18,有效,统一政策发布平台,https://www.shanghai.gov.cn/zhengce/detail/0011::05d5a3022fdc4604bbd362acc0a14d02,docs/工程建设管理/上海市住房和城乡建设管理委员会关于批准《航道养护技术标准》为上海市工程建设规范的通知.md
工程建设管理,技术规定与导则,市级,上海市住房和城乡建设管理委员会关于批准《港口船舶压载水接收设施技术标准》为上海市工程建设规范的通知,沪建标定〔2024〕364号,上海市住房和城乡建设管理委员会,2024-07-16,有效,统一政策发布平台,https://www.shanghai.gov.cn/zhengce/detail/0011::28e507fa2d8842b5b5230dd6cb356c1e,docs/工程建设管理/上海市住房和城乡建设管理委员会关于批准《港口船舶压载水接收设施技术标准》为上海市工程建设规范的通知.md
工程建设管理,技术规定与导则,市级,上海市住房和城乡建设管理委员会关于批准《地下工程预制装配技术标准（轨道交通工程）》为上海市工程建设规范的通知,沪建标定〔2024〕365号,上海市住房和城乡建设管理委员会,2024-07-16,有效,统一政策发布平台,https://www.shanghai.gov.cn/zhengce/detail/0011::2cffffe5cb4a427188557574050833bf,docs/工程建设管理/上海市住房和城乡建设管理委员会关于批准《地下工程预制装配技术标准（轨道交通工程）》为上海市工程建设规.md
工程建设管理,实施意见,市级,关于印发《关于进一步加强本市园林绿化工程和造林项目招标投标及花卉、苗木采购管理的若干意见》的通知,沪绿容〔2024〕263号,上海市绿化和市容管理局,2024-07-03,有效,统一政策发布平台,https://www.shanghai.gov.cn/zhengce/detail/0039::3ce7bfe7-8ceb-4669-a5d3-bae7bd94dbb3,
工程建设管理,通知公告,市级,上海市交通委员会关于开展本市驾培行业智能教学 设备应用试点工作的通知,沪交道运 〔2024〕459号,上海市交通委员会,2024-07-11,有效,统一政策发布平台,https://www.shanghai.gov.cn/zhengce/detail/0010::8fc8a09de57849eca18f546a59ad66d6,
工程建设管理,技术规定与导则,市级,上海市住房和城乡建设管理委员会关于批准《城镇高压、超高压天然气管道工程技术标准》为上海市工程建设规范的通知,沪建标定〔2024〕350号,上海市住房和城乡建设管理委员会,2024-07-10,有效,统一政策发布平台,https://www.shanghai.gov.cn/zhengce/detail/0011::5aedba78cd55419e966e114e559816b8,docs/工程建设管理/上海市住房和城乡建设管理委员会关于批准《城镇高压、超高压天然气管道工程技术标准》为上海市工程建设规范.md
工程建设管理,通知公告,市级,关于开展2024年度上海港岸电项目补贴资金申报工作的通知,沪交科〔2024〕436号,上海市交通委员会,2024-06-26,有效,统一政策发布平台,https://www.shanghai.gov.cn/zhengce/detail/0010::6dd8b24543f346628e74e4b4c3cf5fce,
工程建设管理,通知公告,市级,关于印发《深化推动新城高质量发展的若干政策举措》的通知,沪新城〔2024〕1号,上海市发展和改革委员会,2024-07-10,有效,统一政策发布平台,https://www.shanghai.gov.cn/zhengce/detail/0025::73569ce4980a40dd8766e9db4b7951fc,
工程建设管理,规定,市级,关于修改《上海市城市管理综合行政执法程序规定》的通知,沪城管规〔2024〕3号,上海市城市管理行政执法局,2024-07-04,有效,统一政策发布平台,https://www.shanghai.gov.cn/zhengce/detail/0043::0fc85e932655473b997f939a1d533ef3,docs/工程建设管理/关于修改《上海市城市管理综合行政执法程序规定》的通知.md
工程建设管理,技术规定与导则,市级,上海市住房和城乡建设管理委员会关于批准《道路桥梁和隧道结构安全保护技术标准》为上海市工程建设规范的通知,沪建标定〔2024〕330号,上海市住房和城乡建设管理委员会,2024-07-02,有效,统一政策发布平台,https://www.shanghai.gov.cn/zhengce/detail/0011::8acfca3d16474289b2cce148878342d0,docs/工程建设管理/上海市住房和城乡建设管理委员会关于批准《道路桥梁和隧道结构安全保护技术标准》为上海市工程建设规范的通.md
工程建设管理,规定,市级,关于印发《上海市建设工程规划许可公开规定》的通知,沪规划资源规〔2024〕4号,上海市规划和自然资源局,2024-06-28,有效,统一政策发布平台,https://www.shanghai.gov.cn/zhengce/detail/0032::5bf13738dad046699b10adb37e11b52b,docs/工程建设管理/关于印发《上海市建设工程规划许可公开规定》的通知.md
工程建设管理,实施意见,区级,浦东新区生态环境局关于印发《浦东新区关于支持区内企业开展环境绩效评价的 实施方案》的通知,浦环规〔2024〕1号,上海市浦东新区生态环境局（水务局、海洋局、绿化和市容管理局）,2024-06-28,有效,统一政策发布平台,https://www.shanghai.gov.cn/zhengce/detail/0070::0070328904,
工程建设管理,通知公告,区级,关于印发《上海市宝山区城市管理行政执法辅助管理工作人员行为规范（试行）》的通知,宝城执〔2024〕10号,上海市宝山区城市管理行政执法局,2024-06-27,有效,统一政策发布平台,https://www.shanghai.gov.cn/zhengce/detail/0078::ded854ec-38ae-4d80-b07f-b4026661a0be,
工程建设管理,规定,区级,杨浦区规划和自然资源局转发《上海市建设工程设计方案规划公示规定》的通知,杨规划资源〔2024〕1号,杨浦区规划和自然资源局,2024-06-25,有效,统一政策发布平台,https://www.shanghai.gov.cn/zhengce/detail/0077::007705f58e9f300cdee2270da0a4138ea3a2,docs/工程建设管理/杨浦区规划和自然资源局转发《上海市建设工程设计方案规划公示规定》的通知.md
工程建设管理,通知公告,市级,上海市应急管理局关于印发上海市企业安全风险分级管控实施指南的通知,沪应急行规〔2024〕1号,上海市应急管理局,2024-06-19,有效,统一政策发布平台,https://www.shanghai.gov.cn/zhengce/detail/0037::a70036325f724f53a871b4cb0bf0ae0c,
工程建设管理,通知公告,市级,关于印发《关于坚持对标一流 持续优化上海市工程建设领域营商环境的行动方案》的通知,沪建建管联〔2024〕249号,上海市住房和城乡建设管理委员会,2024-06-05,有效,统一政策发布平台,https://www.shanghai.gov.cn/zhengce/detail/0011::cad9ac9064dd4da089490f9e964dbfca,
工程建设管理,通知公告,市级,关于增加大工业深谷电价实施时间有关事项的通知,沪发改价管〔2024〕28号,上海市发展和改革委员会,2024-06-13,有效,统一政策发布平台,https://www.shanghai.gov.cn/zhengce/detail/0025::c753f8153e15492898c2ea3737ee93d5,
工程建设管理,通知公告,市级,上海市住房和城乡建设管理委员会关于批准《施工现场建筑工人从业管理标准》为上海市工程建设规范的通知,沪建标定〔2024〕291号,上海市住房和城乡建设管理委员会,2024-06-11,有效,统一政策发布平台,https://www.shanghai.gov.cn/zhengce/detail/0011::0814a2d004aa4656b7dd0954564e5222,
工程建设管理,技术规定与导则,市级,上海市住房和城乡建设管理委员会关于批准《工程木结构设计标准》为上海市工程建设规范的通知,沪建标定〔2024〕287号,上海市住房和城乡建设管理委员会,2024-06-11,有效,统一政策发布平台,https://www.shanghai.gov.cn/zhengce/detail/0011::65d7f9a455894e10aba6d3087779d9b4,docs/工程建设管理/上海市住房和城乡建设管理委员会关于批准《工程木结构设计标准》为上海市工程建设规范的通知.md
工程建设管理,技术规定与导则,市级,上海市住房和城乡建设管理委员会关于批准《城镇燃气用户端安全技术标准》为上海市工程建设规范的通知,沪建标定〔2024〕289号,上海市住房和城乡建设管理委员会,2024-06-11,有效,统一政策发布平台,https://www.shanghai.gov.cn/zhengce/detail/0011::fdc5f11e86df4fd2851a4978055587eb,docs/工程建设管理/上海市住房和城乡建设管理委员会关于批准《城镇燃气用户端安全技术标准》为上海市工程建设规范的通知.md
工程建设管理,办法,市级,上海市水务局关于印发《上海市水工程建设规划同意书制度管理办法实施细则（试行）》等文件的通知,沪水务〔2024〕257号,上海市水务局,2024-06-07,有效,统一政策发布平台,https://www.shanghai.gov.cn/zhengce/detail/0004::f0424991df1d4dee8c7341ab9d5a5277,docs/工程建设管理/上海市水务局关于印发《上海市水工程建设规划同意书制度管理办法实施细则（试行）》等文件的通知.md
工程建设管理,通知公告,市级,上海市交通委员会关于开展2024年上海市促进现代 航运服务业创新项目申报的通知,沪交航〔2024〕368号,上海市交通委员会,2024-06-05,有效,统一政策发布平台,https://www.shanghai.gov.cn/zhengce/detail/0010::059b270e69df4f2c911076a95bccd8af,
工程建设管理,通知公告,市级,上海市海洋局关于加强长江河口海域重叠区域采砂海域使用管理的通知,沪海洋〔2024〕46号,上海市水务局,2024-06-04,有效,统一政策发布平台,https://www.shanghai.gov.cn/zhengce/detail/0004::384dd673813c43f4b154ad0928968ff4,
工程建设管理,通知公告,市级,关于优化天然气发电机组容量电价机制的通知,沪发改价管〔2024〕26号,上海市发展和改革委员会,2024-05-31,有效,统一政策发布平台,https://www.shanghai.gov.cn/zhengce/detail/0025::07bce8e660f2421bb5fcfee61413f96a,
工程建设管理,通知公告,市级,关于进一步推进农作物秸秆综合利用工作的通知,沪发改规范〔2024〕8号,上海市发展和改革委员会,2024-05-30,有效,统一政策发布平台,https://www.shanghai.gov.cn/zhengce/detail/0025::1966258fb4de490e9c08482213440fe9,
工程建设管理,办法,市级,上海市生态环境局关于废止《上海市海洋工程建设项目环境保护设施验收管理办法》的通知,沪环海〔2024〕90号,上海市生态环境局,2024-05-27,有效,统一政策发布平台,https://www.shanghai.gov.cn/zhengce/detail/0024::6e0ca92988aa4c2ea3509b167bad37e9,docs/工程建设管理/上海市生态环境局关于废止《上海市海洋工程建设项目环境保护设施验收管理办法》的通知.md
工程建设管理,通知公告,市级,上海市应急管理局关于印发上海市处置危险化学品生产安全事故应急预案的通知,沪应急危化〔2024〕45号,上海市应急管理局,2024-05-22,有效,统一政策发布平台,https://www.shanghai.gov.cn/zhengce/detail/0037::3a32989712f94ff381f80d25bb798f0c,
工程建设管理,通知公告,市级,上海市应急管理局关于印发上海市生产安全事故专项应急预案的通知,沪应急预案〔2024〕47号,上海市应急管理局,2024-05-24,有效,统一政策发布平台,https://www.shanghai.gov.cn/zhengce/detail/0037::d6d053a74e01412b9dda0dc641f3498a,
工程建设管理,办法,街镇级,关于修订实施《吴淞街道建设工程项目管理实施暂行办法》的通知,宝吴街办〔2024〕5号,上海市宝山区吴淞街道办事处,2024-05-23,有效,统一政策发布平台,https://www.shanghai.gov.cn/zhengce/detail/0078::23110e85-f3d7-458f-9191-2c6f59897afc,docs/工程建设管理/关于修订实施《吴淞街道建设工程项目管理实施暂行办法》的通知.md
工程建设管理,通知公告,市级,上海市水务局关于进一步强化本市水务建设工程安全生产的通知,沪水务〔2024〕233号,上海市水务局,2024-05-24,有效,统一政策发布平台,https://www.shanghai.gov.cn/zhengce/detail/0004::809067f4b1b44af69f9ba976a366cdcf,
工程建设管理,通知公告,市级,关于明确青浦区纳入长三角试点区域挥发性有机物排污权有偿使用费征收标准有关事宜的通知,沪发改价调〔2024〕24号,上海市发展和改革委员会,2024-05-27,有效,统一政策发布平台,https://www.shanghai.gov.cn/zhengce/detail/0025::6200053a34714a2bb278e3069296d9e2,
工程建设管理,技术规定与导则,市级,上海市住房和城乡建设管理委员会关于批准《沥青路面预防养护技术标准》为上海市工程建设规范的通知,沪建标定〔2024〕252号,上海市住房和城乡建设管理委员会,2024-05-24,有效,统一政策发布平台,https://www.shanghai.gov.cn/zhengce/detail/0011::880009782ef645fcace29e7bb393422f,docs/工程建设管理/上海市住房和城乡建设管理委员会关于批准《沥青路面预防养护技术标准》为上海市工程建设规范的通知.md
工程建设管理,实施意见,市级,关于印发《上海市促进绿色电力消费加快能源低碳转型实施意见》的通知,沪发改能源〔2024〕91号,上海市发展和改革委员会,2024-05-24,有效,统一政策发布平台,https://www.shanghai.gov.cn/zhengce/detail/0025::204912193fdd4877a565bf5fcef93cdf,
工程建设管理,实施意见,市级,上海市交通委员会关于印发《公交站台适老化指导意见（试行）》的通知,沪交设养〔2024〕289号,上海市交通委员会,2024-05-10,有效,统一政策发布平台,https://www.shanghai.gov.cn/zhengce/detail/0010::f0e54b45e4ea42eab2935d086ef556b9,
工程建设管理,实施意见,市级,关于印发《加快引育高能级主体 构建充满活力的产业生态若干措施》的通知,沪发改产〔2024〕15号,上海市发展和改革委员会,2024-05-16,有效,统一政策发布平台,https://www.shanghai.gov.cn/zhengce/detail/0025::cae543c71bb94b36ba18aba42274b6b4,
工程建设管理,办法,市级,关于印发《上海市造林项目竣工验收办法》的通知,沪绿容〔2024〕182号,上海市绿化和市容管理局,2024-05-06,有效,统一政策发布平台,https://www.shanghai.gov.cn/zhengce/detail/0039::0ca86a93-9fc0-4219-8807-8abd75951fbc,docs/工程建设管理/关于印发《上海市造林项目竣工验收办法》的通知.md
工程建设管理,实施意见,市级,上海市交通委员会关于印发《上海交通数字化转型实施意见（2024-2026年）》的通知,沪交科〔2024〕206号,上海市交通委员会,2024-04-16,有效,统一政策发布平台,https://www.shanghai.gov.cn/zhengce/detail/0010::0849280ead034f9b89896159e59ec5d1,
工程建设管理,通知公告,市级,上海市安全生产委员会办公室关于做好建设领域安全风险防范工作的通知,沪安委办〔2024〕15号,上海市应急管理局,2024-05-10,有效,统一政策发布平台,https://www.shanghai.gov.cn/zhengce/detail/0037::fd53f0c89705429f8552b5b343ac587b,
工程建设管理,其他,市级,上海市应急管理局关于进一步优化安全生产监管 推动营商环境持续优化 以高水平安全保障高质量发展的意见,沪应急法规〔2024〕41号,上海市应急管理局,2024-05-06,有效,统一政策发布平台,https://www.shanghai.gov.cn/zhengce/detail/0037::cf53f6ab546946c1aeaa3dc9c0e5acd9,
工程建设管理,实施意见,市级,关于印发《上海市建筑施工安全生产治本攻坚三年行动实施方案（2024-2026年）》的通知,沪建质安〔2024〕217号,上海市住房和城乡建设管理委员会,2024-04-30,有效,统一政策发布平台,https://www.shanghai.gov.cn/zhengce/detail/0011::820aa74b066f4cc1b205ac81f1582489,
工程建设管理,办法,市级,上海市海洋局关于印发《上海市海域使用论证报告评审工作实施办法》的通知,沪海洋规范〔2024〕2号,上海市水务局,2024-04-30,有效,统一政策发布平台,https://www.shanghai.gov.cn/zhengce/detail/0004::f265b94863314373a7eca845a6f78a5b,docs/工程建设管理/上海市海洋局关于印发《上海市海域使用论证报告评审工作实施办法》的通知.md
工程建设管理,通知公告,市级,关于印发修订后的《促进和规范利用存量资源加大养老服务设施供给的工作指引》的通知,沪发改规范〔2024〕7号,上海市发展和改革委员会,2024-04-29,有效,统一政策发布平台,https://www.shanghai.gov.cn/zhengce/detail/0025::135827f8052a488090f98c0693e7066e,
工程建设管理,通知公告,市级,关于开展生产经营单位事故隐患报告奖励机制最佳实践创建活动的通知,沪安委办〔2024〕13号,上海市应急管理局,2024-04-28,有效,统一政策发布平台,https://www.shanghai.gov.cn/zhengce/detail/0037::22104c7bb3a245ecb7d80352449b23a8,
工程建设管理,通知公告,市级,上海市应急管理局关于组织开展危险化学品企业主要负责人述职述安工作的通知,沪应急危化〔2024〕35号,上海市应急管理局,2024-04-26,有效,统一政策发布平台,https://www.shanghai.gov.cn/zhengce/detail/0037::63e4762690284433bf7afdc13fb9b9c1,
工程建设管理,技术规定与导则,市级,上海市住房和城乡建设管理委员会关于批准《电动自行车集中充电和停放场所设计标准》为上海市工程建设规范的通知,沪建标定〔2024〕179号,上海市住房和城乡建设管理委员会,2024-04-11,有效,统一政策发布平台,https://www.shanghai.gov.cn/zhengce/detail/0011::1fa9488d11564c1ba872e46f4326f9cb,docs/工程建设管理/上海市住房和城乡建设管理委员会关于批准《电动自行车集中充电和停放场所设计标准》为上海市工程建设规范的.md
工程建设管理,通知公告,市级,上海市应急管理局关于批准挂牌及创建首批重点实验室的通知,沪应急科技〔2024〕33号,上海市应急管理局,2024-04-25,有效,统一政策发布平台,https://www.shanghai.gov.cn/zhengce/detail/0037::f63339069e914e099756da8ba686c99b,
工程建设管理,其他,市级,上海市应急管理局关于2024年第2批安全生产标准化等级企业的通告,沪应急通〔2024〕4号,上海市应急管理局,2024-04-23,有效,统一政策发布平台,https://www.shanghai.gov.cn/zhengce/detail/0037::f19cdf52f77549058f27b64d154d7adc,
工程建设管理,实施意见,区级,关于印发《关于进一步加强宝山区综合执法公职律师和法制员队伍建设的实施意见》的通知,宝城执〔2024〕7号,上海市宝山区城市管理行政执法局,2024-04-17,有效,统一政策发布平台,https://www.shanghai.gov.cn/zhengce/detail/0078::318ab4ef-b2d5-4f2a-9006-04da2e527c7e,
工程建设管理,通知公告,市级,关于印发《上海市深化公共资源“一网交易”改革三年行动方案（2024-2026年）》的通知,沪发改法〔2024〕4号,上海市发展和改革委员会,2024-04-22,有效,统一政策发布平台,https://www.shanghai.gov.cn/zhengce/detail/0025::3d01cc9933014326ba3e6e84ec51e8ca,
工程建设管理,通知公告,市级,关于印发《上海市码头堆场扬尘污染防治技术指南》的通知,沪交科〔2024〕201号,上海市交通委员会,2024-04-08,有效,统一政策发布平台,https://www.shanghai.gov.cn/zhengce/detail/0010::e2772da0918d4caba27497d3ebe9bdb8,
工程建设管理,通知公告,市级,关于进一步做好本市农业水价综合改革相关工作的通知,沪发改价管〔2024〕20号,上海市发展和改革委员会,2024-04-19,有效,统一政策发布平台,https://www.shanghai.gov.cn/zhengce/detail/0025::bf9f3fd9cbea40e5bffb2c4969183d3e,
工程建设管理,实施细则,市级,市发展改革委 市财政局关于印发《上海市促进汽车消费补贴实施细则》的通知,沪发改规范〔2024〕6号,上海市发展和改革委员会,2024-04-19,有效,统一政策发布平台,https://www.shanghai.gov.cn/zhengce/detail/0025::1173be186cb84d9c9f41d9c35470d832,docs/工程建设管理/市发展改革委 市财政局关于印发《上海市促进汽车消费补贴实施细则》的通知.md
工程建设管理,实施意见,市级,关于印发《关于进一步优化发展环境 促进上海专业服务业高质量发展的指导意见》的通知,沪发改产〔2024〕12号,上海市发展和改革委员会,2024-04-18,有效,统一政策发布平台,https://www.shanghai.gov.cn/zhengce/detail/0025::9a5d50eae01c4a139c75eaa2a42a61cd,
工程建设管理,通知公告,其他,关于进一步加强临港新片区产城融合区建设工程全覆盖监管的通知,沪自贸临管委〔2024〕39号,中国（上海）自由贸易试验区临港新片区管理委员会,2024-04-15,有效,统一政策发布平台,https://www.shanghai.gov.cn/zhengce/detail/0058::956eea6ecf4246c2a52bf76d5e2fb535,
工程建设管理,通知公告,其他,关于进一步加强临港新片区建设工程招标投标规范管理工作的通知,沪自贸临管委〔2024〕37号,中国（上海）自由贸易试验区临港新片区管理委员会,2024-04-11,有效,统一政策发布平台,https://www.shanghai.gov.cn/zhengce/detail/0058::99a5682ba9544661ae013931471cd828,
工程建设管理,通知公告,市级,上海市交通委员会关于本市公路水运工程质量检测机构等级证书延期和换证相关事宜的通知,沪交建〔2024〕204号,上海市交通委员会,2024-04-08,有效,统一政策发布平台,https://www.shanghai.gov.cn/zhengce/detail/0010::0d8b406ec6324f6aa99ad772ce823a34,
工程建设管理,通知公告,市级,上海市交通委员会关于印发《上海市交通行业 安全生产治本攻坚三年行动方案 （2024—2026年）》的通知,沪交安〔2024〕139号,上海市交通委员会,2024-03-18,有效,统一政策发布平台,https://www.shanghai.gov.cn/zhengce/detail/0010::a8c0c464c50a4ef8a7bf3989a65e4e99,
工程建设管理,通知公告,市级,上海市交通委员会关于进一步做好本市交通行业生产安全事故统计工作的通知,沪交安〔2024〕141号,上海市交通委员会,2024-03-21,有效,统一政策发布平台,https://www.shanghai.gov.cn/zhengce/detail/0010::f40c8b0a7da842dba60692e655c78677,
工程建设管理,通知公告,市级,关于印发《上海市在沪园林绿化施工企业信用评价标准（2024版）》的通知,沪绿容〔2024〕127号,上海市绿化和市容管理局,2024-04-01,有效,统一政策发布平台,https://www.shanghai.gov.cn/zhengce/detail/0039::57af98d5-427c-4bb1-ac66-e8cd2897778f,
工程建设管理,通知公告,市级,上海市应急管理局关于印发钢铁和铝加工（深井铸造）企业安全生产风险监测预警系统部署方案的通知,沪应急工贸〔2024〕27号,上海市应急管理局,2024-03-25,有效,统一政策发布平台,https://www.shanghai.gov.cn/zhengce/detail/0037::46de9a5fc11a4aa4a957616a2471c337,
工程建设管理,规定,市级,关于印发《上海市建设工程设计方案规划公示规定》的通知,沪规划资源规〔2024〕2号,上海市规划和自然资源局,2024-03-26,有效,统一政策发布平台,https://www.shanghai.gov.cn/zhengce/detail/0032::f0f8f01b2ac44cbea21900feab80c34e,docs/工程建设管理/关于印发《上海市建设工程设计方案规划公示规定》的通知.md
工程建设管理,通知公告,区级,关于印发《金山区坚持对标改革持续优化营商环境行动方案》的通知,金营联办〔2024〕3号,上海市金山区发展和改革委员会,2024-03-22,有效,统一政策发布平台,https://www.shanghai.gov.cn/zhengce/detail/0081::00810b3b61e0ee7f4f85cb88d9d820b66082,
工程建设管理,实施意见,市级,上海市发展改革委关于公布《上海市2024年度海上风电项目竞争配置工作方案》的通知,沪发改能源〔2024〕57号,上海市发展和改革委员会,2024-03-20,有效,统一政策发布平台,https://www.shanghai.gov.cn/zhengce/detail/0025::b12c958e447240989804e75351945baf,
工程建设管理,实施意见,市级,关于印发《上海市新型基础设施建设项目贴息管理指导意见（2024年版）》的通知,沪发改规范〔2024〕3号,上海市发展和改革委员会,2024-02-22,有效,统一政策发布平台,https://www.shanghai.gov.cn/zhengce/detail/0025::e61e2604dfcf45f9bd8e78105a2f3483,
工程建设管理,实施意见,区级,关于印发《静安区全面落实市营商环境7.0版方案要求 创建营商环境特色品牌的工作方案》的通知,静营商办〔2024〕1号,上海市静安区发展和改革委员会,2024-03-18,有效,统一政策发布平台,https://www.shanghai.gov.cn/zhengce/detail/0072::44851d51-196c-4b15-9193-d30476b38a54,
工程建设管理,审查与许可规则,市级,上海市应急管理局关于印发危险化学品经营（仓储）许可证新增品名申请及审批优化的实施指南（试行）的通知,沪应急危化〔2024〕24号,上海市应急管理局,2024-03-14,有效,统一政策发布平台,https://www.shanghai.gov.cn/zhengce/detail/0037::f4f79162c7944a2bb006ebc66d83a91a,docs/工程建设管理/上海市应急管理局关于印发危险化学品经营（仓储）许可证新增品名申请及审批优化的实施指南（试行）的通知.md
工程建设管理,技术规定与导则,市级,上海市住房和城乡建设管理委员会关于批准《民用建筑电气防火设计标准》为上海市工程建设规范的通知,沪建标定〔2024〕128号,上海市住房和城乡建设管理委员会,2024-03-12,有效,统一政策发布平台,https://www.shanghai.gov.cn/zhengce/detail/0011::d32801339a41403092bac20176adc3af,docs/工程建设管理/上海市住房和城乡建设管理委员会关于批准《民用建筑电气防火设计标准》为上海市工程建设规范的通知.md
工程建设管理,通知公告,市级,上海市应急管理局关于安全生产领域创新涉企检查模式的通知,沪应急执法〔2024〕19号,上海市应急管理局,2024-03-08,有效,统一政策发布平台,https://www.shanghai.gov.cn/zhengce/detail/0037::b865b899d206428db785b802eea4e2d9,
工程建设管理,实施意见,市级,上海市应急管理局关于加强本市乡镇街道及功能区（园区）安全生产行政检查衔接工作的指导意见,沪应急执法〔2024〕18号,上海市应急管理局,2024-03-08,有效,统一政策发布平台,https://www.shanghai.gov.cn/zhengce/detail/0037::469681db0f4043b1bbb958429212c772,
工程建设管理,通知公告,市级,关于印发《上海市浦东新区非现场执法行政处罚裁量基准》的通知,沪城管规〔2024〕1号,上海市城市管理行政执法局,2024-03-13,有效,统一政策发布平台,https://www.shanghai.gov.cn/zhengce/detail/0043::76209abe898644928feae823e0b9e988,
工程建设管理,通知公告,市级,关于印发《上海市城市管理综合行政执法行政处罚裁量基准（三）》的通知,沪城管规〔2024〕2号,上海市城市管理行政执法局,2024-03-13,有效,统一政策发布平台,https://www.shanghai.gov.cn/zhengce/detail/0043::7520411cc8174423a07d87ee253645c4,
工程建设管理,通知公告,市级,上海市海洋局关于印发《上海市海洋经济统计调查制度》的通知,沪海洋〔2024〕18号,上海市水务局,2024-03-08,有效,统一政策发布平台,https://www.shanghai.gov.cn/zhengce/detail/0004::d347664cf4424efcba5833cf21497134,
工程建设管理,技术规定与导则,市级,上海市住房和城乡建设管理委员会关于批准《建筑隔热涂料应用技术标准》为上海市工程建设规范的通知,沪建标定〔2024〕114号,上海市住房和城乡建设管理委员会,2024-03-07,有效,统一政策发布平台,https://www.shanghai.gov.cn/zhengce/detail/0011::9dabae95b52049939f83e3258102098c,docs/工程建设管理/上海市住房和城乡建设管理委员会关于批准《建筑隔热涂料应用技术标准》为上海市工程建设规范的通知.md
工程建设管理,技术规定与导则,市级,上海市住房和城乡建设管理委员会关于批准《城市供水管网泵站远程监控系统技术标准》为上海市工程建设规范的通知,沪建标定〔2024〕111号,上海市住房和城乡建设管理委员会,2024-03-07,有效,统一政策发布平台,https://www.shanghai.gov.cn/zhengce/detail/0011::ab922f6e67f74f078bd57712742230f6,docs/工程建设管理/上海市住房和城乡建设管理委员会关于批准《城市供水管网泵站远程监控系统技术标准》为上海市工程建设规范的.md
工程建设管理,通知公告,市级,上海市应急管理局关于印发上海市基层突发事件应急预案编制参考的通知,沪应急预案〔2024〕17号,上海市应急管理局,2024-03-05,有效,统一政策发布平台,https://www.shanghai.gov.cn/zhengce/detail/0037::0e1ea15797a94d94a660219df089c54d,
工程建设管理,实施意见,市级,上海市水务局印发《关于实施水票制度支持市级政府投资重大工程建设的若干意见》的通知,沪水务〔2024〕97号,上海市水务局,2024-03-06,失效,统一政策发布平台,https://www.shanghai.gov.cn/zhengce/detail/0004::950b42a659234575911406511edbd6c8,
工程建设管理,通知公告,市级,关于开展本市2024年水路运输及其辅助业 核查工作的通知,沪交港〔2024〕100号,上海市交通委员会,2024-03-05,有效,统一政策发布平台,https://www.shanghai.gov.cn/zhengce/detail/0010::30981307bbfb4e84b0928b73bb1b729a,
工程建设管理,通知公告,市级,上海市自然灾害防治委员会  上海市安全生产委员会关于印发上海市城市安全风险评估规范的通知,沪灾防委〔2024〕2号,上海市应急管理局,2024-02-27,有效,统一政策发布平台,https://www.shanghai.gov.cn/zhengce/detail/0037::bdfd1efd5bd24d05be5805c229c6c926,
工程建设管理,通知公告,区级,关于印发《长宁区支持节能减排降碳若干政策措施》的通知,长发改规〔2024〕2号,上海市长宁区发展和改革委员会,2024-02-26,有效,统一政策发布平台,https://www.shanghai.gov.cn/zhengce/detail/0074::007472359,
工程建设管理,办法,市级,关于印发《上海市节水型小区评价指标及考核办法》的通知,沪水务〔2024〕83号,上海市水务局,2024-02-26,有效,统一政策发布平台,https://www.shanghai.gov.cn/zhengce/detail/0004::966ee049590d48319f9c6b7e52b0d26b,docs/工程建设管理/关于印发《上海市节水型小区评价指标及考核办法》的通知.md
工程建设管理,其他,市级,上海市应急管理局关于撤销11家企业二级安全生产标准化等级的通告,沪应急通〔2024〕2号,上海市应急管理局,2024-02-20,有效,统一政策发布平台,https://www.shanghai.gov.cn/zhengce/detail/0037::cd7392c273bf4a91ba31ebf3f760981d,
工程建设管理,规划与计划,市级,关于印发《上海市交通领域科技创新发展行动计划》的通知,沪交科〔2024〕41号,上海市交通委员会,2024-01-26,有效,统一政策发布平台,https://www.shanghai.gov.cn/zhengce/detail/0010::70c71bf158a3427696cd475bb5ea878e,
工程建设管理,实施意见,市级,关于优秀历史建筑修缮（装修改造）试点建筑师负责制的指导意见（试行）,沪建房管联〔2024〕87号,上海市住房和城乡建设管理委员会,2024-02-08,有效,统一政策发布平台,https://www.shanghai.gov.cn/zhengce/detail/0011::a6f932255e684882aa4f0e5b19463c09,
工程建设管理,通知公告,市级,上海市应急管理局 上海市交通委员会关于推进基于“一企一品一码”的危险化学品出入库及危险货物装卸信息化管理工作的通知,沪应急危化〔2024〕12号,上海市应急管理局,2024-02-04,有效,统一政策发布平台,https://www.shanghai.gov.cn/zhengce/detail/0037::9c7db26fd6bb45d4a278fd5c2b285444,
工程建设管理,技术规定与导则,市级,上海市住房和城乡建设管理委员会关于批准《缓粘结预应力混凝土结构技术标准》为上海市工程建设规范的通知,沪建标定〔2024〕74号,上海市住房和城乡建设管理委员会,2024-02-06,有效,统一政策发布平台,https://www.shanghai.gov.cn/zhengce/detail/0011::abe38a3ea8e442b7a0304dd237224c7d,docs/工程建设管理/上海市住房和城乡建设管理委员会关于批准《缓粘结预应力混凝土结构技术标准》为上海市工程建设规范的通知.md
工程建设管理,通知公告,市级,上海市应急管理局关于推动建立本市危险化学品企业行业安全联盟的通知,沪应急危化〔2024〕14号,上海市应急管理局,2024-02-05,有效,统一政策发布平台,https://www.shanghai.gov.cn/zhengce/detail/0037::90a58bb8d25e4073ba7e2b3c6f3f2bc6,
工程建设管理,通知公告,市级,上海市交通委员会关于印发《上海市交通委员会关于公共汽车和电车客运行政处罚的裁量基准》的通知,沪交行规〔2024〕1号,上海市交通委员会,2024-02-06,有效,统一政策发布平台,https://www.shanghai.gov.cn/zhengce/detail/0010::0cb62aa73cfb4b3db122773eb9b1cac2,
工程建设管理,办法,市级,关于延长《关于印发〈上海市《政府制定价格听证办法》实施细则〉的通知》有效期的通知,沪发改规范〔2024〕1号,上海市发展和改革委员会,2024-02-05,有效,统一政策发布平台,https://www.shanghai.gov.cn/zhengce/detail/0025::afde8051bab74ae09a0454625deaa054,docs/工程建设管理/关于延长《关于印发〈上海市《政府制定价格听证办法》实施细则〉的通知》有效期的通知.md
工程建设管理,技术规定与导则,市级,上海市住房和城乡建设管理委员会关于批准《公共建筑用能监测系统工程技术标准》为上海市工程建设规范的通知,沪建标定〔2024〕67号,上海市住房和城乡建设管理委员会,2024-02-02,有效,统一政策发布平台,https://www.shanghai.gov.cn/zhengce/detail/0011::83da9a2540c9489385c97f6236764056,docs/工程建设管理/上海市住房和城乡建设管理委员会关于批准《公共建筑用能监测系统工程技术标准》为上海市工程建设规范的通知.md
工程建设管理,技术规定与导则,市级,上海市住房和城乡建设管理委员会关于批准《多联式空调（热泵）工程施工技术标准》为上海市工程建设规范的通知,沪建标定〔2024〕65号,上海市住房和城乡建设管理委员会,2024-02-02,有效,统一政策发布平台,https://www.shanghai.gov.cn/zhengce/detail/0011::4061d9b195ed4d8ba5fd051210d4200d,docs/工程建设管理/上海市住房和城乡建设管理委员会关于批准《多联式空调（热泵）工程施工技术标准》为上海市工程建设规范的通.md
工程建设管理,实施意见,区级,奉贤区促进产教融合高质量发展实施方案（2024-2026年）,沪奉发改规〔2024〕1号,上海市奉贤区发展和改革委员会,2024-02-02,有效,统一政策发布平台,https://www.shanghai.gov.cn/zhengce/detail/0084::00844310,
工程建设管理,办法,市级,上海市绿化和市容管理局关于印发《上海市园林绿化工程建设管理办法》的通知,沪绿容规〔2024〕2号,上海市绿化和市容管理局,2024-01-18,有效,统一政策发布平台,https://www.shanghai.gov.cn/zhengce/detail/0039::3794d7ff-a92a-4f95-a16e-9ea99305d8c1,docs/工程建设管理/上海市绿化和市容管理局关于印发《上海市园林绿化工程建设管理办法》的通知.md
工程建设管理,其他,市级,上海市应急管理局关于确认2024年第1批工贸行业安全生产标准化等级企业的通告,沪应急通〔2024〕1号,上海市应急管理局,2024-01-26,有效,统一政策发布平台,https://www.shanghai.gov.cn/zhengce/detail/0037::471efb38cd7e479db1ec43e179e6cd59,
工程建设管理,技术规定与导则,市级,上海市住房和城乡建设管理委员会关于批准《办公建筑用能限额设计标准》为上海市工程建设规范的通知,沪建标定〔2024〕51号,上海市住房和城乡建设管理委员会,2024-01-29,有效,统一政策发布平台,https://www.shanghai.gov.cn/zhengce/detail/0011::dd374ec6e2d54b20bda501b76e6cc0ff,docs/工程建设管理/上海市住房和城乡建设管理委员会关于批准《办公建筑用能限额设计标准》为上海市工程建设规范的通知.md
工程建设管理,办法,其他,关于印发《中国（上海）自由贸易试验区临港新片区建设工程安全生产管理办法》的通知,沪自贸临管委〔2024〕14号,中国（上海）自由贸易试验区临港新片区管理委员会,2024-01-27,有效,统一政策发布平台,https://www.shanghai.gov.cn/zhengce/detail/0058::14f97b78bbbf4e599c71b54334573d46,docs/工程建设管理/关于印发《中国（上海）自由贸易试验区临港新片区建设工程安全生产管理办法》的通知.md
工程建设管理,实施意见,市级,上海市住房和城乡建设管理委员会关于印发《关于进一步深化本市建设工程招投标制度改革工作的实施意见》的通知,沪建建管〔2024〕49号,上海市住房和城乡建设管理委员会,2024-01-25,有效,统一政策发布平台,https://www.shanghai.gov.cn/zhengce/detail/0011::e190c18de6314d78ac5871b718a87a29,
工程建设管理,通知公告,市级,上海市住房和城乡建设管理委员会关于批准《房屋质量检测鉴定标准》为上海市工程建设规范的通知,沪建标定〔2024〕42号,上海市住房和城乡建设管理委员会,2024-01-24,有效,统一政策发布平台,https://www.shanghai.gov.cn/zhengce/detail/0011::a9b00f3cf77d4855872aa43b9df3aa62,
工程建设管理,通知公告,市级,上海市交通委员会关于组织申报2023年四季度调整优化航运集疏运结构项目资金的通知,沪交航〔2024〕35号,上海市交通委员会,2024-01-23,有效,统一政策发布平台,https://www.shanghai.gov.cn/zhengce/detail/0010::02aaa163950e497ab188e69be37dfd20,
工程建设管理,实施意见,区级,关于印发《宝山区交通强区建设实施方案（2023-2035年）》的通知,宝交〔2024〕1号,上海市宝山区交通委员会,2024-01-19,有效,统一政策发布平台,https://www.shanghai.gov.cn/zhengce/detail/0078::405fff2b-e7a8-4326-b1bf-8cf7bd32d024,
工程建设管理,通知公告,市级,上海市住房和城乡建设管理委员会关于批准《绿色生态城区评价标准》为上海市工程建设规范的通知,沪建标定〔2024〕24号,上海市住房和城乡建设管理委员会,2024-01-16,有效,统一政策发布平台,https://www.shanghai.gov.cn/zhengce/detail/0011::b5800b8897c54cc29af18ace13acfba1,
工程建设管理,技术规定与导则,市级,上海市住房和城乡建设管理委员会关于批准《地下车库联络道设计标准》为上海市工程建设规范的通知,沪建标定〔2024〕25号,上海市住房和城乡建设管理委员会,2024-01-16,有效,统一政策发布平台,https://www.shanghai.gov.cn/zhengce/detail/0011::14c0df7911084fe89de279a3c3282fbd,docs/工程建设管理/上海市住房和城乡建设管理委员会关于批准《地下车库联络道设计标准》为上海市工程建设规范的通知.md
工程建设管理,通知公告,市级,上海市住房和城乡建设管理委员会关于公布2021-2022年度上海市工程建设市级工法名单的通知,沪建质安〔2024〕11号,上海市住房和城乡建设管理委员会,2024-01-12,有效,统一政策发布平台,https://www.shanghai.gov.cn/zhengce/detail/0011::feb5c4c1388c49229c58d6641a4865f5,
工程建设管理,通知公告,市级,上海市应急管理局关于印发上海市“智造空间”安全管理工作指引的通知,沪应急危化〔2024〕3号,上海市应急管理局,2024-01-02,有效,统一政策发布平台,https://www.shanghai.gov.cn/zhengce/detail/0037::e3bac39a43ef4a2e9cc0d43e91492f19,
工程建设管理,通知公告,市级,上海市海洋局关于印发《上海市海洋标准体系表》的通知,沪海洋〔2024〕1号,上海市水务局,2024-01-02,有效,统一政策发布平台,https://www.shanghai.gov.cn/zhengce/detail/0004::c2202a74b45a409595c58d400d1dea58,
工程建设管理,办法,区级,关于印发《静安区政府投资项目代理建设管理办法》的通知,静发改委规〔2023〕2号,上海市静安区发展和改革委员会,2024-01-02,有效,统一政策发布平台,https://www.shanghai.gov.cn/zhengce/detail/0072::15088b92-4b49-4540-922c-f28c743e686f,docs/工程建设管理/关于印发《静安区政府投资项目代理建设管理办法》的通知.md
工程建设管理,实施细则,市级,上海市住房和城乡建设管理委员会关于印发《上海市建设工程危险性较大的分部分项工程安全管理实施细则》的通知,,上海市住房和城乡建设管理委员会,2023-10,有效,市住建委规范性文件,https://zjw.sh.gov.cn/gfxwj/20231025/7d9f5127009d4b9bb65540b2b4480332.html,docs/工程建设管理/上海市住房和城乡建设管理委员会关于印发《上海市建设工程危险性较大的分部分项工程安全管理实施细则》的通.md
工程建设管理,办法,市级,关于印发《上海市建筑施工企业主要负责人、项目负责人和专职安全生产管理人员安全生产考核发证管理办法》的通知,,上海市住房和城乡建设管理委员会,2023-07,有效,市住建委规范性文件,https://zjw.sh.gov.cn/gfxwj/20230705/933f35c53d5148fcb72024554620987e.html,docs/工程建设管理/关于印发《上海市建筑施工企业主要负责人、项目负责人和专职安全生产管理人员安全生产考核发证管理办法》的.md
工程建设管理,办法,市级,上海市住房和城乡建设管理委员会关于印发《上海市建设工程施工项目经理和总监理工程师质量安全违法违规行为记分管理办法》的通知,,上海市住房和城乡建设管理委员会,2023-05,有效,市住建委规范性文件,https://zjw.sh.gov.cn/gfxwj/20230505/af1fbdf5c650455b9cc051455e82f114.html,docs/工程建设管理/上海市住房和城乡建设管理委员会关于印发《上海市建设工程施工项目经理和总监理工程师质量安全违法违规行为.md
工程建设管理,规定,市级,上海市住房和城乡建设管理委员会关于印发《上海市建设工程生产安全事故管理规定》的通知,,上海市住房和城乡建设管理委员会,2023-05,有效,市住建委规范性文件,https://zjw.sh.gov.cn/gfxwj/20230505/ad505dd3727c4a3c86521fcc560a21de.html,docs/工程建设管理/上海市住房和城乡建设管理委员会关于印发《上海市建设工程生产安全事故管理规定》的通知.md
工程建设管理,办法,市级,上海市交通委员会关于印发《上海市市域铁路初期运营前安全评估认定管理办法》的通知,沪交行规〔2023〕7号,上海市交通委员会,2023-12-29,有效,统一政策发布平台,https://www.shanghai.gov.cn/zhengce/detail/0010::258e639c219345b98471347830dcb3e2,docs/工程建设管理/上海市交通委员会关于印发《上海市市域铁路初期运营前安全评估认定管理办法》的通知.md
工程建设管理,技术规定与导则,市级,上海市住房和城乡建设管理委员会关于批准《民用建筑外窗应用技术标准》为上海市工程建设规范的通知,沪建标定〔2023〕706号,上海市住房和城乡建设管理委员会,2023-12-29,有效,统一政策发布平台,https://www.shanghai.gov.cn/zhengce/detail/0011::e3cf26e367b149d3a728fefe80a3c332,docs/工程建设管理/上海市住房和城乡建设管理委员会关于批准《民用建筑外窗应用技术标准》为上海市工程建设规范的通知.md
工程建设管理,办法,区级,关于印发《浦东新区区级政府投资项目后评价管理办法》的通知,沪浦发改规〔2023〕3号,上海市浦东新区发展和改革委员会,2023-12-29,有效,统一政策发布平台,https://www.shanghai.gov.cn/zhengce/detail/0070::0070321475,docs/工程建设管理/关于印发《浦东新区区级政府投资项目后评价管理办法》的通知.md
工程建设管理,办法,区级,关于印发《浦东新区区级政府投资项目财务（投资）监理管理办法》的通知,沪浦发改规〔2023〕4号,上海市浦东新区发展和改革委员会,2023-12-29,有效,统一政策发布平台,https://www.shanghai.gov.cn/zhengce/detail/0070::0070321507,docs/工程建设管理/关于印发《浦东新区区级政府投资项目财务（投资）监理管理办法》的通知.md
工程建设管理,办法,市级,关于印发修订后的《上海市企业投资项目事中事后监管办法》的通知,沪发改规范〔2023〕20号,上海市发展和改革委员会,2023-12-29,有效,统一政策发布平台,https://www.shanghai.gov.cn/zhengce/detail/0025::099d3d792c8e43f0936d6ebf5852b806,docs/工程建设管理/关于印发修订后的《上海市企业投资项目事中事后监管办法》的通知.md
工程建设管理,通知公告,市级,关于印发《上海市司法鉴定项目基本目录和收费标准》的通知,沪发改价调〔2023〕50号,上海市发展和改革委员会,2023-12-29,有效,统一政策发布平台,https://www.shanghai.gov.cn/zhengce/detail/0025::756fdf8d073d45be9f1f129bbb0d94db,
工程建设管理,通知公告,市级,关于加强新时代电网建设项目水土保持工作的通知,沪水务〔2023〕1086号,上海市水务局,2023-12-27,有效,统一政策发布平台,https://www.shanghai.gov.cn/zhengce/detail/0004::b4a2fd43ff504cf892dc7c089131afe2,
工程建设管理,办法,市级,上海市人民政府办公厅关于印发《上海市市重大工程建设管理办法》的通知,沪府办规〔2023〕26号,上海市人民政府办公厅,2023-12-18,有效,统一政策发布平台,https://www.shanghai.gov.cn/zhengce/detail/0001::f36f15790838446b9a7449900b9c3bc8,docs/工程建设管理/上海市人民政府办公厅关于印发《上海市市重大工程建设管理办法》的通知.md
工程建设管理,规划与计划,市级,上海市交通委员会关于印发《上海市智慧航道建设总体方案（2023—2035年）》《上海市智慧航道建设一阶段行动计划（2023—2027年）》的通知,沪交港〔2023〕932号,上海市交通委员会,2023-12-22,有效,统一政策发布平台,https://www.shanghai.gov.cn/zhengce/detail/0010::7ddd6bf028914a0f974aef2c9bb15566,
工程建设管理,实施意见,市级,关于印发《上海市供水成本公开实施意见》的通知,沪发改规范〔2023〕19号,上海市发展和改革委员会,2023-12-21,有效,统一政策发布平台,https://www.shanghai.gov.cn/zhengce/detail/0025::a7f0cce104e7481e9ff6c8d84e85879a,
工程建设管理,实施意见,市级,关于印发《国际集装箱运输服务平台（集运MaaS）2023年重点工作方案》的通知,沪交科〔2023〕775号,上海市交通委员会、上海市经济和信息化委员会、中华人民共和国上海海关、中华人民共和国上海海事局、上海市商务委员会、中国铁路上海局集团有限公司、上海市道路运输管理局,2023-11-01,有效,统一政策发布平台,https://www.shanghai.gov.cn/zhengce/detail/0010::30e0fcac6a914e3bad2c98146d70102d,
工程建设管理,办法,区级,奉贤区服务业发展引导资金使用和管理办法,沪奉发改规〔2023〕1号,上海市奉贤区发展和改革委员会,2023-12-15,有效,统一政策发布平台,https://www.shanghai.gov.cn/zhengce/detail/0084::00844309,docs/工程建设管理/奉贤区服务业发展引导资金使用和管理办法.md
工程建设管理,通知公告,市级,关于印发《上海市公共资源交易规则目录（2023年版）》的通知,沪发改法〔2023〕17号,上海市发展和改革委员会,2023-12-13,有效,统一政策发布平台,https://www.shanghai.gov.cn/zhengce/detail/0025::2bf749376dce47259d347c1dd6f1fc4a,
工程建设管理,通知公告,市级,关于印发《上海市城市管理综合行政执法行政处罚裁量基准（一）》的通知,沪城管规〔2023〕6号,上海市城市管理行政执法局,2023-12-13,有效,统一政策发布平台,https://www.shanghai.gov.cn/zhengce/detail/0043::d9a41b58f916422b9ef65514b42ef350,
工程建设管理,通知公告,市级,上海市应急管理局关于进一步深化化工园区安全风险排查治理和改进提升工作的通知,沪应急危化〔2023〕75号,上海市应急管理局,2023-12-06,有效,统一政策发布平台,https://www.shanghai.gov.cn/zhengce/detail/0037::e02c1f12fa8345498c0ba0214d79d7ce,
工程建设管理,通知公告,市级,上海市应急管理局关于在上海市统一综合执法系统中启用“检查码”和“信用信息公示”功能的通知,沪应急执法〔2023〕72号,上海市应急管理局,2023-12-05,有效,统一政策发布平台,https://www.shanghai.gov.cn/zhengce/detail/0037::3a6b7956d5ec49e5b9b67628703487a3,
工程建设管理,通知公告,市级,上海市安全生产委员会办公室关于做好本市国家安全发展示范城市创建和城市安全风险综合监测预警平台建设工作的通知,沪安委办〔2023〕42号,上海市应急管理局,2023-12-05,有效,统一政策发布平台,https://www.shanghai.gov.cn/zhengce/detail/0037::df99d70951814a83882c5a9450813319,
工程建设管理,实施意见,市级,上海市应急管理局关于鼓励和引导社会应急力量参与应急工作的指导意见,沪应急预案〔2023〕70号,上海市应急管理局,2023-12-01,有效,统一政策发布平台,https://www.shanghai.gov.cn/zhengce/detail/0037::da9ea1eab918414abc1beb0608e88121,
工程建设管理,办法,区级,关于印发《金山区应急管理局安全生产举报奖励办法》的通知,金应急〔2023〕54号,上海市金山区应急管理局,2023-12-06,有效,统一政策发布平台,https://www.shanghai.gov.cn/zhengce/detail/0081::0081c7cd658447335347b341b3a15de46d08,docs/工程建设管理/关于印发《金山区应急管理局安全生产举报奖励办法》的通知.md
工程建设管理,审查与许可规则,市级,上海市交通委员关于授权下放“五个新城”相关市级交通建设审批权限的通知,沪交建〔2023〕884号,上海市交通委员会,2023-12-06,有效,统一政策发布平台,https://www.shanghai.gov.cn/zhengce/detail/0010::bb3b6759d45e46f8b6a34a887c44ec05,docs/工程建设管理/上海市交通委员关于授权下放“五个新城”相关市级交通建设审批权限的通知.md
工程建设管理,审查与许可规则,市级,关于发布《水路运输经营信息变动备案办事指南》的通知,沪交港〔2023〕868号,上海市交通委员会,2023-12-04,有效,统一政策发布平台,https://www.shanghai.gov.cn/zhengce/detail/0010::3b07ce076292439ea68c9b9829f13686,docs/工程建设管理/关于发布《水路运输经营信息变动备案办事指南》的通知.md
工程建设管理,办法,区级,关于印发《崇明区创新型企业总部认定和奖励管理办法》的通知,沪崇发改规〔2023〕1号,上海市崇明区发展和改革委员会,2023-12-01,废止,统一政策发布平台,https://www.shanghai.gov.cn/zhengce/detail/0085::0f3e5440-1c2e-493f-be4d-ce740cc58c14,docs/工程建设管理/关于印发《崇明区创新型企业总部认定和奖励管理办法》的通知.md
工程建设管理,通知公告,市级,上海市发展和改革委员会关于印发《促进崇明世界级生态岛建设发展专项支持政策》的通知,沪发改规范〔2023〕17号,上海市发展和改革委员会,2023-11-30,有效,统一政策发布平台,https://www.shanghai.gov.cn/zhengce/detail/0025::9ff50788b1b8415b89a6aca44120dd68,
工程建设管理,通知公告,市级,关于第29届智能交通世界大会创新大赛暨第一届“姑苏杯”长三角智能交通创新技术应用大赛上海赛区获奖作品和个人的通报,沪交科〔2023〕737号,上海市交通委员会、上海市人力资源和社会保障局、上海市总工会、共青团上海市委 、上海市妇女联合会、上海市科学技术协会,2023-11-03,有效,统一政策发布平台,https://www.shanghai.gov.cn/zhengce/detail/0010::f36374e16df4473a93e235fbbfb5abf5,
工程建设管理,通知公告,市级,关于印发上海市2023年度各区优化营商环境优秀案例的通知,沪发改营商〔2023〕8号,上海市发展和改革委员会,2023-11-23,有效,统一政策发布平台,https://www.shanghai.gov.cn/zhengce/detail/0025::c72f1d652e094db4a7d3d0a8882a7ddd,
工程建设管理,通知公告,市级,上海市交通委员会关于推进本市港口岸电设施高质量发展的通知,沪交科〔2023〕804号,上海市交通委员会,2023-11-14,有效,统一政策发布平台,https://www.shanghai.gov.cn/zhengce/detail/0010::853b9f0ba6e640b38058b32105a006f3,
工程建设管理,通知公告,市级,上海市交通委员会关于开展2023年度新能源出租汽车充电示范站申报工作的通知,沪交科〔2023〕803号,上海市交通委员会,2023-11-13,有效,统一政策发布平台,https://www.shanghai.gov.cn/zhengce/detail/0010::561b9005224743cdab14bdd0ce5bb4a3,
工程建设管理,通知公告,市级,上海市人民政府办公厅关于同意修订后的《上海市处置建设工程事故应急预案》的通知,沪府办〔2023〕31号,上海市人民政府办公厅,2023-11-07,有效,统一政策发布平台,https://www.shanghai.gov.cn/zhengce/detail/0001::09295ed295894a09bf56b450c90d6453,
工程建设管理,通知公告,市级,上海市交通委员会关于印发《上海市交通领域综合安全生产行政处罚裁量基准》的通知,沪交行规〔2023〕5号,上海市交通委员会,2023-11-14,有效,统一政策发布平台,https://www.shanghai.gov.cn/zhengce/detail/0010::2dd49f8147484993ab2a8809b8bf125e,
工程建设管理,通知公告,市级,关于加强上海市水务建设工程夜间施工管理工作的通知,沪水务〔2023〕903号,上海市水务局,2023-11-13,有效,统一政策发布平台,https://www.shanghai.gov.cn/zhengce/detail/0004::f5fc00e5d4074bddbfc6ed44d61208a6,
工程建设管理,通知公告,市级,关于委托上海港口行业协会组织建立上海港口协商会议机制的通知,沪交港〔2023〕798号,上海市交通委员会、上海市商务委员会,2023-11-14,有效,统一政策发布平台,https://www.shanghai.gov.cn/zhengce/detail/0010::6fc0722034f64bf487b7b99e5ddbb35d,
工程建设管理,实施意见,市级,关于印发《长三角交通领域“一码通行”工作方案（2023-2025年）》的通知,沪交科〔2023〕706号,上海市交通委员会、江苏省交通运输厅、浙江省交通运输厅、安徽省交通运输厅、上海市大数据中心、江苏省政务服务管理办公室、浙江省大数据发展管理局、安徽省数据资源管理局,2023-11-02,有效,统一政策发布平台,https://www.shanghai.gov.cn/zhengce/detail/0010::1baa1fc056f14a48832cf5a27fa85e47,
工程建设管理,通知公告,市级,上海市交通委员会关于调整上海市交通建设市场从业人员资格管理工作职能的通知,沪交建〔2023〕771号,上海市交通委员会,2023-11-06,有效,统一政策发布平台,https://www.shanghai.gov.cn/zhengce/detail/0010::67eb85a0b4bb4826a11bde9ec85c8b98,
工程建设管理,通知公告,市级,关于进一步完善我市天然气分布式机组上网电价机制有关事项的通知,沪发改价管〔2023〕54号,上海市发展和改革委员会,2023-10-30,有效,统一政策发布平台,https://www.shanghai.gov.cn/zhengce/detail/0025::6909172432ce4baa9d79d01af24c72fa,
工程建设管理,办法,街镇级,塘桥街道工程建设项目管理办法,浦塘规〔2023〕1号,上海市浦东新区人民政府塘桥街道办事处,2023-10-27,有效,统一政策发布平台,https://www.shanghai.gov.cn/zhengce/detail/0070::0070318957,docs/工程建设管理/塘桥街道工程建设项目管理办法.md
工程建设管理,办法,市级,上海市应急管理局关于印发上海市应急管理行政执法监督实施办法（试行）的通知,沪应急法规〔2023〕60号,上海市应急管理局,2023-10-17,有效,统一政策发布平台,https://www.shanghai.gov.cn/zhengce/detail/0037::41ed79ccd71a4bdbb9e8a13a35860075,docs/工程建设管理/上海市应急管理局关于印发上海市应急管理行政执法监督实施办法（试行）的通知.md
工程建设管理,实施意见,市级,关于印发上海市新能源开发领域不当市场干预行为专项整治工作方案的通知,沪发改能源〔2023〕239号,上海市发展和改革委员会,2023-10-20,有效,统一政策发布平台,https://www.shanghai.gov.cn/zhengce/detail/0025::f36b6c33daca4c32b42d4725f2af27be,
工程建设管理,办法,区级,关于印发《宝山区区管企业建设工程管理办法》的通知,宝国资委〔2023〕56号,上海市宝山区国有资产监督管理委员会,2023-10-18,有效,统一政策发布平台,https://www.shanghai.gov.cn/zhengce/detail/0078::81aabb28-cb57-46b6-8a98-acce75ec1566,docs/工程建设管理/关于印发《宝山区区管企业建设工程管理办法》的通知.md
工程建设管理,实施意见,市级,关于印发《关于进一步完善本市工程建设领域从业人员管理服务体系的实施意见》的通知,沪建建管联〔2023〕470号,上海市住房和城乡建设管理委员会,2023-10-12,有效,统一政策发布平台,https://www.shanghai.gov.cn/zhengce/detail/0011::2a246affdcb14afe95d53599d97d21db,
工程建设管理,通知公告,市级,上海市交通委员会关于组织申报2023年三季度调整优化航运集疏运结构项目资金的通知,沪交航〔2023〕715号,上海市交通委员会,2023-10-10,有效,统一政策发布平台,https://www.shanghai.gov.cn/zhengce/detail/0010::25eb6eab5ef54c17a24e54da9fcbef78,
工程建设管理,办法,市级,关于印发《上海市管道天然气配气价格管理办法》的通知,沪发改规范〔2023〕13号,上海市发展和改革委员会,2023-10-10,有效,统一政策发布平台,https://www.shanghai.gov.cn/zhengce/detail/0025::60eeee6ab9df49ab9842c5c65fbd5273,docs/工程建设管理/关于印发《上海市管道天然气配气价格管理办法》的通知.md
工程建设管理,办法,区级,关于印发《嘉定区应急管理局安全生产举报奖励实施办法》的通知,嘉应急行规〔2023〕1号,区应急管理局,2023-09-28,有效,统一政策发布平台,https://www.shanghai.gov.cn/zhengce/detail/0080::5_169117,docs/工程建设管理/关于印发《嘉定区应急管理局安全生产举报奖励实施办法》的通知.md
工程建设管理,通知公告,市级,上海市应急管理局关于印发上海市应急管理行政处罚裁量规则的通知,沪应急行规〔2023〕4号,上海市应急管理局,2023-09-25,有效,统一政策发布平台,https://www.shanghai.gov.cn/zhengce/detail/0037::834d1e4aae21479887b1ea0f1fec9ce6,
工程建设管理,实施意见,市级,上海市应急管理局印发关于全面规范有序推进非现场执法试点的指导意见的通知,沪应急执法〔2023〕53号,上海市应急管理局,2023-09-21,有效,统一政策发布平台,https://www.shanghai.gov.cn/zhengce/detail/0037::ba8349a707c846b2b35371667c2b3082,
工程建设管理,规定,市级,上海市应急管理局 上海市档案局关于印发上海市应急管理档案管理规定的通知,沪应急办〔2023〕54号,上海市应急管理局,2023-09-21,有效,统一政策发布平台,https://www.shanghai.gov.cn/zhengce/detail/0037::8b7a815ee0b64dcf8755f578142f6c1a,docs/工程建设管理/上海市应急管理局 上海市档案局关于印发上海市应急管理档案管理规定的通知.md
工程建设管理,办法,市级,关于印发《上海市电力架空线入地整治项目市级资金管理办法（2023版）》的通知,沪发改规范〔2023〕12号,上海市发展和改革委员会,2023-09-26,有效,统一政策发布平台,https://www.shanghai.gov.cn/zhengce/detail/0025::b901bdee25714fef8431b6729e1935e4,docs/工程建设管理/关于印发《上海市电力架空线入地整治项目市级资金管理办法（2023版）》的通知.md
工程建设管理,办法,市级,关于印发《上海市信息通信架空线入地整治项目市级资金管理办法》的通知,沪发改规范〔2023〕11号,上海市发展和改革委员会,2023-09-26,有效,统一政策发布平台,https://www.shanghai.gov.cn/zhengce/detail/0025::581eae2974564aad89497101f1231887,docs/工程建设管理/关于印发《上海市信息通信架空线入地整治项目市级资金管理办法》的通知.md
工程建设管理,通知公告,市级,关于发布本市建设工程概算相关费率的通知,沪建标定联〔2023〕486号,上海市住房和城乡建设管理委员会,2023-09-22,有效,统一政策发布平台,https://www.shanghai.gov.cn/zhengce/detail/0011::efc9fcbc8ead40a38e93bdba807ce6a4,
工程建设管理,实施细则,市级,关于调整《上海市促进汽车消费补贴实施细则》部分内容的通知,沪发改产〔2023〕27号,上海市发展和改革委员会,2023-09-14,有效,统一政策发布平台,https://www.shanghai.gov.cn/zhengce/detail/0025::7f6eb611e90d4da8ba28793294aeb7f3,docs/工程建设管理/关于调整《上海市促进汽车消费补贴实施细则》部分内容的通知.md
工程建设管理,通知公告,市级,上海市水务局关于进一步加强本市水利工程建设项目法人管理工作的通知,沪水务〔2023〕700号,上海市水务局,2023-09-13,有效,统一政策发布平台,https://www.shanghai.gov.cn/zhengce/detail/0004::0ef8314b5d8e4376ae406e411cb32d68,
工程建设管理,技术规定与导则,市级,上海市住房和城乡建设管理委员会关于批准《水闸与水利泵站维修养护技术标准》为上海市工程建设规范的通知,沪建标定〔2023〕477号,上海市住房和城乡建设管理委员会,2023-09-11,有效,统一政策发布平台,https://www.shanghai.gov.cn/zhengce/detail/0011::a4b53abdd01c4b8bba11e8abcc3242ee,docs/工程建设管理/上海市住房和城乡建设管理委员会关于批准《水闸与水利泵站维修养护技术标准》为上海市工程建设规范的通知.md
工程建设管理,技术规定与导则,市级,上海市住房和城乡建设管理委员会关于批准《桥梁抗震设计标准》为上海市工程建设规范的通知,沪建标定〔2023〕476号,上海市住房和城乡建设管理委员会,2023-09-11,有效,统一政策发布平台,https://www.shanghai.gov.cn/zhengce/detail/0011::6ad265233e474aac9d8fea431a1ac9f0,docs/工程建设管理/上海市住房和城乡建设管理委员会关于批准《桥梁抗震设计标准》为上海市工程建设规范的通知.md
工程建设管理,通知公告,市级,上海市自然灾害防治委员会关于印发上海市综合防灾安全韧性分区分级建设指南的通知,沪灾防委〔2023〕4号,上海市应急管理局,2023-09-05,有效,统一政策发布平台,https://www.shanghai.gov.cn/zhengce/detail/0037::aacce4f9ebd14a0e8e47ea8674ddcee8,
工程建设管理,通知公告,市级,上海市应急管理局关于印发工贸行业粉尘涉爆企业安全生产风险监测预警系统部署方案的通知,沪应急工贸〔2023〕48号,上海市应急管理局,2023-08-30,有效,统一政策发布平台,https://www.shanghai.gov.cn/zhengce/detail/0037::1009a7480897410398fd7ee0e36c0e21,
工程建设管理,实施意见,市级,关于印发《中国（上海）自由贸易试验区临港新片区企业投资项目承诺制改革实施方案》的通知,沪发改规范〔2023〕10号,上海市发展和改革委员会,2023-08-31,有效,统一政策发布平台,https://www.shanghai.gov.cn/zhengce/detail/0025::26548085ae5545b8a78c0d5d0a6d3668,
工程建设管理,其他,市级,上海市应急管理局关于确认2023年第3批工贸行业安全生产标准化二级企业的通告,沪应急通〔2023〕5号,上海市应急管理局,2023-08-25,有效,统一政策发布平台,https://www.shanghai.gov.cn/zhengce/detail/0037::2aef6218a01a43eda0fd82e022d9f0db,
工程建设管理,办法,区级,区应急管理局关于印发《浦东新区应急管理局应急指挥中心专家管理办法》的通知,浦应急规〔2023〕1号,上海市浦东新区应急管理局,2023-08-30,有效,统一政策发布平台,https://www.shanghai.gov.cn/zhengce/detail/0070::0070317173,docs/工程建设管理/区应急管理局关于印发《浦东新区应急管理局应急指挥中心专家管理办法》的通知.md
工程建设管理,通知公告,市级,上海市交通委员会关于开展交通领域第四批重点用能单位能源审计工作的通知,沪交科〔2023〕605号,上海市交通委员会,2023-08-24,有效,统一政策发布平台,https://www.shanghai.gov.cn/zhengce/detail/0010::eb16590527bc496f8b141323544d5d7e,
工程建设管理,通知公告,市级,上海市住房和城乡建设管理委员会关于印发《上海市建筑师负责制工作指引（试行）》的通知,沪建建管〔2023〕421号,上海市住房和城乡建设管理委员会,2023-08-14,有效,统一政策发布平台,https://www.shanghai.gov.cn/zhengce/detail/0011::80cb69b813f8465585ade57c30256fca,
工程建设管理,通知公告,市级,关于本市推进林水复合建设试点工作的通知,沪水务〔2023〕627号,上海市水务局,2023-08-23,有效,统一政策发布平台,https://www.shanghai.gov.cn/zhengce/detail/0004::acde98b0d1b340f4949325d8fac64063,
工程建设管理,技术规定与导则,市级,上海市住房和城乡建设管理委员会关于《道路照明工程建设技术标准》为上海市工程建设规范的通知,沪建标定〔2023〕439号,上海市住房和城乡建设管理委员会,2023-08-21,有效,统一政策发布平台,https://www.shanghai.gov.cn/zhengce/detail/0011::ab67fef557f246cf883afc7f7d90bb7b,docs/工程建设管理/上海市住房和城乡建设管理委员会关于《道路照明工程建设技术标准》为上海市工程建设规范的通知.md
工程建设管理,规划与计划,市级,关于印发《长三角生态绿色一体化发展示范区综合交通专项规划（2021-2035年）》的通知,沪交规〔2023〕502号,上海市交通委员会,2023-07-18,有效,统一政策发布平台,https://www.shanghai.gov.cn/zhengce/detail/0010::f1520933ae6d41e3974a2359faab4973,
工程建设管理,通知公告,市级,上海市应急管理局废止关于进一步全面落实企业安全生产主体责任的意见的通知,沪应急行规〔2023〕3号,上海市应急管理局,2023-08-03,有效,统一政策发布平台,https://www.shanghai.gov.cn/zhengce/detail/0037::7d961baea4c747afa9698139f5f7395c,
工程建设管理,技术规定与导则,市级,上海市住房和城乡建设管理委员会关于批准《沉井与沉箱施工技术标准》为上海市工程建设规范的通知,沪建标定〔2023〕403号,上海市住房和城乡建设管理委员会,2023-08-04,有效,统一政策发布平台,https://www.shanghai.gov.cn/zhengce/detail/0011::37827d03d1b3484f981cf7e028469472,docs/工程建设管理/上海市住房和城乡建设管理委员会关于批准《沉井与沉箱施工技术标准》为上海市工程建设规范的通知.md
工程建设管理,技术规定与导则,市级,关于批准《外墙外保温系统应用技术标准（岩棉）》为上海市工程建设规范的通知,沪建标定〔2023〕387号,上海市住房和城乡建设管理委员会,2023-07-31,有效,统一政策发布平台,https://www.shanghai.gov.cn/zhengce/detail/0011::b8f6583fc989423c8edd77703057fa32,docs/工程建设管理/关于批准《外墙外保温系统应用技术标准（岩棉）》为上海市工程建设规范的通知.md
工程建设管理,通知公告,市级,上海市安全生产委员会办公室关于进一步加强高温熔融金属企业安全监管工作的通知,沪安委办〔2023〕27号,上海市应急管理局,2023-07-26,有效,统一政策发布平台,https://www.shanghai.gov.cn/zhengce/detail/0037::fe911b1af70f42e9987bfecf792380ce,
工程建设管理,实施意见,市级,上海市安全生产委员会办公室印发关于进一步强化生产经营单位安全生产主体责任落实的指导意见的通知,沪安委办〔2023〕30号,上海市应急管理局,2023-07-27,有效,统一政策发布平台,https://www.shanghai.gov.cn/zhengce/detail/0037::49a3d9f2a57148729aa0a233df26ab26,
工程建设管理,办法,市级,上海市应急管理局关于印发上海市应急管理局重点实验室管理办法的通知,沪应急行规〔2023〕2号,上海市应急管理局,2023-07-19,有效,统一政策发布平台,https://www.shanghai.gov.cn/zhengce/detail/0037::fec10ea077444fef815573b677836efb,docs/工程建设管理/上海市应急管理局关于印发上海市应急管理局重点实验室管理办法的通知.md
工程建设管理,通知公告,市级,上海市交通委员会关于申报2023年上海市交通节能减排专项扶持资金的通知,沪交科〔2023〕506号,上海市交通委员会,2023-07-20,有效,统一政策发布平台,https://www.shanghai.gov.cn/zhengce/detail/0010::0a188a5799bf44d5ae17f20b22fc5939,
工程建设管理,办法,区级,关于印发《杨浦区服务业发展引导资金使用和管理办法》的通知,杨发改规范〔2023〕1 号,上海市杨浦区发展和改革委员会,2023-07-21,有效,统一政策发布平台,https://www.shanghai.gov.cn/zhengce/detail/0077::0077231e501fe02dccd448338c651ad99b5a,docs/工程建设管理/关于印发《杨浦区服务业发展引导资金使用和管理办法》的通知.md
工程建设管理,通知公告,市级,上海市发展和改革委员会关于印发《上海市定价成本监审目录》的通知,沪发改规范〔2023〕9号,上海市发展和改革委员会,2023-07-20,有效,统一政策发布平台,https://www.shanghai.gov.cn/zhengce/detail/0025::431fcd7952824d25af998d51bcf3ebd3,
工程建设管理,通知公告,市级,市交通委、市发展改革委、市经济信息化委关于印发《上海交通领域氢能推广应用方案（2023-2025年）》的通知,沪交科〔2023〕496号,上海市交通委员会,2023-07-14,有效,统一政策发布平台,https://www.shanghai.gov.cn/zhengce/detail/0010::607f7e7be6e34960b05fabb712edd7c8,
工程建设管理,通知公告,市级,上海市交通委员会关于在宝山区试点实行“岸电使用交接单”制度的通知,沪交科〔2023〕494号,上海市交通委员会,2023-07-13,有效,统一政策发布平台,https://www.shanghai.gov.cn/zhengce/detail/0010::648e09713b1046ed914ee5e0da68d123,
工程建设管理,通知公告,市级,关于组织申报2023年二季度调整优化航运集疏运结构项目资金的通知,沪交航〔2023〕488号,上海市交通委员会,2023-07-14,有效,统一政策发布平台,https://www.shanghai.gov.cn/zhengce/detail/0010::c1085a9ae84e44a2a0feac70078e725a,
工程建设管理,技术规定与导则,市级,上海市住房和城乡建设管理委员会关于批准《外墙保温一体化系统应用技术标准（预制混凝土反打保温外墙）》为上海市工程建设规范的通知,沪建标定〔2023〕349号,上海市住房和城乡建设管理委员会,2023-07-11,有效,统一政策发布平台,https://www.shanghai.gov.cn/zhengce/detail/0011::aed4debaa3b145128a72bb1f6941b8c6,docs/工程建设管理/上海市住房和城乡建设管理委员会关于批准《外墙保温一体化系统应用技术标准（预制混凝土反打保温外墙）》为.md
工程建设管理,技术规定与导则,市级,上海市住房和城乡建设管理委员会关于批准《排水系统数学模型构建及应用标准》为上海市工程建设规范的通知,沪建标定〔2023〕346号,上海市住房和城乡建设管理委员会,2023-07-11,有效,统一政策发布平台,https://www.shanghai.gov.cn/zhengce/detail/0011::620889fc69ec48659e138ccfb86a1f46,docs/工程建设管理/上海市住房和城乡建设管理委员会关于批准《排水系统数学模型构建及应用标准》为上海市工程建设规范的通知.md
工程建设管理,通知公告,市级,上海市发展和改革委员会关于印发《上海市定价听证目录》的通知,沪发改规范〔2023〕8号,上海市发展和改革委员会,2023-07-10,有效,统一政策发布平台,https://www.shanghai.gov.cn/zhengce/detail/0025::09c69226b7a94ce7bed1e43cbfa8d2c9,
工程建设管理,规划与计划,区级,关于转发《杨浦区关于系统集成、精准施策，提升完善工程建设领域营商环境的行动计划》的通知,杨建委〔2023〕41号,上海市杨浦区建设和管理委员会,2023-07-10,有效,统一政策发布平台,https://www.shanghai.gov.cn/zhengce/detail/0077::0077705938afa63fc3565db0db7105c768cb,
工程建设管理,通知公告,市级,关于印发《上海市公共资源交易服务清单指引（2023年版）》的通知,沪发改法〔2023〕9号,上海市发展和改革委员会,2023-07-04,有效,统一政策发布平台,https://www.shanghai.gov.cn/zhengce/detail/0025::585ddf6f06f84e60a058340cb569fd07,
工程建设管理,实施细则,区级,关于印发《宝山区信息化项目工程监理管理实施细则》的通知,宝信息委规〔2023〕1号,上海市宝山区数据局,2023-06-30,有效,统一政策发布平台,https://www.shanghai.gov.cn/zhengce/detail/0078::117d3790-ed9c-447e-adfc-b23697e048c3,docs/工程建设管理/关于印发《宝山区信息化项目工程监理管理实施细则》的通知.md
工程建设管理,办法,区级,关于印发《上海市静安区服务业发展引导资金使用和管理办法》的通知,静发改委规〔2023〕1号,上海市静安区发展和改革委员会,2023-06-30,有效,统一政策发布平台,https://www.shanghai.gov.cn/zhengce/detail/0072::e5498e18-eb3b-4c3f-b7a1-ad4f189aa247,docs/工程建设管理/关于印发《上海市静安区服务业发展引导资金使用和管理办法》的通知.md
工程建设管理,规划与计划,市级,关于印发《上海市智慧公交三年行动计划（2023–2025年）》的通知,沪交科〔2023〕414号,上海市交通委员会、上海市道路运输局,2023-06-12,有效,统一政策发布平台,https://www.shanghai.gov.cn/zhengce/detail/0010::a6c02c2bd1be4ae982338ce708ccbe39,
工程建设管理,通知公告,市级,关于印发《上海市智慧公交顶层设计方案》的通知,沪交科〔2023〕409号,上海市交通委员会、上海市道路运输局,2023-06-09,有效,统一政策发布平台,https://www.shanghai.gov.cn/zhengce/detail/0010::e4eb6e8f8ad04600a3b42286113c689a,
工程建设管理,通知公告,市级,上海市住房和城乡建设管理委员会关于批准《公路绿化建设与养护标准》为上海市工程建设规范的通知,沪建标定〔2023〕317号,上海市住房和城乡建设管理委员会,2023-06-25,有效,统一政策发布平台,https://www.shanghai.gov.cn/zhengce/detail/0011::cc1abb095d9447f492967b3edae78bc1,
工程建设管理,技术规定与导则,市级,上海市住房和城乡建设管理委员会关于批准《平板膜生物反应器法污水处理工程技术标准》为上海市工程建设规范的通知,沪建标定〔2023〕315号,上海市住房和城乡建设管理委员会,2023-06-20,有效,统一政策发布平台,https://www.shanghai.gov.cn/zhengce/detail/0011::07f430840d0d4f8bad2934f3bf4639a9,docs/工程建设管理/上海市住房和城乡建设管理委员会关于批准《平板膜生物反应器法污水处理工程技术标准》为上海市工程建设规范.md
工程建设管理,通知公告,市级,关于延长《关于明确本市法律职业资格考试收费有关事项的通知》有效期的通知,沪财发〔2023〕5号,上海市财政局 上海市发展和改革委员会,2023-06-12,有效,统一政策发布平台,https://www.shanghai.gov.cn/zhengce/detail/0017::xxfbdf0000021311,
工程建设管理,通知公告,市级,上海市安全生产委员会办公室关于组织企业主要负责人开展“落实‘两个切实’大家谈”活动的通知,沪安委办〔2023〕20号,上海市应急管理局,2023-06-08,有效,统一政策发布平台,https://www.shanghai.gov.cn/zhengce/detail/0037::483f08157fe040c0ad5c81daf56296d1,
工程建设管理,办法,市级,关于印发《上海市固定资产投资项目节能验收管理办法》的通知,沪发改规范〔2023〕7号,上海市发展和改革委员会,2023-06-08,有效,统一政策发布平台,https://www.shanghai.gov.cn/zhengce/detail/0025::94899582fc1648de8e4e8d9d8ba82da9,docs/工程建设管理/关于印发《上海市固定资产投资项目节能验收管理办法》的通知.md
工程建设管理,办法,市级,上海市应急管理局关于印发上海市金属冶炼建设项目安全设施设计审查实施办法的通知,沪应急行规〔2023〕1号,上海市应急管理局,2023-05-30,有效,统一政策发布平台,https://www.shanghai.gov.cn/zhengce/detail/0037::82e7e96619a641919e50be0afd631e36,docs/工程建设管理/上海市应急管理局关于印发上海市金属冶炼建设项目安全设施设计审查实施办法的通知.md
工程建设管理,通知公告,市级,关于开展2023年度上海港岸电项目补贴资金申报工作的通知,沪交科〔2023〕387号,上海市交通委员会,2023-06-01,有效,统一政策发布平台,https://www.shanghai.gov.cn/zhengce/detail/0010::3dccab5c7e1b4e2a8135cdce54f92c6d,
工程建设管理,通知公告,市级,关于公布《2022年度上海市新能源出租车充电示范站名单》的通知,沪交科〔2023〕232号,上海市交通委员会、上海市发展和改革委员会、上海市财政局,2023-05-30,有效,统一政策发布平台,https://www.shanghai.gov.cn/zhengce/detail/0010::42ebcee268c340e991f7771becd9b731,
工程建设管理,技术规定与导则,市级,上海市住房和城乡建设管理委员会关于批准《外墙内保温系统应用技术标准（泡沫玻璃板）》为上海市工程建设规范的通知,沪建标定〔2023〕275号,上海市住房和城乡建设管理委员会,2023-06-01,有效,统一政策发布平台,https://www.shanghai.gov.cn/zhengce/detail/0011::c434b22277e54c198e9486c1d020c152,docs/工程建设管理/上海市住房和城乡建设管理委员会关于批准《外墙内保温系统应用技术标准（泡沫玻璃板）》为上海市工程建设规.md
工程建设管理,技术规定与导则,市级,上海市住房和城乡建设管理委员会关于批准《雨水调蓄设施技术标准》为上海市工程建设规范的通知,沪建标定〔2023〕274号,上海市住房和城乡建设管理委员会,2023-06-01,有效,统一政策发布平台,https://www.shanghai.gov.cn/zhengce/detail/0011::3ee7df6695774e97bb848742a5bf894e,docs/工程建设管理/上海市住房和城乡建设管理委员会关于批准《雨水调蓄设施技术标准》为上海市工程建设规范的通知.md
工程建设管理,技术规定与导则,市级,上海市住房和城乡建设管理委员会关于批准《市域铁路设计标准》为上海市工程建设规范的通知,沪建标定〔2023〕276号,上海市住房和城乡建设管理委员会,2023-06-01,有效,统一政策发布平台,https://www.shanghai.gov.cn/zhengce/detail/0011::47f35af81d574ce883257b17e966c66f,docs/工程建设管理/上海市住房和城乡建设管理委员会关于批准《市域铁路设计标准》为上海市工程建设规范的通知.md
工程建设管理,审查与许可规则,市级,上海市住房和城乡建设管理委员会关于批准《市域铁路工程施工质量验收标准》为上海市工程建设规范的通知,沪建标定〔2023〕273号,上海市住房和城乡建设管理委员会,2023-06-01,有效,统一政策发布平台,https://www.shanghai.gov.cn/zhengce/detail/0011::d435044bf15e46d88faa23443a3917f2,docs/工程建设管理/上海市住房和城乡建设管理委员会关于批准《市域铁路工程施工质量验收标准》为上海市工程建设规范的通知.md
工程建设管理,技术规定与导则,市级,上海市住房和城乡建设管理委员会关于批准《应急避难场所设计标准》为上海市工程建设规范的通知,沪建标定〔2023〕277号,上海市住房和城乡建设管理委员会,2023-06-01,有效,统一政策发布平台,https://www.shanghai.gov.cn/zhengce/detail/0011::93eee867d55242d6a18f341c33a8c29d,docs/工程建设管理/上海市住房和城乡建设管理委员会关于批准《应急避难场所设计标准》为上海市工程建设规范的通知.md
工程建设管理,技术规定与导则,市级,上海市住房和城乡建设管理委员会关于批准《民防工程平战功能转换技术标准》为上海市工程建设规范的通知,沪建标定〔2023〕266号,上海市住房和城乡建设管理委员会,2023-05-30,有效,统一政策发布平台,https://www.shanghai.gov.cn/zhengce/detail/0011::bcaa60a7fb7f4e358bed7378795dc407,docs/工程建设管理/上海市住房和城乡建设管理委员会关于批准《民防工程平战功能转换技术标准》为上海市工程建设规范的通知.md
工程建设管理,技术规定与导则,市级,上海市住房和城乡建设管理委员会关于批准《海塘维修养护技术标准》为上海市工程建设规范的通知,沪建标定〔2023〕265号,上海市住房和城乡建设管理委员会,2023-05-30,有效,统一政策发布平台,https://www.shanghai.gov.cn/zhengce/detail/0011::df5d9daf664e4490ad0172a72d923ceb,docs/工程建设管理/上海市住房和城乡建设管理委员会关于批准《海塘维修养护技术标准》为上海市工程建设规范的通知.md
工程建设管理,实施意见,市级,上海市水务局关于印发《上海市水务（海洋）建设工程安全生产风险管控“六项机制”实施意见》的通知,沪水务〔2023〕352号,上海市水务局,2023-05-31,有效,统一政策发布平台,https://www.shanghai.gov.cn/zhengce/detail/0004::819de3b80c6b4ff09f789dc101c30853,
工程建设管理,通知公告,市级,上海市水务局关于印发《上海市水务（海洋）建设工程生产安全事故行业调查工作手册》的通知,沪水务〔2023〕351号,上海市水务局,2023-05-31,有效,统一政策发布平台,https://www.shanghai.gov.cn/zhengce/detail/0004::0c6574cefef1439b98dd60acff2715f5,
工程建设管理,技术规定与导则,市级,上海市住房和城乡建设管理委员会关于批准《湿垃圾厌氧消化处理工程技术标准》为上海市工程建设规范的通知,沪建标定〔2023〕264号,上海市住房和城乡建设管理委员会,2023-05-30,有效,统一政策发布平台,https://www.shanghai.gov.cn/zhengce/detail/0011::e45a350088314648bf2c3cddfa43257c,docs/工程建设管理/上海市住房和城乡建设管理委员会关于批准《湿垃圾厌氧消化处理工程技术标准》为上海市工程建设规范的通知.md
工程建设管理,通知公告,市级,关于转发《国家发展改革委关于第三监管周期省级电网输配电价及有关事项的通知》的通知,沪发改价管〔2023〕19号,上海市发展和改革委员会,2023-05-26,有效,统一政策发布平台,https://www.shanghai.gov.cn/zhengce/detail/0025::4b9fb8e9b852473899c791b22367bcbc,
工程建设管理,技术规定与导则,市级,上海市交通委员会关于印发《机动车驾驶员培训机构经营技术规范》的通知,沪交科〔2023〕354号,上海市交通委员会,2023-05-19,有效,统一政策发布平台,https://www.shanghai.gov.cn/zhengce/detail/0010::4f9348244f6a441d80e31c99cd64606e,docs/工程建设管理/上海市交通委员会关于印发《机动车驾驶员培训机构经营技术规范》的通知.md
工程建设管理,通知公告,市级,上海市住房和城乡建设管理委员会关于批准《园林绿化养护标准》为上海市工程建设规范的通知,沪建标定〔2023〕248号,上海市住房和城乡建设管理委员会,2023-05-22,有效,统一政策发布平台,https://www.shanghai.gov.cn/zhengce/detail/0011::4de82b3b41104cbb8cda37cf2dfc7988,
工程建设管理,通知公告,市级,上海市住房和城乡建设管理委员会关于批准《岩土工程勘察标准》为上海市工程建设规范的通知,沪建标定〔2023〕250号,上海市住房和城乡建设管理委员会,2023-05-22,有效,统一政策发布平台,https://www.shanghai.gov.cn/zhengce/detail/0011::13d55c15901843efbdaa9796e1ea511f,
工程建设管理,通知公告,市级,上海市住房和城乡建设管理委员会关于批准《桥梁工业化评价标准》为上海市工程建设规范的通知,沪建标定〔2023〕247号,上海市住房和城乡建设管理委员会,2023-05-22,有效,统一政策发布平台,https://www.shanghai.gov.cn/zhengce/detail/0011::41e255130b81453589ba9467f642a0dd,
工程建设管理,技术规定与导则,市级,上海市住房和城乡建设管理委员会关于批准《大空间建筑铝合金结构防火技术标准》为上海市工程建设规范的通知,沪建标定〔2023〕249号,上海市住房和城乡建设管理委员会,2023-05-22,有效,统一政策发布平台,https://www.shanghai.gov.cn/zhengce/detail/0011::c1085bc11adf41dbb5dea8f81f914c18,docs/工程建设管理/上海市住房和城乡建设管理委员会关于批准《大空间建筑铝合金结构防火技术标准》为上海市工程建设规范的通知.md
工程建设管理,通知公告,市级,上海市住房和城乡建设管理委员会关于批准《住宅修缮工程质量检测及评定标准》为上海市工程建设规范的通知,沪建标定〔2023〕241号,上海市住房和城乡建设管理委员会,2023-05-19,有效,统一政策发布平台,https://www.shanghai.gov.cn/zhengce/detail/0011::21932ece268945c683d931473c622854,
工程建设管理,办法,区级,关于印发《金山区重大工程建设管理办法》 的通知,金建规〔2023〕2号,上海市金山区建设和管理委员会,2023-05-19,有效,统一政策发布平台,https://www.shanghai.gov.cn/zhengce/detail/0081::0081198ba8af505603adb0bfb07d4543afdc,docs/工程建设管理/关于印发《金山区重大工程建设管理办法》 的通知.md
工程建设管理,通知公告,市级,关于上海市绿化市容行业2023年工程建设领域营商环境一体化改革工作的通知,沪绿容〔2023〕176号,上海市绿化和市容管理局,2023-05-06,有效,统一政策发布平台,https://www.shanghai.gov.cn/zhengce/detail/0039::05ce86da-5def-447e-977e-73b7f01ecf55,
工程建设管理,通知公告,市级,关于加强本市轨道交通安全保护区施工安全管理工作的通知,沪建质安联〔2023〕219号,上海市住房和城乡建设管理委员会,2023-05-11,有效,统一政策发布平台,https://www.shanghai.gov.cn/zhengce/detail/0011::d6c895ea4e9b4d4da0ae871336b4bc45,
工程建设管理,其他,市级,上海市交通委员会、上海市公安局关于71路中运量西延伸公交线路实行专用车道管理的通告,沪交道运 〔2023〕328号,上海市交通委员会,2023-05-11,有效,统一政策发布平台,https://www.shanghai.gov.cn/zhengce/detail/0010::be605a612fc5438d95b120f2f45bec5d,
工程建设管理,审查与许可规则,市级,上海市住房和城乡建设管理委员会关于批准《城市轨道交通钢弹簧浮置板轨道施工质量验收标准》为上海市工程建设规范的通知,沪建标定〔2023〕228号,上海市住房和城乡建设管理委员会,2023-05-09,有效,统一政策发布平台,https://www.shanghai.gov.cn/zhengce/detail/0011::129b39b1b98c41cf9f1c64c0b014faaa,docs/工程建设管理/上海市住房和城乡建设管理委员会关于批准《城市轨道交通钢弹簧浮置板轨道施工质量验收标准》为上海市工程建.md
工程建设管理,技术规定与导则,市级,关于批准《成型钢筋混凝土结构设计标准》为上海市工程建设规范的通知,沪建标定〔2023〕227号,上海市住房和城乡建设管理委员会,2023-05-09,有效,统一政策发布平台,https://www.shanghai.gov.cn/zhengce/detail/0011::f493cb40ecb14a2abd7a0ea61ffe0539,docs/工程建设管理/关于批准《成型钢筋混凝土结构设计标准》为上海市工程建设规范的通知.md
工程建设管理,通知公告,市级,关于完善我市居民瓶装液化石油气价格机制有关事项的通知,沪发改价管〔2023〕16号,上海市发展和改革委员会,2023-05-09,有效,统一政策发布平台,https://www.shanghai.gov.cn/zhengce/detail/0025::b1c2890642f448e2bd6426caecf15ccf,
工程建设管理,实施意见,市级,上海市交通委员会、上海海事局 关于印发《上海港提高靠港船舶岸电使用率实施方案（2023年）》的通知,沪交科〔2023〕233号,上海市交通委员会、上海海事局,2023-04-23,有效,统一政策发布平台,https://www.shanghai.gov.cn/zhengce/detail/0010::96b86c464a324265bd290c0ff2e77189,
工程建设管理,通知公告,市级,上海市交通委员会、上海市发展和改革委员会 关于开展公共充电设施自查抽查工作的通知,沪交科〔2023〕301号,上海市交通委员会、上海市发展和改革委员会,2023-04-27,有效,统一政策发布平台,https://www.shanghai.gov.cn/zhengce/detail/0010::febab37025b948458e92587aa26c7dc3,
工程建设管理,规划与计划,市级,上海市交通委员会关于下达2023年度标准规范项目计划的通知,沪交科〔2023〕261号,上海市交通委员会,2023-04-27,有效,统一政策发布平台,https://www.shanghai.gov.cn/zhengce/detail/0010::bc6a53b329bb400dadbe4dc1c83f1d68,
工程建设管理,实施意见,市级,关于印发《支持临港新片区加大先行先试探索 深化产教融合城市建设若干措施》的通知,沪发改社〔2023〕18号,上海市发展和改革委员会,2023-04-28,有效,统一政策发布平台,https://www.shanghai.gov.cn/zhengce/detail/0025::984eb5456f1b40fdaab2199882a47880,
工程建设管理,通知公告,市级,关于优化本市公办高校本专科学费形成机制的通知,沪发改价调〔2023〕21号,上海市发展和改革委员会,2023-04-28,有效,统一政策发布平台,https://www.shanghai.gov.cn/zhengce/detail/0025::fa1e88923a3143d0a699954aecfb4720,
工程建设管理,地方性法规,市级,关于贯彻落实《上海市船舶污染防治条例》提升上海港船舶污染防治能力有关事项的通知,沪交港〔2023〕295号,上海市交通委员会,2023-04-27,有效,统一政策发布平台,https://www.shanghai.gov.cn/zhengce/detail/0010::9446c7738e344a69888800a1c0500e47,docs/工程建设管理/关于贯彻落实《上海市船舶污染防治条例》提升上海港船舶污染防治能力有关事项的通知.md
工程建设管理,通知公告,市级,上海市交通委员会关于组织申报2023年一季度调整优化航运集疏运结构项目资金的通知,沪交航〔2023〕287号,上海市交通委员会,2023-04-27,有效,统一政策发布平台,https://www.shanghai.gov.cn/zhengce/detail/0010::84770025fa044c8caa4beedc9ddbef29,
工程建设管理,通知公告,市级,上海市交通委员会关于开展2023年上海市促进现代航运服务业创新项目申报的通知,沪交航〔2023〕288号,上海市交通委员会,2023-04-27,有效,统一政策发布平台,https://www.shanghai.gov.cn/zhengce/detail/0010::d7ff227576d445d29c85a15e4ab68317,
工程建设管理,通知公告,市级,上海市交通委员会关于印发《上海市交通行业小微生产安全事故自查自纠工作指引（试行）》的通知,沪交安〔2023〕293号,上海市交通委员会,2023-04-26,有效,统一政策发布平台,https://www.shanghai.gov.cn/zhengce/detail/0010::e72fcacd42434b95a9b843679b036787,
工程建设管理,通知公告,市级,关于转发《国家发展改革委关于规范高效做好基础设施领域不动产投资信托基金（REITs）项目申报推荐工作的通知》的通知,沪发改财金〔2023〕15号,上海市发展和改革委员会,2023-04-24,有效,统一政策发布平台,https://www.shanghai.gov.cn/zhengce/detail/0025::7472432ff2da4ae5860c72672208e803,
工程建设管理,通知公告,市级,上海市水务局关于进一步加强水务建设工程现场关键岗位人员履约管理的通知,沪水务〔2023〕242号,上海市水务局,2023-04-23,有效,统一政策发布平台,https://www.shanghai.gov.cn/zhengce/detail/0004::38d77a1cd4cf4e738285ee412c9a85c7,
工程建设管理,审查与许可规则,市级,上海市应急管理局关于注销汉高化学材料（上海）有限公司等21家企业危险化学品安全生产许可证的通报,沪应急危化〔2023〕21号,上海市应急管理局,2023-04-13,有效,统一政策发布平台,https://www.shanghai.gov.cn/zhengce/detail/0037::6292f0cfefbe470b92fe20c9cff4ac74,docs/工程建设管理/上海市应急管理局关于注销汉高化学材料（上海）有限公司等21家企业危险化学品安全生产许可证的通报.md
工程建设管理,通知公告,市级,关于发布本市城管综合执法领域行政处罚事项清单和划分执法权限的通知,沪城管执〔2023〕48号,上海市城市管理行政执法局,2023-04-14,有效,统一政策发布平台,https://www.shanghai.gov.cn/zhengce/detail/0043::a004110a0b594b78af5b461194108130,
工程建设管理,办法,市级,关于印发《上海市建设工程施工项目经理和总监理工程师质量安全违法违规行为记分管理办法》的通知,沪住建规范〔2023〕4号,上海市住房和城乡建设管理委员会,2023-04-14,有效,统一政策发布平台,https://www.shanghai.gov.cn/zhengce/detail/0011::729b9af4915549c592d4aece6339f99c,docs/工程建设管理/关于印发《上海市建设工程施工项目经理和总监理工程师质量安全违法违规行为记分管理办法》的通知.md
工程建设管理,通知公告,市级,关于调整本市建设工程规费项目设置等相关事项的通知,沪建标定联〔2023〕120号,上海市住房和城乡建设管理委员会,2023-04-14,有效,统一政策发布平台,https://www.shanghai.gov.cn/zhengce/detail/0011::b6971fe79f1c438a9e078236f4f897be,
工程建设管理,技术规定与导则,市级,上海市住房和城乡建设管理委员会关于批准《道路隧道养护运行评价技术标准》为上海市工程建设规范的通知,沪建标定〔2023〕191号,上海市住房和城乡建设管理委员会,2023-04-13,有效,统一政策发布平台,https://www.shanghai.gov.cn/zhengce/detail/0011::1284dcebb04548a8b4134748bca239a0,docs/工程建设管理/上海市住房和城乡建设管理委员会关于批准《道路隧道养护运行评价技术标准》为上海市工程建设规范的通知.md
工程建设管理,通知公告,市级,上海市安全生产委员会建设安全专业委员会关于加强本市建设工程施工期间燃气管线保护工作的通知,沪建安专〔2023〕3号,上海市住房和城乡建设管理委员会,2023-04-10,有效,统一政策发布平台,https://www.shanghai.gov.cn/zhengce/detail/0011::327911d6c1594bc991ef5f1d70c493c2,
工程建设管理,实施细则,市级,上海市交通委员会关于发布《上海市交通节能减排专项扶持资金项目节能量、替代量核算技术细则》的通知,沪交科〔2023〕214号,上海市交通委员会,2023-04-03,有效,统一政策发布平台,https://www.shanghai.gov.cn/zhengce/detail/0010::3b42ff70ed694d02baabd526109c086f,docs/工程建设管理/上海市交通委员会关于发布《上海市交通节能减排专项扶持资金项目节能量、替代量核算技术细则》的通知.md
工程建设管理,实施意见,市级,关于印发关于进一步加强市属国有企业建设工程项目施工分包安全生产管理的指导意见的通知,沪国资委综合〔2023〕61号,上海市国有资产监督管理委员会,2023-04-03,有效,统一政策发布平台,https://www.shanghai.gov.cn/zhengce/detail/0054::ea1cd28f0ca141c4aaff5229f0f5c7b7,
工程建设管理,通知公告,市级,关于同意设立中国上海人力资源服务产业园主园区等八个服务业创新发展示范区的通知,沪发改服务〔2023〕11号,上海市发展和改革委员会,2023-03-30,有效,统一政策发布平台,https://www.shanghai.gov.cn/zhengce/detail/0025::a704113d596d44aaa23c07a1bb795159,
工程建设管理,办法,市级,关于印发《上海市城市管理领域行政处罚听证程序实施办法》的通知,沪城管规〔2023〕4号,上海市城市管理行政执法局,2023-03-31,有效,统一政策发布平台,https://www.shanghai.gov.cn/zhengce/detail/0043::46cecfd7bc3043baaa211e31aa3efd75,docs/工程建设管理/关于印发《上海市城市管理领域行政处罚听证程序实施办法》的通知.md
工程建设管理,通知公告,市级,上海市自然灾害防治委员会关于印发上海市2023年自然灾害防治工作意见的通知,沪灾防委〔2023〕3号,上海市应急管理局,2023-03-27,有效,统一政策发布平台,https://www.shanghai.gov.cn/zhengce/detail/0037::d00626afec7f4275a76119e991ab5e0e,
工程建设管理,实施细则,区级,关于印发《闵行区服务业发展引导资金使用和管理实施细则》的通知,闵发改〔2023〕10号,上海市闵行区发展和改革委员会,2023-03-03,有效,统一政策发布平台,https://www.shanghai.gov.cn/zhengce/detail/0079::6c243374-d8fd-4b57-8635-782152ef9c35,docs/工程建设管理/关于印发《闵行区服务业发展引导资金使用和管理实施细则》的通知.md
工程建设管理,审查与许可规则,市级,上海市交通委员会关于公布2022年度上海市智能网联汽车示范应用创新项目验收成果的通知,沪交科〔2023〕194号,上海市交通委员会,2023-03-30,有效,统一政策发布平台,https://www.shanghai.gov.cn/zhengce/detail/0010::82211ac87cb24665acfc380464353f84,docs/工程建设管理/上海市交通委员会关于公布2022年度上海市智能网联汽车示范应用创新项目验收成果的通知.md
工程建设管理,技术规定与导则,市级,上海市住房和城乡建设管理委员会关于批准《粒化高炉矿渣粉在水泥混凝土中应用技术标准》为上海市工程建设规范的通知,沪建标定〔2023〕25号,上海市住房和城乡建设管理委员会,2023-01-17,有效,统一政策发布平台,https://www.shanghai.gov.cn/zhengce/detail/0011::9e5d34170cda4a6abf806f54a36d70e5,docs/工程建设管理/上海市住房和城乡建设管理委员会关于批准《粒化高炉矿渣粉在水泥混凝土中应用技术标准》为上海市工程建设规.md
工程建设管理,通知公告,市级,关于印发《上海市街道办事处、乡镇人民政府综合行政执法行政处罚裁量基准（第二批行政执法事项）》的通知,沪城管规〔2023〕3号,上海市城市管理行政执法局,2023-03-28,有效,统一政策发布平台,https://www.shanghai.gov.cn/zhengce/detail/0043::d1a5d97be086460497dcabb93f97e55a,
工程建设管理,办法,市级,上海市交通委员会关于贯彻实施《城市客运企业主要负责人和安全生产管理人员安全考核管理办法》的通知,沪交安〔2023〕183号,上海市交通委员会,2023-03-24,有效,统一政策发布平台,https://www.shanghai.gov.cn/zhengce/detail/0010::6d3fe0d3d2f84a4b95774bd6c1ed83ff,docs/工程建设管理/上海市交通委员会关于贯彻实施《城市客运企业主要负责人和安全生产管理人员安全考核管理办法》的通知.md
工程建设管理,实施意见,市级,上海市交通委员会关于转发《交通运输部关于加强交通运输安全生产标准化建设的指导意见》的通知,沪交安〔2023〕164号,上海市交通委员会,2023-03-20,有效,统一政策发布平台,https://www.shanghai.gov.cn/zhengce/detail/0010::bd33b9138b354600acb6193c51d6a09b,
工程建设管理,其他,市级,关于调整本市国三标准柴油机动车限制通行政策的通告,沪交行规〔2023〕2号,上海市交通委员会,2023-03-17,有效,统一政策发布平台,https://www.shanghai.gov.cn/zhengce/detail/0010::8f1a31392bc84266bceca8676d51efcc,
工程建设管理,实施意见,市级,上海市住房和城乡建设管理委员会关于印发《上海市基坑工程信息化监测实施方案》的通知,沪建质安〔2023〕119号,上海市住房和城乡建设管理委员会,2023-03-08,有效,统一政策发布平台,https://www.shanghai.gov.cn/zhengce/detail/0011::e1810afa72ee45b08869f9393cdbdf9f,
工程建设管理,技术规定与导则,市级,上海市住房和城乡建设管理委员会关于批准《装配式部分包覆钢-混凝土组合结构技术标准》为上海市工程建设规范的通知,沪建标定〔2023〕118号,上海市住房和城乡建设管理委员会,2023-03-08,有效,统一政策发布平台,https://www.shanghai.gov.cn/zhengce/detail/0011::e33b9bffd06d4e409af7879fc7c7dab4,docs/工程建设管理/上海市住房和城乡建设管理委员会关于批准《装配式部分包覆钢-混凝土组合结构技术标准》为上海市工程建设规.md
工程建设管理,通知公告,市级,上海市交通委员会 关于开展2023年国内水路运输及其辅助业 和国际船舶运输业核查工作的通知,沪交港〔2023〕129号,上海市交通委员会,2023-03-03,有效,统一政策发布平台,https://www.shanghai.gov.cn/zhengce/detail/0010::1eb2445c61f84710a785da7b0380580d,
工程建设管理,通知公告,市级,关于进一步明确内河港口标准化建设工作的通知,沪交港〔2023〕92号,上海市交通委员会,2023-02-16,有效,统一政策发布平台,https://www.shanghai.gov.cn/zhengce/detail/0010::33bb561db2a44a5892dadf01e5c1dd03,
工程建设管理,办法,区级,关于印发《长宁区政府投资项目代理建设管理办法》的通知,长发改规〔2023〕5号,上海市长宁区发展和改革委员会,2023-02-27,有效,统一政策发布平台,https://www.shanghai.gov.cn/zhengce/detail/0074::007466624,docs/工程建设管理/关于印发《长宁区政府投资项目代理建设管理办法》的通知.md
工程建设管理,办法,市级,关于印发《上海市创新型企业总部认定管理办法》的通知,沪发改规范〔2023〕3号,上海市发展和改革委员会,2023-02-01,有效,统一政策发布平台,https://www.shanghai.gov.cn/zhengce/detail/0025::682548014c164b79a84e5be7843b1abb,docs/工程建设管理/关于印发《上海市创新型企业总部认定管理办法》的通知.md
工程建设管理,通知公告,市级,上海市交通委员会关于组织申报2022年四季度调整优化航运集疏运结构项目资金的通知,沪交航〔2023〕82号,上海市交通委员会,2023-02-14,有效,统一政策发布平台,https://www.shanghai.gov.cn/zhengce/detail/0010::e12c1540253840b798046abee5110896,
工程建设管理,技术规定与导则,市级,上海市住房和城乡建设管理委员会关于批准《民防工程运行维护技术标准》为上海市工程建设规范的通知,沪建标定〔2023〕76号,上海市住房和城乡建设管理委员会,2023-02-13,有效,统一政策发布平台,https://www.shanghai.gov.cn/zhengce/detail/0011::cea9a60e18ee4876b766d1b9afd315b5,docs/工程建设管理/上海市住房和城乡建设管理委员会关于批准《民防工程运行维护技术标准》为上海市工程建设规范的通知.md
工程建设管理,审查与许可规则,市级,上海市应急管理局关于涉及柴油危险化学品安全许可有关事项的通知,沪应急危化〔2023〕4号,上海市应急管理局,2023-01-19,有效,统一政策发布平台,https://www.shanghai.gov.cn/zhengce/detail/0037::c7f7ca607a6043a0a257ab66f582b5d9,docs/工程建设管理/上海市应急管理局关于涉及柴油危险化学品安全许可有关事项的通知.md
工程建设管理,实施意见,市级,关于印发《上海市交通领域碳达峰实施方案》的通知,沪交科〔2023〕8号,上海市交通委员会,2023-01-19,有效,统一政策发布平台,https://www.shanghai.gov.cn/zhengce/detail/0010::c611f44e6ee247739088c15679ba35e3,
工程建设管理,规划与计划,市级,关于印发《上海市配电网升级改造三年行动计划 （2023－2025年）实施方案》的通知,沪发改能源〔2023〕30号,上海市发展和改革委员会,2023-01-31,有效,统一政策发布平台,https://www.shanghai.gov.cn/zhengce/detail/0025::ae09ea0f7995432182a70ec5560c70dc,
工程建设管理,技术规定与导则,市级,上海市住房和城乡建设管理委员会关于批准《道路声屏障结构技术标准》为上海市工程建设规范的通知,沪建标定〔2023〕58号,上海市住房和城乡建设管理委员会,2023-01-31,有效,统一政策发布平台,https://www.shanghai.gov.cn/zhengce/detail/0011::c87581bf65fe45d2812601d54f2dfb20,docs/工程建设管理/上海市住房和城乡建设管理委员会关于批准《道路声屏障结构技术标准》为上海市工程建设规范的通知.md
工程建设管理,通知公告,市级,上海市住房和城乡建设管理委员会关于批准《黄浦江两岸滨江公共空间建设标准》为上海市工程建设规范的通知,沪建标定〔2023〕56号,上海市住房和城乡建设管理委员会,2023-01-31,有效,统一政策发布平台,https://www.shanghai.gov.cn/zhengce/detail/0011::5dc2b0a0a94549c0bbf7119efcb6eac7,
工程建设管理,通知公告,市级,关于开展用水权交易试点工作的通知,沪水务〔2023〕64号,上海市水务局,2023-01-30,有效,统一政策发布平台,https://www.shanghai.gov.cn/zhengce/detail/0004::62983ab7528a4b908fb69553cf9ba088,
工程建设管理,办法,区级,关于印发《长宁区发展和改革委员会委托投资咨询评估管理办法》的通知,长发改规〔2023〕3号,上海市长宁区发展和改革委员会,2023-02-01,有效,统一政策发布平台,https://www.shanghai.gov.cn/zhengce/detail/0074::007466192,docs/工程建设管理/关于印发《长宁区发展和改革委员会委托投资咨询评估管理办法》的通知.md
工程建设管理,实施意见,市级,关于印发《上海市促进地热能开发利用的实施意见》的通知,沪发改规范〔2023〕2号,上海市发展和改革委员会,2023-01-20,有效,统一政策发布平台,https://www.shanghai.gov.cn/zhengce/detail/0025::99e554d89f504afe93138a77a9f94306,
工程建设管理,规划与计划,市级,关于印发《上海绿色交通“十四五”发展规划》的通知,沪交科〔2023〕7号,上海市交通委员会,2023-01-06,有效,统一政策发布平台,https://www.shanghai.gov.cn/zhengce/detail/0010::d1d7a90fb65745db82ae94bba4a8cb6c,
工程建设管理,通知公告,市级,上海市住房和城乡建设管理委员会关于批准《建设工程招标代理标准》为上海市工程建设规范的通知,沪建标定〔2023〕35号,上海市住房和城乡建设管理委员会,2023-01-17,有效,统一政策发布平台,https://www.shanghai.gov.cn/zhengce/detail/0011::55500a111b5c45c3a86a2386f171f848,
工程建设管理,实施细则,市级,关于印发《上海市城镇供水价格管理实施细则》的通知,沪发改规范〔2023〕1号,上海市发展和改革委员会,2023-01-18,有效,统一政策发布平台,https://www.shanghai.gov.cn/zhengce/detail/0025::0edaa28f4a5442a2aebbf06c08586ee3,docs/工程建设管理/关于印发《上海市城镇供水价格管理实施细则》的通知.md
工程建设管理,规定,市级,关于印发《上海市城市管理领域非现场执法工作规定》的通知,沪城管规〔2023〕2号,上海市城市管理行政执法局,2023-01-16,有效,统一政策发布平台,https://www.shanghai.gov.cn/zhengce/detail/0043::20a61249bde24eb58b9ff55f646b2d50,docs/工程建设管理/关于印发《上海市城市管理领域非现场执法工作规定》的通知.md
工程建设管理,技术规定与导则,市级,上海市住房和城乡建设管理委员会关于批准《建筑抗震设计标准》为上海市工程建设规范的通知,沪建标定〔2023〕17号,上海市住房和城乡建设管理委员会,2023-01-12,有效,统一政策发布平台,https://www.shanghai.gov.cn/zhengce/detail/0011::cfba3332dba34d0c9b8723004d8470b9,docs/工程建设管理/上海市住房和城乡建设管理委员会关于批准《建筑抗震设计标准》为上海市工程建设规范的通知.md
工程建设管理,办法,市级,关于延长《上海市建设工程安全生产事故行业调查办法（试行）》有效期的通知,,上海市住房和城乡建设管理委员会,2022-11,有效,市住建委规范性文件,https://zjw.sh.gov.cn/gfxwj/20221114/c6da024394774d81acbdf23301e5d471.html,docs/工程建设管理/关于延长《上海市建设工程安全生产事故行业调查办法（试行）》有效期的通知.md
工程建设管理,实施细则,市级,上海市住房和城乡建设管理委员会关于印发《上海市建筑施工安全生产标准化考评实施细则》的通知,,上海市住房和城乡建设管理委员会,2022-11,有效,市住建委规范性文件,https://zjw.sh.gov.cn/gfxwj/20221114/6935ea5db20c45d4a8ad3d062de246d2.html,docs/工程建设管理/上海市住房和城乡建设管理委员会关于印发《上海市建筑施工安全生产标准化考评实施细则》的通知.md
工程建设管理,办法,市级,上海市住房和城乡建设管理委员会关于印发《上海市建设工程竣工结算文件备案管理办法》的通知,,上海市住房和城乡建设管理委员会,2022-11,有效,市住建委规范性文件,https://zjw.sh.gov.cn/gfxwj/20221114/7538a6c963554bf882834051bf1b93c9.html,docs/工程建设管理/上海市住房和城乡建设管理委员会关于印发《上海市建设工程竣工结算文件备案管理办法》的通知.md
工程建设管理,通知公告,市级,关于进一步规范本市工程建设领域农民工工资专用账户管理工作的通知,,上海市住房和城乡建设管理委员会,2022-11,有效,市住建委规范性文件,https://zjw.sh.gov.cn/gfxwj/20221114/50d49d2f44dc4b70b6e9ed46fd3eb15b.html,
工程建设管理,办法,市级,关于印发《上海市建设项目工程总承包招标评标办法》的通知,,上海市住房和城乡建设管理委员会,2022-02,有效,市住建委规范性文件,https://zjw.sh.gov.cn/gfxwj/20220214/0c58a194bae94ba49f8897162e34b966.html,docs/工程建设管理/关于印发《上海市建设项目工程总承包招标评标办法》的通知.md
工程建设管理,规定,市级,"上海市住房和城乡建设管理委员会关于延长《关于印发""上海市政府投资房屋建筑、市政基础设施和公路工程建设项目检测收费管理规定""的通知》等8件文件有效期的通知",沪建法规〔2022〕657号,上海市住房和城乡建设管理委员会,2022-11-17,有效,统一政策发布平台,https://www.shanghai.gov.cn/zhengce/detail/0011::b643895c67744945b19ad4ba1f1a605b,docs/工程建设管理/上海市住房和城乡建设管理委员会关于延长《关于印发_上海市政府投资房屋建筑、市政基础设施和公路工程建设.md
工程建设管理,实施意见,市级,关于印发《上海市推进重点区域、园区等开展碳达峰碳中和试点示范建设的实施方案》的通知,沪发改环资〔2022〕189号,上海市发展和改革委员会,2022-12-30,有效,统一政策发布平台,https://www.shanghai.gov.cn/zhengce/detail/0025::e01186a216044dcfaefbfeb1234d3960,
工程建设管理,通知公告,市级,关于进一步推进我市儿童友好空间建设的通知,沪发改人口〔2022〕7号,上海市发展和改革委员会,2022-12-28,有效,统一政策发布平台,https://www.shanghai.gov.cn/zhengce/detail/0025::4dbbae16c5d04bc9b0bd48e43e1ab9b0,
工程建设管理,办法,市级,关于印发《上海市建筑师负责制扩大试点实施办法（试行）》的通知,沪建建管联〔2022〕727号,上海市住房和城乡建设管理委员会,2022-12-21,有效,统一政策发布平台,https://www.shanghai.gov.cn/zhengce/detail/0011::b2c28ad578d74130b9fea8f29d0a9dd4,docs/工程建设管理/关于印发《上海市建筑师负责制扩大试点实施办法（试行）》的通知.md
工程建设管理,技术规定与导则,市级,上海市住房和城乡建设管理委员会关于批准《专用数字无线对讲通信系统工程技术标准》为上海市工程建设规范的通知,沪建标定〔2022〕736号,上海市住房和城乡建设管理委员会,2022-12-19,有效,统一政策发布平台,https://www.shanghai.gov.cn/zhengce/detail/0011::0b00d5a1d4534700a0ec9dc8dd1c6684,docs/工程建设管理/上海市住房和城乡建设管理委员会关于批准《专用数字无线对讲通信系统工程技术标准》为上海市工程建设规范的.md
工程建设管理,通知公告,市级,关于进一步完善我市分时电价机制有关事项的通知,沪发改价管〔2022〕50号,上海市发展和改革委员会,2022-12-16,有效,统一政策发布平台,https://www.shanghai.gov.cn/zhengce/detail/0025::e2652e3ab7ee49438d6e82af8880b160,
工程建设管理,通知公告,市级,关于进一步规范本市工程建设项目工程款结算和支付工作的通知,沪建建管联〔2022〕616号,上海市住房和城乡建设管理委员会,2022-12-06,有效,统一政策发布平台,https://www.shanghai.gov.cn/zhengce/detail/0011::a05dd0cbec904331bacc5c1f37ab118c,
工程建设管理,实施细则,市级,关于印发《上海市智能网联汽车示范运营实施细则》的通知,沪交行规〔2022〕13号,上海市交通委员会,2022-11-29,有效,统一政策发布平台,https://www.shanghai.gov.cn/zhengce/detail/0010::3a3eec852b2c4b099d3b309264577ef0,docs/工程建设管理/关于印发《上海市智能网联汽车示范运营实施细则》的通知.md
工程建设管理,通知公告,市级,关于印发《中国（上海）自由贸易试验区保税区域诚信建设示范区试点方案》的通知,沪信用办〔2022〕13号,上海市发展和改革委员会,2022-11-28,有效,统一政策发布平台,https://www.shanghai.gov.cn/zhengce/detail/0025::46d52ca128e84153910f8d0209285750,
工程建设管理,实施意见,市级,上海市交通委员会 关于印发《上海市车路协同创新应用工作实施方案（2023-2025年）》的通知,沪交科〔2022〕758号,上海市交通委员会,2022-11-02,有效,统一政策发布平台,https://www.shanghai.gov.cn/zhengce/detail/0010::a90e949f49e04461b7e728ff0ab0722b,
工程建设管理,通知公告,市级,上海市住房和城乡建设管理委员会关于调整本市建设工程企业资质有关事项的通知,沪建建管〔2022〕651号,上海市住房和城乡建设管理委员会,2022-11-16,有效,统一政策发布平台,https://www.shanghai.gov.cn/zhengce/detail/0011::5a75a493431d4f4cb6f70c3f33b7b645,
工程建设管理,通知公告,市级,关于印发上海市2022年度各区优化营商环境优秀案例和良好实践的通知,沪发改营商〔2022〕7号,上海市发展和改革委员会,2022-11-09,有效,统一政策发布平台,https://www.shanghai.gov.cn/zhengce/detail/0025::31f58512f1a441c4bdb481c2eb4216e2,
工程建设管理,实施意见,市级,上海市发展改革委关于公布杭州湾海上风电项目竞争配置工作方案的通知,沪发改能源〔2022〕219号,上海市发展和改革委员会,2022-09-28,有效,统一政策发布平台,https://www.shanghai.gov.cn/zhengce/detail/0025::6a4b802a30ab48c1a18f70570b28d9c0,
工程建设管理,通知公告,市级,上海市发展和改革委员会关于车用汽、柴油价格的通知（2022年11月7日）,沪发改价管〔2022〕43号,上海市发展和改革委员会,2022-11-07,有效,统一政策发布平台,https://www.shanghai.gov.cn/zhengce/detail/0025::66f33f0d8541476695f4a4c17571a7f4,
工程建设管理,通知公告,市级,关于印发《上海市生产建设项目水土保持信用监管“两单”制度》的通知,沪水务规范〔2022〕1号,上海市水务局,2022-10-31,有效,统一政策发布平台,https://www.shanghai.gov.cn/zhengce/detail/0004::d3ef11c5e5674653903a55fdaf0e01aa,
工程建设管理,审查与许可规则,市级,关于规范本市港口经营许可现场核验和审批制证工作的通知,沪交港〔2022〕732号,上海市交通委员会,2022-10-31,有效,统一政策发布平台,https://www.shanghai.gov.cn/zhengce/detail/0010::02d303953f354559bb9a6babd1cf44a8,docs/工程建设管理/关于规范本市港口经营许可现场核验和审批制证工作的通知.md
工程建设管理,通知公告,市级,关于印发《上海市石油天然气管道保护行政处罚裁量基准》的通知,沪城管规〔2022〕3号,上海市城市管理行政执法局,2022-10-26,有效,统一政策发布平台,https://www.shanghai.gov.cn/zhengce/detail/0043::0e009f28726b48edb1ddbc0b5436e9cd,
工程建设管理,通知公告,市级,上海市交通委员会关于组织申报2022年三季度调整优化航运集疏运结构项目资金的通知,沪交航〔2022〕707号,上海市交通委员会,2022-10-26,有效,统一政策发布平台,https://www.shanghai.gov.cn/zhengce/detail/0010::b0e64598496e44f39f6e046d9670c5b4,
工程建设管理,实施意见,市级,关于印发《关于上海市进一步推动海铁联运发展的实施意见》的通知,沪发改城〔2022〕65号,上海市发展和改革委员会,2022-09-30,有效,统一政策发布平台,https://www.shanghai.gov.cn/zhengce/detail/0025::320395e7062b4d86b32b1edf33092f09,
工程建设管理,通知公告,市级,上海市应急管理局关于印发上海市应急管理综合行政执法队伍标准化建设规范（试行）的通知,沪应急执法〔2022〕69号,上海市应急管理局,2022-10-18,有效,统一政策发布平台,https://www.shanghai.gov.cn/zhengce/detail/0037::56965235ef9c42b59fd0f4514cb9d64a,
工程建设管理,通知公告,市级,关于实行汽车清洗“一件事”的通知,沪水务〔2022〕769号,上海市水务局 上海市绿化和市容管理局,2022-10-09,有效,统一政策发布平台,https://www.shanghai.gov.cn/zhengce/detail/0039::6746b60e6ef349a7a6604a505f8751c6,
工程建设管理,通知公告,市级,关于完善上海市农业水价管理的通知,沪发改规范〔2022〕13号,上海市发展和改革委员会,2022-09-30,有效,统一政策发布平台,https://www.shanghai.gov.cn/zhengce/detail/0025::4ff645d1d4e8449eae0e771ac6a3aa04,
工程建设管理,通知公告,市级,上海市应急管理局关于加强重要节日和重大活动期间工贸和危险化学品领域安全生产保障工作的通知,沪应急执法〔2022〕62号,上海市应急管理局,2022-09-26,有效,统一政策发布平台,https://www.shanghai.gov.cn/zhengce/detail/0037::8ef1f036987a4bee83773f1854c37ace,
工程建设管理,通知公告,市级,上海市自然灾害防治委员会关于设立市防震减灾专业委员会和市抗震救灾专业委员会（市抗震救灾指挥部）的通知,沪灾防委〔2022〕4号,上海市应急管理局,2022-09-28,有效,统一政策发布平台,https://www.shanghai.gov.cn/zhengce/detail/0037::9657ee5b140145599ebdb44ed4c47165,
工程建设管理,通知公告,市级,上海市自然灾害防治委员会关于增补更新市自然灾害防治委员会成员单位的通知,沪灾防委〔2022〕3号,上海市应急管理局,2022-09-26,有效,统一政策发布平台,https://www.shanghai.gov.cn/zhengce/detail/0037::417449ed233f485890be79b198ff28a0,
工程建设管理,通知公告,市级,上海市发展和改革委员会 上海市交通委员会关于印发《上海市省际汽车客运站服务计费标准》的通知,沪发改价调〔2022〕20号,上海市发展和改革委员会,2022-09-19,有效,统一政策发布平台,https://www.shanghai.gov.cn/zhengce/detail/0025::d778a236482148e5950fd83a6bf35165,
工程建设管理,办法,市级,关于印发《上海市市级建设财力项目财务监理管理办法》的通知,沪财发〔2022〕4号,上海市财政局,2022-09-22,有效,统一政策发布平台,https://www.shanghai.gov.cn/zhengce/detail/0017::xxfbdf0000019869,docs/工程建设管理/关于印发《上海市市级建设财力项目财务监理管理办法》的通知.md
工程建设管理,通知公告,市级,关于本市非居民天然气用户上下游价格联动机制的通知,沪发改规范〔2022〕10号,上海市发展和改革委员会,2022-09-16,有效,统一政策发布平台,https://www.shanghai.gov.cn/zhengce/detail/0025::34d1fc0f1e9c4a54943f0f88836c7356,
工程建设管理,办法,市级,关于印发《上海市“十四五”绿道建设项目专项扶持办法》的通知,沪发改环资〔2022〕120号,上海市发展和改革委员会,2022-09-16,有效,统一政策发布平台,https://www.shanghai.gov.cn/zhengce/detail/0025::41e3aae0358e400aa13b05fedc99a8b8,docs/工程建设管理/关于印发《上海市“十四五”绿道建设项目专项扶持办法》的通知.md
工程建设管理,办法,市级,上海市应急管理局关于印发上海市应急管理局重大行政执法决定法制审核办法的通知,沪应急法规〔2022〕60号,上海市应急管理局,2022-09-06,有效,统一政策发布平台,https://www.shanghai.gov.cn/zhengce/detail/0037::f06f2805caf34e1981562e107ccdff99,docs/工程建设管理/上海市应急管理局关于印发上海市应急管理局重大行政执法决定法制审核办法的通知.md
工程建设管理,通知公告,市级,上海市安全生产委员会办公室关于认真落实国务院安委会考核巡查整改要求进一步加强安全风险辨识评估和管控工作的通知,沪安委办〔2022〕19号,上海市应急管理局,2022-09-05,有效,统一政策发布平台,https://www.shanghai.gov.cn/zhengce/detail/0037::b3dbd383f9004607af44f936704f33ea,
工程建设管理,技术规定与导则,市级,上海市住房和城乡建设管理委员会关于批准《城市综合体消防技术标准》为上海市工程建设规范的通知,沪建标定〔2022〕453号,上海市住房和城乡建设管理委员会,2022-09-09,有效,统一政策发布平台,https://www.shanghai.gov.cn/zhengce/detail/0011::cabb0803cfe6419ba91b126eeb08f746,docs/工程建设管理/上海市住房和城乡建设管理委员会关于批准《城市综合体消防技术标准》为上海市工程建设规范的通知.md
工程建设管理,技术规定与导则,市级,上海市住房和城乡建设管理委员会关于批准《城镇天然气管道工程技术标准》为上海市工程建设规范的通知,沪建标定〔2022〕452号,上海市住房和城乡建设管理委员会,2022-09-09,有效,统一政策发布平台,https://www.shanghai.gov.cn/zhengce/detail/0011::988afab6b0224fe0a5552e6bd9d0e844,docs/工程建设管理/上海市住房和城乡建设管理委员会关于批准《城镇天然气管道工程技术标准》为上海市工程建设规范的通知.md
工程建设管理,技术规定与导则,市级,上海市住房和城乡建设管理委员会关于批准《文物和优秀历史建筑消防技术标准》为上海市工程建设规范的通知,沪建标定〔2022〕451号,上海市住房和城乡建设管理委员会,2022-09-09,有效,统一政策发布平台,https://www.shanghai.gov.cn/zhengce/detail/0011::114f319aff8d422091e49b9f32dfddc8,docs/工程建设管理/上海市住房和城乡建设管理委员会关于批准《文物和优秀历史建筑消防技术标准》为上海市工程建设规范的通知.md
工程建设管理,办法,市级,上海市发展和改革委员会、上海市司法局关于印发《上海市公证服务收费管理办法》的通知,沪发改规范〔2022〕9号,上海市发展和改革委员会,2022-09-08,有效,统一政策发布平台,https://www.shanghai.gov.cn/zhengce/detail/0025::6ba8dcc56ae147078e0d00cdd6e8d612,docs/工程建设管理/上海市发展和改革委员会、上海市司法局关于印发《上海市公证服务收费管理办法》的通知.md
工程建设管理,实施意见,市级,上海市人民政府办公厅关于延长《上海市人民政府办公厅印发关于进一步改进和优化市重大工程建设项目前期工作实施意见的通知》有效期的通知,沪府办〔2022〕32号,上海市人民政府办公厅,2022-09-05,有效,统一政策发布平台,https://www.shanghai.gov.cn/zhengce/detail/0001::7525339485ed41098e100ea8b55cba80,
工程建设管理,技术规定与导则,市级,上海市住房和城乡建设管理委员会关于批准《保障性住房设计标准（保障性租赁住房改建分册）》为上海市工程建设规范的通知,沪建标定〔2022〕448号,上海市住房和城乡建设管理委员会,2022-09-06,有效,统一政策发布平台,https://www.shanghai.gov.cn/zhengce/detail/0011::4d5998d6d1a94f69a3d72669aa8866cb,docs/工程建设管理/上海市住房和城乡建设管理委员会关于批准《保障性住房设计标准（保障性租赁住房改建分册）》为上海市工程建.md
工程建设管理,通知公告,市级,关于发布2022年度上海市新能源出租车充电示范站入围名单的通知,沪交科〔2022〕487号,上海市交通委员会,2022-08-29,有效,统一政策发布平台,https://www.shanghai.gov.cn/zhengce/detail/0010::52f2f10ea85a4d028c5a44068704e751,
工程建设管理,通知公告,市级,关于开展2022年度工程造价咨询企业咨询业务活动检查的通知,沪建标定〔2022〕429号,上海市住房和城乡建设管理委员会,2022-08-29,有效,统一政策发布平台,https://www.shanghai.gov.cn/zhengce/detail/0011::ece087a8990447a8b77a8931f7b2bb31,
工程建设管理,办法,区级,关于印发《黄浦区节能减排降碳专项资金管理办法》的通知,黄发改规〔2022〕2号,上海市黄浦区发展和改革委员会,2022-08-10,有效,统一政策发布平台,https://www.shanghai.gov.cn/zhengce/detail/0071::f6f57158-4701-4825-a605-1a2a2bc2b98a,docs/工程建设管理/关于印发《黄浦区节能减排降碳专项资金管理办法》的通知.md
工程建设管理,通知公告,市级,关于印发《关于支持中国（上海）自由贸易试验区临港新片区氢能产业高质量发展的若干政策》的通知,沪发改高技〔2022〕83号,上海市发展和改革委员会,2022-08-26,有效,统一政策发布平台,https://www.shanghai.gov.cn/zhengce/detail/0025::d752e3ae307d42f5984a81491a8fea42,
工程建设管理,通知公告,市级,关于公布市级价格管理公共文化设施目录的通知,沪发改价调〔2022〕16号,上海市发展和改革委员会,2022-08-23,有效,统一政策发布平台,https://www.shanghai.gov.cn/zhengce/detail/0025::eaacf2682f9d402c81f328667be300f1,
工程建设管理,技术规定与导则,市级,上海市住房和城乡建设管理委员会关于批准《老旧住宅小区消防改造技术标准》为上海市工程建设规范的通知,沪建标定〔2022〕414号,上海市住房和城乡建设管理委员会,2022-08-22,有效,统一政策发布平台,https://www.shanghai.gov.cn/zhengce/detail/0011::c1f16b08dd6c42db8871db40b3e5b731,docs/工程建设管理/上海市住房和城乡建设管理委员会关于批准《老旧住宅小区消防改造技术标准》为上海市工程建设规范的通知.md
工程建设管理,规划与计划,市级,上海市自然灾害防治委员会关于印发上海市综合防灾减灾规划（2022-2035年）的通知,沪灾防委〔2022〕2号,上海市应急管理局,2022-08-12,有效,统一政策发布平台,https://www.shanghai.gov.cn/zhengce/detail/0037::dc9a67c8a8004eb3972e8bd79ddad78e,
工程建设管理,通知公告,市级,上海市应急管理局上海市发展和改革委员会上海市经济和信息化委员会上海市市场监督管理局关于贯彻落实危险化学品生产建设项目安全风险防控指南（试行）要求的通知,沪应急危化〔2022〕55号,上海市应急管理局,2022-08-15,有效,统一政策发布平台,https://www.shanghai.gov.cn/zhengce/detail/0037::d8e820bbf9a94792887f685ed81c5dc7,
工程建设管理,通知公告,市级,关于调整东方绿舟等游览参观点老年人门票价格的通知,沪发改价调〔2022〕15号,上海市发展和改革委员会,2022-08-18,有效,统一政策发布平台,https://www.shanghai.gov.cn/zhengce/detail/0025::e64c6c3443cf4ae996337c156ad04255,
工程建设管理,实施细则,市级,上海市住房和城乡建设管理委员会关于印发《上海市乡村建筑师名录动态管理实施细则》的通知,沪建村镇〔2022〕380号,上海市住房和城乡建设管理委员会,2022-08-12,有效,统一政策发布平台,https://www.shanghai.gov.cn/zhengce/detail/0011::055cb4d5ae66450c889bf03f9f79055d,docs/工程建设管理/上海市住房和城乡建设管理委员会关于印发《上海市乡村建筑师名录动态管理实施细则》的通知.md
工程建设管理,通知公告,市级,上海市住房和城乡建设管理委员会关于批准《大型泵站设备设施运行标准》为上海市工程建设规范的通知,沪建标定〔2022〕381号,上海市住房和城乡建设管理委员会,2022-08-11,有效,统一政策发布平台,https://www.shanghai.gov.cn/zhengce/detail/0011::2a64472f386c497a97ea65e7cb8ecd67,
工程建设管理,实施意见,市级,关于印发《上海市能源电力领域碳达峰实施方案》的通知,沪发改能源〔2022〕164号,上海市发展和改革委员会,2022-08-11,有效,统一政策发布平台,https://www.shanghai.gov.cn/zhengce/detail/0025::9d34b9bc81a745a8be9c0b4368a70de1,
工程建设管理,规定,市级,关于印发《上海市工程建设项目竣工规划资源验收管理规定》的通知,沪规划资源规〔2022〕6号,上海市规划和自然资源局,2022-08-08,有效,统一政策发布平台,https://www.shanghai.gov.cn/zhengce/detail/0032::86deb461f7b84e38bc8d25fd55f2269e,docs/工程建设管理/关于印发《上海市工程建设项目竣工规划资源验收管理规定》的通知.md
工程建设管理,通知公告,市级,上海市应急管理局关于印发上海市突发地质灾害应急预案的通知,沪应急应对〔2022〕51号,上海市应急管理局,2022-08-03,有效,统一政策发布平台,https://www.shanghai.gov.cn/zhengce/detail/0037::4b89dd32033246e7a9bcb109090e1701,
工程建设管理,技术规定与导则,市级,上海市住房和城乡建设管理委员会关于批准《城市轨道交通专用无线通信系统技术标准》为上海市工程建设规范的通知,沪建标定〔2022〕370号,上海市住房和城乡建设管理委员会,2022-08-08,有效,统一政策发布平台,https://www.shanghai.gov.cn/zhengce/detail/0011::f613b33c0dbd4fe98491d4f28db3df77,docs/工程建设管理/上海市住房和城乡建设管理委员会关于批准《城市轨道交通专用无线通信系统技术标准》为上海市工程建设规范的.md
工程建设管理,技术规定与导则,市级,上海市住房和城乡建设管理委员会关于批准《既有公共建筑节能改造技术标准》为上海市工程建设规范的通知,沪建标定〔2022〕369号,上海市住房和城乡建设管理委员会,2022-08-08,有效,统一政策发布平台,https://www.shanghai.gov.cn/zhengce/detail/0011::db7e62f84df84535b2b72dea1aac9cfd,docs/工程建设管理/上海市住房和城乡建设管理委员会关于批准《既有公共建筑节能改造技术标准》为上海市工程建设规范的通知.md
工程建设管理,技术规定与导则,市级,上海市住房和城乡建设管理委员会关于批准《既有居住建筑节能改造技术标准》为上海市工程建设规范的通知,沪建标定〔2022〕368号,上海市住房和城乡建设管理委员会,2022-08-08,有效,统一政策发布平台,https://www.shanghai.gov.cn/zhengce/detail/0011::ad7d236b63f24f44b304ffcd8f0154f6,docs/工程建设管理/上海市住房和城乡建设管理委员会关于批准《既有居住建筑节能改造技术标准》为上海市工程建设规范的通知.md
工程建设管理,通知公告,市级,上海市住房和城乡建设管理委员会关于批准《公共租赁住房运行管理标准》为上海市工程建设规范的通知,沪建标定〔2022〕366号,上海市住房和城乡建设管理委员会,2022-08-08,有效,统一政策发布平台,https://www.shanghai.gov.cn/zhengce/detail/0011::a1ed4b03d41e4bdebca161f52e52db3a,
工程建设管理,技术规定与导则,市级,上海市住房和城乡建设管理委员会关于批准《行道树栽植与养护技术标准》为上海市工程建设规范的通知,沪建标定〔2022〕367号,上海市住房和城乡建设管理委员会,2022-08-08,有效,统一政策发布平台,https://www.shanghai.gov.cn/zhengce/detail/0011::4104dc551c584dc9bceaeef81c6b6a18,docs/工程建设管理/上海市住房和城乡建设管理委员会关于批准《行道树栽植与养护技术标准》为上海市工程建设规范的通知.md
工程建设管理,办法,市级,关于印发《上海市工程研究中心管理办法》的通知,沪发改规范〔2022〕7号,上海市发展和改革委员会,2022-08-02,有效,统一政策发布平台,https://www.shanghai.gov.cn/zhengce/detail/0025::38048a6f6c7848b0b6fa502c605cd5a4,docs/工程建设管理/关于印发《上海市工程研究中心管理办法》的通知.md
工程建设管理,技术规定与导则,市级,上海市住房和城乡建设管理委员会关于批准《纤维增强复合材料筋混凝土结构技术标准》为上海市工程建设规范的通知,沪建标定〔2022〕356号,上海市住房和城乡建设管理委员会,2022-08-03,有效,统一政策发布平台,https://www.shanghai.gov.cn/zhengce/detail/0011::bccb8ffe4f9c4be5ae1317fd820936fd,docs/工程建设管理/上海市住房和城乡建设管理委员会关于批准《纤维增强复合材料筋混凝土结构技术标准》为上海市工程建设规范的.md
工程建设管理,技术规定与导则,市级,上海市住房和城乡建设管理委员会关于批准《既有住宅小区宜居改造技术标准》为上海市工程建设规范的通知,沪建标定〔2021〕355号,上海市住房和城乡建设管理委员会,2022-08-03,有效,统一政策发布平台,https://www.shanghai.gov.cn/zhengce/detail/0011::d5a8cb5bb2534f4281ed8a8ad6ce2e5f,docs/工程建设管理/上海市住房和城乡建设管理委员会关于批准《既有住宅小区宜居改造技术标准》为上海市工程建设规范的通知.md
工程建设管理,通知公告,市级,上海市交通委员会关于组织申报2022年二季度调整优化航运集疏运结构项目资金的通知,沪交航〔2022〕406号,上海市交通委员会,2022-07-21,有效,统一政策发布平台,https://www.shanghai.gov.cn/zhengce/detail/0010::c1fc87885ffd477ab81def355c89e1c5,
工程建设管理,通知公告,市级,上海市住房和城乡建设管理委员会关于本市进一步推广工程建设项目勘察、设计、施工电子招标投标的通知,沪建建管〔2022〕348号,上海市住房和城乡建设管理委员会,2022-08-01,有效,统一政策发布平台,https://www.shanghai.gov.cn/zhengce/detail/0011::3142c8ac9e784b1083f4266907b83c2e,
工程建设管理,通知公告,市级,上海市交通委员会关于开展2022年上海市促进现代航运服务业创新项目申报的通知,沪交航〔2022〕454号,上海市交通委员会,2022-07-29,有效,统一政策发布平台,https://www.shanghai.gov.cn/zhengce/detail/0010::5f59dd095bf147f2996040c4935cde88,
工程建设管理,实施细则,区级,上海市闵行区建设和管理委员会关于印发《闵行区限额以下小型建设工程施工承发包管理实施细则》的通知,闵建管规〔2022〕1号,上海市闵行区建设和管理委员会,2022-07-26,有效,统一政策发布平台,https://www.shanghai.gov.cn/zhengce/detail/0079::49043A12-3697-11ED-BD97-5C88D33FFFEE,docs/工程建设管理/上海市闵行区建设和管理委员会关于印发《闵行区限额以下小型建设工程施工承发包管理实施细则》的通知.md
工程建设管理,其他,市级,上海市应急管理局关于进一步完善本市应急管理系统安全生产分类分级执法的意见,沪应急法规〔2022〕47号,上海市应急管理局,2022-07-15,有效,统一政策发布平台,https://www.shanghai.gov.cn/zhengce/detail/0037::41147fa5811a465ea5ad3ffea2209514,
工程建设管理,技术规定与导则,市级,上海市住房和城乡建设管理委员会关于批准《城市道路平面交叉口规划与设计标准》为上海市工程建设规范的通知,沪建标定〔2022〕332号,上海市住房和城乡建设管理委员会,2022-07-20,有效,统一政策发布平台,https://www.shanghai.gov.cn/zhengce/detail/0011::470fbc14c7ab48fc9e7b45886ecdf50f,docs/工程建设管理/上海市住房和城乡建设管理委员会关于批准《城市道路平面交叉口规划与设计标准》为上海市工程建设规范的通知.md
工程建设管理,通知公告,市级,关于撤销一批本市建筑施工企业安全生产考核合格证书决定的通知,沪建质安〔2022〕331号,上海市住房和城乡建设管理委员会,2022-07-20,有效,统一政策发布平台,https://www.shanghai.gov.cn/zhengce/detail/0011::81cca5ba2d414b46a56eb47d314984bd,
工程建设管理,通知公告,市级,关于开展2022年度上海市工程建设地方标准（标准设计）复审工作的通知,沪建标定〔2022〕330号,上海市住房和城乡建设管理委员会,2022-07-20,有效,统一政策发布平台,https://www.shanghai.gov.cn/zhengce/detail/0011::bf205ae6c3734fc998b4fef2f6c6a04d,
工程建设管理,技术规定与导则,市级,上海市住房和城乡建设管理委员会关于批准《管线定向钻进技术标准》为上海市工程建设规范的通知,沪建标定〔2022〕328号,上海市住房和城乡建设管理委员会,2022-07-20,有效,统一政策发布平台,https://www.shanghai.gov.cn/zhengce/detail/0011::6f6e13a3ed5e4a1b800c29f27adba60b,docs/工程建设管理/上海市住房和城乡建设管理委员会关于批准《管线定向钻进技术标准》为上海市工程建设规范的通知.md
工程建设管理,办法,区级,关于印发《静安区节能减排降碳专项资金管理办法》的通知,静发改委规〔2022〕1号,上海市静安区发展和改革委员会,2022-07-20,有效,统一政策发布平台,https://www.shanghai.gov.cn/zhengce/detail/0072::1bcedcfa-70a6-4d14-a109-5dfbbc5b39cb,docs/工程建设管理/关于印发《静安区节能减排降碳专项资金管理办法》的通知.md
工程建设管理,办法,市级,关于印发 《2019-2021年上海市开放休闲林地建设项目竣工验收办法》的通知,沪绿容〔2022〕126号,上海市绿化和市容管理局,2022-07-04,有效,统一政策发布平台,https://www.shanghai.gov.cn/zhengce/detail/0039::a544d455-b808-4bf6-84f7-6a9408358542,docs/工程建设管理/关于印发 《2019-2021年上海市开放休闲林地建设项目竣工验收办法》的通知.md
工程建设管理,办法,区级,闵行区人民政府关于印发《闵行区限额以下小型建设工程管理办法》的通知,闵府规发〔2022〕6号,上海市闵行区人民政府办公室（闵行区政府研究室、闵行区政府外事办公室、闵行区政府合作交流办公室）,2022-07-14,有效,统一政策发布平台,https://www.shanghai.gov.cn/zhengce/detail/0079::0A843948-3697-11ED-ADB3-CC5F6BC51FFB,docs/工程建设管理/闵行区人民政府关于印发《闵行区限额以下小型建设工程管理办法》的通知.md
工程建设管理,办法,市级,关于印发《上海市市属雨水设施运行成本规制管理办法》的通知,沪水务〔2022〕462号,上海市水务局,2022-07-11,有效,统一政策发布平台,https://www.shanghai.gov.cn/zhengce/detail/0004::91679bc091284d6fbd909e45a1d9c209,docs/工程建设管理/关于印发《上海市市属雨水设施运行成本规制管理办法》的通知.md
工程建设管理,通知公告,市级,上海市应急管理局关于开展工贸行业 自建房安全专项整治工作的通知,沪应急执法〔2022〕43号,上海市应急管理局,2022-07-06,有效,统一政策发布平台,https://www.shanghai.gov.cn/zhengce/detail/0037::7ec2d75655eb4e488d030cce67fb81a0,
工程建设管理,通知公告,市级,上海市交通委员会关于开展行业技术技能类“山寨证书”专项治理工作的通知,沪交人〔2022〕366号,上海市交通委员会,2022-07-06,有效,统一政策发布平台,https://www.shanghai.gov.cn/zhengce/detail/0010::9eb08d6039be4de681711839b8a0c05c,
工程建设管理,通知公告,市级,关于进一步加强本市工程建设项目“多测合一”改革的通知,沪规划资源调〔2022〕211号,上海市规划和自然资源局,2022-06-30,有效,统一政策发布平台,https://www.shanghai.gov.cn/zhengce/detail/0032::624820d9321243449d90246c0f8d0e1d,
工程建设管理,通知公告,市级,关于在全市范围内开展“节水惠”贷款业务的通知,沪水务〔2022〕336号,上海市水务局,2022-06-28,有效,统一政策发布平台,https://www.shanghai.gov.cn/zhengce/detail/0004::7f34f4121cf94aaaaf218a906a506641,
工程建设管理,通知公告,市级,上海市发展和改革委员会关于印发《上海市定价目录》的通知,沪发改规范〔2022〕5号,上海市发展和改革委员会,2022-06-30,有效,统一政策发布平台,https://www.shanghai.gov.cn/zhengce/detail/0025::f8d93f7a326945d983489b5a193841d2,
工程建设管理,实施意见,市级,关于印发《长三角区域工程造价管理一体化发展工作方案》的通知,沪建标定联〔2022〕163号,上海市住房和城乡建设管理委员会,2022-06-30,有效,统一政策发布平台,https://www.shanghai.gov.cn/zhengce/detail/0011::82ff0a161fdf4e9d95bc917fd179f614,
工程建设管理,通知公告,市级,关于印发《上海市工程建设项目“水电气网联合报装”一件事办事指南》的通知,沪建审改办〔2022〕3号,上海市工程建设项目审批制度改革工作领导小组办公室,2022-06-29,有效,统一政策发布平台,https://www.shanghai.gov.cn/zhengce/detail/0011::086c84752c7547d4971fe0bc595205e3,
工程建设管理,通知公告,市级,关于印发《上海市工程建设项目“水电气网联合报装”一件事办理程序和服务规范》的通知,沪建审改办〔2022〕2号,上海市工程建设项目审批制度改革工作领导小组办公室,2022-06-29,有效,统一政策发布平台,https://www.shanghai.gov.cn/zhengce/detail/0011::85e63e5612b846ef95d46e6f83a44469,
工程建设管理,办法,区级,关于印发《松江区水利项目建设和资金管理办法（修订）》的通知,沪松水〔2022〕109号,上海市松江区水务局,2022-06-30,有效,统一政策发布平台,https://www.shanghai.gov.cn/zhengce/detail/0082::572b9fc6e2474b869c94e9ec21ae37ec,docs/工程建设管理/关于印发《松江区水利项目建设和资金管理办法（修订）》的通知.md
工程建设管理,实施意见,市级,关于印发《关于严格能效约束推动我市重点领域节能降碳的实施方案》的通知,沪发改产〔2022〕16号,上海市发展和改革委员会,2022-06-28,有效,统一政策发布平台,https://www.shanghai.gov.cn/zhengce/detail/0025::1075b9c394e24776b64bf0a5ab681221,
工程建设管理,通知公告,市级,上海市海洋局关于印发《上海市处置海洋灾害专项应急预案》的通知,沪海洋〔2022〕29号,上海市水务局,2022-06-24,有效,统一政策发布平台,https://www.shanghai.gov.cn/zhengce/detail/0004::f9eea88480f54f3cb7a85520c473c4f3,
工程建设管理,技术规定与导则,市级,上海市住房和城乡建设管理委员会关于批准《信息通信架空线缆隐蔽化改造工程技术标准》为上海市工程建设规范的通知,沪建标定〔2022〕288号,上海市住房和城乡建设管理委员会,2022-06-27,有效,统一政策发布平台,https://www.shanghai.gov.cn/zhengce/detail/0011::62aac419c76143ff96444e1bdc0a9d97,docs/工程建设管理/上海市住房和城乡建设管理委员会关于批准《信息通信架空线缆隐蔽化改造工程技术标准》为上海市工程建设规范.md
工程建设管理,规划与计划,市级,上海市应急管理局关于印发上海市应急 管理局落实上海市法治政府建设规划（2021-2025）任务分工方案 具体分工表的通知,沪应急法规〔2022〕34号,上海市应急管理局,2022-06-21,有效,统一政策发布平台,https://www.shanghai.gov.cn/zhengce/detail/0037::d4f1e9e6e584416d8f533aec7e4e43c4,
工程建设管理,通知公告,市级,上海市应急管理局关于深入推进 危险化学品安全风险集中治理重点任务的通知,沪应急危化〔2022〕33号,上海市应急管理局,2022-06-20,有效,统一政策发布平台,https://www.shanghai.gov.cn/zhengce/detail/0037::c0c20a7462f744d68195d3d928fbf190,
工程建设管理,通知公告,市级,上海市住房和城乡建设管理委员会关于批准《现场施工安全生产管理标准》为上海市工程建设规范的通知,沪建标定〔2022〕271号,上海市住房和城乡建设管理委员会,2022-06-23,有效,统一政策发布平台,https://www.shanghai.gov.cn/zhengce/detail/0011::0eee73cc110243218b5908d37bac51d5,
工程建设管理,技术规定与导则,市级,上海市住房和城乡建设管理委员会关于批准《地下铁道结构抗震设计标准》为上海市工程建设规范的通知,沪建标定〔2022〕272号,上海市住房和城乡建设管理委员会,2022-06-23,有效,统一政策发布平台,https://www.shanghai.gov.cn/zhengce/detail/0011::9c0728b936df4895a4e0e447a9ffb29b,docs/工程建设管理/上海市住房和城乡建设管理委员会关于批准《地下铁道结构抗震设计标准》为上海市工程建设规范的通知.md
工程建设管理,规划与计划,市级,关于印发《上海市氢能产业发展中长期规划（2022-2035年）》的通知,沪发改高技〔2022〕54号,上海市发展和改革委员会,2022-06-17,有效,统一政策发布平台,https://www.shanghai.gov.cn/zhengce/detail/0025::f380fb95c7c54778a0ef1c4a4e67d0ea,
工程建设管理,通知公告,市级,上海市交通委员会关于发布本市内河通航水域范围的通知,沪交港〔2022〕222号,上海市交通委员会,2022-05-15,有效,统一政策发布平台,https://www.shanghai.gov.cn/zhengce/detail/0010::5611248190a64f65b920e7b2dd58eb95,
工程建设管理,审查与许可规则,市级,上海市交通委员会关于发布 《国内水路运输经营许可办事指南》《船舶营业运输证配发办事指南》的通知,沪交发 〔2022〕4号,上海市交通委员会,2022-03-25,有效,统一政策发布平台,https://www.shanghai.gov.cn/zhengce/detail/0010::baa71612f42145b7907fcef858376d47,docs/工程建设管理/上海市交通委员会关于发布 《国内水路运输经营许可办事指南》《船舶营业运输证配发办事指南》的通知.md
工程建设管理,办法,区级,关于印发《上海市黄浦区政府投资项目代理建设管理办法》的通知,黄发改规〔2022〕1号,上海市黄浦区发展和改革委员会,2022-06-06,有效,统一政策发布平台,https://www.shanghai.gov.cn/zhengce/detail/0071::4b2a8fa5-371c-494c-88e4-d05f74b8e1fb,docs/工程建设管理/关于印发《上海市黄浦区政府投资项目代理建设管理办法》的通知.md
工程建设管理,实施意见,市级,关于印发《上海市电力供应资源保障和电力项目事中事后监管专项检查工作方案》的通知,沪发改能源〔2022〕115号,上海市发展和改革委员会,2022-06-08,有效,统一政策发布平台,https://www.shanghai.gov.cn/zhengce/detail/0025::21d6272a3c894893a088cfb885c5089f,
工程建设管理,通知公告,市级,上海市交通委员会关于组织申报2022年一季度调整优化航运集疏运结构项目资金的通知,沪交航〔2022〕257号,上海市交通委员会,2022-06-07,有效,统一政策发布平台,https://www.shanghai.gov.cn/zhengce/detail/0010::d53fc2701c0647a7b925845dbacecce5,
工程建设管理,通知公告,市级,关于开展2022年度 本市新能源出租车充电示范站申报工作的通知,沪交科〔2022〕239号,上海市交通委员会,2022-06-02,有效,统一政策发布平台,https://www.shanghai.gov.cn/zhengce/detail/0010::b75aa7a89b2342c08080131977180ff7,
工程建设管理,通知公告,市级,关于印发《上海市海洋局海洋灾害防御应急预案（试行）》的通知,沪海洋〔2022〕19号,上海市水务局,2022-05-18,有效,统一政策发布平台,https://www.shanghai.gov.cn/zhengce/detail/0004::9f81f64b60fd4953a8d7f7b390eeb2b5,
工程建设管理,通知公告,市级,关于印发《关于坚持高端引领 以进促稳 推动我市工业经济高质量发展的行动方案》的通知,沪发改产〔2022〕12号,上海市发展和改革委员会,2022-05-23,有效,统一政策发布平台,https://www.shanghai.gov.cn/zhengce/detail/0025::ec6311be574d498199e836743af0aeb7,
工程建设管理,办法,区级,关于印发《金山区限额以下小型建设工程管理办法》的通知,金建规〔2022〕1号,上海市金山区建设和管理委员会,2022-05-13,有效,统一政策发布平台,https://www.shanghai.gov.cn/zhengce/detail/0081::008146415fec99bc96d8672eb3800b09a472,docs/工程建设管理/关于印发《金山区限额以下小型建设工程管理办法》的通知.md
工程建设管理,通知公告,市级,上海市住房和城乡建设管理委员会关于批准《出租汽车站点设置标准》为上海市工程建设规范的通知,沪建标定〔2023〕229号,上海市住房和城乡建设管理委员会,2022-05-09,有效,统一政策发布平台,https://www.shanghai.gov.cn/zhengce/detail/0011::a8eb298c455f4efbbf92f153bc174981,
工程建设管理,通知公告,市级,关于转发《国家发展改革委办公厅 国家能源局综合司关于加快推进电力现货市场建设工作的通知》的通知,沪发改能源〔2022〕100号,上海市发展和改革委员会,2022-04-29,有效,统一政策发布平台,https://www.shanghai.gov.cn/zhengce/detail/0025::da7dcd044fc34ff8b8d65f6ebc2d0e04,
工程建设管理,实施意见,市级,上海市安全生产委员会办公室关于印发 上海市深化大型油气储存基地 安全风险管控实施方案等 6个方案的通知,沪安委办〔2022〕9号,上海市应急管理局,2022-03-28,有效,统一政策发布平台,https://www.shanghai.gov.cn/zhengce/detail/0037::f719131d875e424da8fb34830562a603,
工程建设管理,通知公告,市级,关于转发《交通运输部 国家发展改革委关于减并港口收费等有关事项的通知》的通知,沪交财〔2022〕162号,上海市交通委员会,2022-03-25,有效,统一政策发布平台,https://www.shanghai.gov.cn/zhengce/detail/0010::5ec62cabe0994a9f943d4ba7d5470478,
工程建设管理,审查与许可规则,市级,关于发布 《港口经营许可办事指南》的通知,沪交发 〔2022〕3号,上海市交通委员会,2022-03-15,有效,统一政策发布平台,https://www.shanghai.gov.cn/zhengce/detail/0010::20ce2c08c9e349bcac0cf68db6ec1ca7,docs/工程建设管理/关于发布 《港口经营许可办事指南》的通知.md
工程建设管理,其他,市级,上海市应急管理局关于撤销14家企业 二级安全生产标准化等级的通告,沪应急通〔2022〕2号,上海市应急管理局,2022-03-09,有效,统一政策发布平台,https://www.shanghai.gov.cn/zhengce/detail/0037::dc22c5ff306344fbad8b3b341af9fc30,
工程建设管理,办法,市级,关于印发《上海市市级建设财力项目管理办法》的通知,沪发改规范〔2022〕3号,上海市发展和改革委员会,2022-03-08,有效,统一政策发布平台,https://www.shanghai.gov.cn/zhengce/detail/0025::7268c00e3fbd465099a489abd41c0deb,docs/工程建设管理/关于印发《上海市市级建设财力项目管理办法》的通知.md
工程建设管理,通知公告,市级,上海市住房和城乡建设管理委员会关于批准《城镇污水处理厂污泥干化焚烧处理工程建设标准》为上海市工程建设规范的通知,沪建标定〔2022〕129号,上海市住房和城乡建设管理委员会,2022-03-01,有效,统一政策发布平台,https://www.shanghai.gov.cn/zhengce/detail/0011::7ca762240cd74183852637d3a48348cf,
工程建设管理,技术规定与导则,市级,上海市住房和城乡建设管理委员会关于批准《桥梁工程超高性能混凝土应用技术标准》为上海市工程建设规范的通知,沪建标定〔2022〕103号,上海市住房和城乡建设管理委员会,2022-02-15,有效,统一政策发布平台,https://www.shanghai.gov.cn/zhengce/detail/0011::e3fcd64ae7e140f28d52f4a67d10efcd,docs/工程建设管理/上海市住房和城乡建设管理委员会关于批准《桥梁工程超高性能混凝土应用技术标准》为上海市工程建设规范的通.md
工程建设管理,规定,市级,上海市交通委员会关于印发《上海交通行业生产安全突发事件信息报告规定》的通知,沪交行规〔2022〕3号,上海市交通委员会,2022-02-08,有效,统一政策发布平台,https://www.shanghai.gov.cn/zhengce/detail/0010::2a96f36c336641c5b36210abb5e5b5bf,docs/工程建设管理/上海市交通委员会关于印发《上海交通行业生产安全突发事件信息报告规定》的通知.md
工程建设管理,实施细则,市级,上海市交通委员会关于印发《建设港口设施使用非深水岸线审批告知承诺实施细则》的通知,沪交发 〔2022〕2号,上海市交通委员会,2022-01-12,有效,统一政策发布平台,https://www.shanghai.gov.cn/zhengce/detail/0010::6e1cf3a07fb54da4ac22af4d000328d0,docs/工程建设管理/上海市交通委员会关于印发《建设港口设施使用非深水岸线审批告知承诺实施细则》的通知.md
工程建设管理,实施意见,市级,关于印发《上海市推进污水资源化利用实施方案》的通知,沪发改环资〔2022〕6号,上海市发展和改革委员会,2022-01-27,有效,统一政策发布平台,https://www.shanghai.gov.cn/zhengce/detail/0025::0b252c29910c403ebf129456f1ffb409,
工程建设管理,通知公告,市级,关于公布《2020-2021年度上海市新能源出租车充电示范站名单》的通知,沪交科〔2022〕61号,上海市交通委员会,2022-01-29,有效,统一政策发布平台,https://www.shanghai.gov.cn/zhengce/detail/0010::c78db45aa65b46e281a72fa2ceefc80b,
工程建设管理,其他,市级,关于公布通过2021年度《港口设施保安符合证书》年度核验情况的通告,沪交发 〔2022〕1号,上海市交通委员会,2022-01-10,有效,统一政策发布平台,https://www.shanghai.gov.cn/zhengce/detail/0010::cfc322ace85a4402a55725d5a5d6c54f,
工程建设管理,通知公告,市级,关于印发《上海市交通委员会关于出租汽车和车辆非法客运行政处罚的裁量基准》的通知,沪交行规〔2022〕1号,上海市交通委员会,2022-01-26,有效,统一政策发布平台,https://www.shanghai.gov.cn/zhengce/detail/0010::8d382b04f8f7425394157e3795ad502a,
工程建设管理,技术规定与导则,市级,上海市住房和城乡建设管理委员会关于批准《直膨式太阳能热泵热水系统应用技术标准》为上海市工程建设规范的通知,沪建标定〔2022〕87号,上海市住房和城乡建设管理委员会,2022-01-29,有效,统一政策发布平台,https://www.shanghai.gov.cn/zhengce/detail/0011::ae3a81a4ee784050b876105310fcfe8c,docs/工程建设管理/上海市住房和城乡建设管理委员会关于批准《直膨式太阳能热泵热水系统应用技术标准》为上海市工程建设规范的.md
工程建设管理,办法,市级,关于印发《上海市市级科技重大专项管理办法》的通知,沪发改规范〔2022〕1号,上海市发展和改革委员会,2022-01-29,有效,统一政策发布平台,https://www.shanghai.gov.cn/zhengce/detail/0025::5b6e8ded7c234f05aea6f8b446cf2544,docs/工程建设管理/关于印发《上海市市级科技重大专项管理办法》的通知.md
工程建设管理,实施意见,市级,上海市应急管理局关于印发上海市安全生产 培训“走过场”专项整治工作实施方案的通知,沪应急宣培〔2022〕8号,上海市应急管理局,2022-01-24,有效,统一政策发布平台,https://www.shanghai.gov.cn/zhengce/detail/0037::b5fe9282b5794812aa3e7cf353d7f2a3,
工程建设管理,办法,市级,上海市交通委员会关于印发《上海港口经营管理实施办法》的通知,沪交行规〔2022〕2号,上海市交通委员会,2022-01-29,有效,统一政策发布平台,https://www.shanghai.gov.cn/zhengce/detail/0010::d5f91e208e684d65bd8e8c9955053946,docs/工程建设管理/上海市交通委员会关于印发《上海港口经营管理实施办法》的通知.md
工程建设管理,技术规定与导则,市级,上海市住房和城乡建设管理委员会关于批准《轻型木结构建筑技术标准》为上海市工程建设规范的通知,沪建标定〔2022〕79号,上海市住房和城乡建设管理委员会,2022-01-28,有效,统一政策发布平台,https://www.shanghai.gov.cn/zhengce/detail/0011::225c6f599fed4356a30d288d8c9077e4,docs/工程建设管理/上海市住房和城乡建设管理委员会关于批准《轻型木结构建筑技术标准》为上海市工程建设规范的通知.md
工程建设管理,技术规定与导则,市级,上海市住房和城乡建设管理委员会关于批准《多层住宅平屋面改坡屋面工程技术标准》为上海市工程建设规范的通知,沪建标定〔2022〕78号,上海市住房和城乡建设管理委员会,2022-01-28,有效,统一政策发布平台,https://www.shanghai.gov.cn/zhengce/detail/0011::559a2baba51742b5bdf097b76014cf7d,docs/工程建设管理/上海市住房和城乡建设管理委员会关于批准《多层住宅平屋面改坡屋面工程技术标准》为上海市工程建设规范的通.md
工程建设管理,技术规定与导则,市级,上海市住房和城乡建设管理委员会关于批准《道路可变信息标志技术标准》为上海市工程建设规范的通知,沪建标定〔2022〕69号,上海市住房和城乡建设管理委员会,2022-01-26,有效,统一政策发布平台,https://www.shanghai.gov.cn/zhengce/detail/0011::d12df50cdc324fbb804f95ba969f44bf,docs/工程建设管理/上海市住房和城乡建设管理委员会关于批准《道路可变信息标志技术标准》为上海市工程建设规范的通知.md
工程建设管理,技术规定与导则,市级,上海市住房和城乡建设管理委员会关于批准《农村公路建设与养护技术标准》为上海市工程建设规范的通知,沪建标定〔2022〕68号,上海市住房和城乡建设管理委员会,2022-01-26,有效,统一政策发布平台,https://www.shanghai.gov.cn/zhengce/detail/0011::e5b8f9cd658d43b38a22238332929904,docs/工程建设管理/上海市住房和城乡建设管理委员会关于批准《农村公路建设与养护技术标准》为上海市工程建设规范的通知.md
工程建设管理,通知公告,市级,上海市住房和城乡建设管理委员会关于批准《城市地面公共交通基础设施维护标准》为上海市工程建设规范的通知,沪建标定〔2022〕67号,上海市住房和城乡建设管理委员会,2022-01-26,有效,统一政策发布平台,https://www.shanghai.gov.cn/zhengce/detail/0011::df1d871dec24424ebc7bc8222dc2b17e,
工程建设管理,办法,区级,关于进一步加强政府投资项目工程质量与安全管理的实施办法,浦建委规〔2022〕1号,上海市浦东新区建设和交通委员会（国防动员办公室、人民防空办公室、住房保障和房屋管理局）,2022-01-20,有效,统一政策发布平台,https://www.shanghai.gov.cn/zhengce/detail/0070::0070235654,docs/工程建设管理/关于进一步加强政府投资项目工程质量与安全管理的实施办法.md
工程建设管理,技术规定与导则,市级,上海市住房和城乡建设管理委员会关于批准《市域铁路结构安全保护技术标准》为上海市工程建设规范的通知,沪建标定〔2022〕51号,上海市住房和城乡建设管理委员会,2022-01-17,有效,统一政策发布平台,https://www.shanghai.gov.cn/zhengce/detail/0011::09435d0cb9104ced9482d40b330448d1,docs/工程建设管理/上海市住房和城乡建设管理委员会关于批准《市域铁路结构安全保护技术标准》为上海市工程建设规范的通知.md
工程建设管理,通知公告,市级,上海市住房和城乡建设管理委员会关于公布2019-2020年度上海市工程建设市级工法名单的通知,沪建质安〔2022〕30号,上海市住房和城乡建设管理委员会,2022-01-11,有效,统一政策发布平台,https://www.shanghai.gov.cn/zhengce/detail/0011::f6cad686865a49549f6bde218e29128b,
工程建设管理,实施意见,市级,上海市发展改革委关于公布金山海上风电场一期项目竞争配置工作方案的通知,沪发改能源〔2022〕9号,上海市发展和改革委员会,2022-01-10,有效,统一政策发布平台,https://www.shanghai.gov.cn/zhengce/detail/0025::76c8e2f464f24e579488b30d7b1588cd,
工程建设管理,通知公告,市级,关于进一步健全上海市社会救助和保障标准与物价上涨挂钩联动机制的通知,沪发改价调〔2021〕49号,上海市发展和改革委员会,2022-01-10,有效,统一政策发布平台,https://www.shanghai.gov.cn/zhengce/detail/0025::e065433f4b0a49bdb17a65586282b662,
工程建设管理,审查与许可规则,市级,上海市住房和城乡建设管理委员会关于批准《公众移动通信室内信号覆盖系统设计与验收标准》为上海市工程建设规范的通知,沪建标定〔2022〕13号,上海市住房和城乡建设管理委员会,2022-01-05,有效,统一政策发布平台,https://www.shanghai.gov.cn/zhengce/detail/0011::be4f0b968bef431ca4bbf92b267fcfed,docs/工程建设管理/上海市住房和城乡建设管理委员会关于批准《公众移动通信室内信号覆盖系统设计与验收标准》为上海市工程建设.md
工程建设管理,技术规定与导则,市级,上海市住房和城乡建设管理委员会关于批准《胶轮路轨系统设计标准》为上海市工程建设规范的通知,沪建标定〔2022〕12号,上海市住房和城乡建设管理委员会,2022-01-05,有效,统一政策发布平台,https://www.shanghai.gov.cn/zhengce/detail/0011::b9d2656b55d04760bfe5e0fc254ee4fe,docs/工程建设管理/上海市住房和城乡建设管理委员会关于批准《胶轮路轨系统设计标准》为上海市工程建设规范的通知.md
工程建设管理,技术规定与导则,市级,上海市住房和城乡建设管理委员会关于批准《路面设计标准》为上海市工程建设规范的通知,沪建标定〔2022〕10号,上海市住房和城乡建设管理委员会,2022-01-05,有效,统一政策发布平台,https://www.shanghai.gov.cn/zhengce/detail/0011::d240d021db5e4b7496c67559d304f159,docs/工程建设管理/上海市住房和城乡建设管理委员会关于批准《路面设计标准》为上海市工程建设规范的通知.md
工程建设管理,实施细则,市级,关于修订《上海市港口经营许可告知承诺实施细则》的通知,沪交港〔2021〕1114号,上海市交通委员会,2022-01-06,有效,统一政策发布平台,https://www.shanghai.gov.cn/zhengce/detail/0010::ace51975f4d747019fe91f6207da5f72,docs/工程建设管理/关于修订《上海市港口经营许可告知承诺实施细则》的通知.md
工程建设管理,办法,市级,上海市住房和城乡建设管理委员会关于修订印发《上海市建设工程评标专家和评标专家库管理办法》的通知,,上海市住房和城乡建设管理委员会,2021-09,有效,市住建委规范性文件,https://zjw.sh.gov.cn/gfxwj/20210930/c0789a87c1664e139f9b913cbdea9ee9.html,docs/工程建设管理/上海市住房和城乡建设管理委员会关于修订印发《上海市建设工程评标专家和评标专家库管理办法》的通知.md
工程建设管理,办法,市级,关于延长《上海市建设工程企业资质动态监督管理办法》有效期的通知,,上海市住房和城乡建设管理委员会,2021-11,有效,市住建委规范性文件,https://zjw.sh.gov.cn/gfxwj/20211108/7fa71f6c308b4939baf144edc86c03df.html,docs/工程建设管理/关于延长《上海市建设工程企业资质动态监督管理办法》有效期的通知.md
工程建设管理,实施意见,市级,关于印发《关于建立上海市乡村建筑师名录的实施意见》的通知,,上海市住房和城乡建设管理委员会,2021-03,有效,市住建委规范性文件,https://zjw.sh.gov.cn/gfxwj/20210323/90834d974dae442c9d51d9f21caa5f42.html,
工程建设管理,办法,市级,上海市住房和城乡建设管理委员会关于印发《上海市建设项目工程总承包管理办法》的通知,,上海市住房和城乡建设管理委员会,2021-06,有效,市住建委规范性文件,https://zjw.sh.gov.cn/gfxwj/20210628/3c3eec215c5d4c41877afc1c25743b5c.html,docs/工程建设管理/上海市住房和城乡建设管理委员会关于印发《上海市建设项目工程总承包管理办法》的通知.md
工程建设管理,审查与许可规则,市级,上海市工程建设项目审批制度改革工作领导小组关于印发《上海市全面深化工程建设项目审批制度改革持续优化营商环境工作方案》的通知,沪建审改〔2021〕2号,上海市工程建设项目审批制度改革工作领导小组办公室,2021-03-31,有效,统一政策发布平台,https://www.shanghai.gov.cn/zhengce/detail/0011::571e0a19ee5b4ac0b1d54d802f40549c,docs/工程建设管理/上海市工程建设项目审批制度改革工作领导小组关于印发《上海市全面深化工程建设项目审批制度改革持续优化营.md
工程建设管理,通知公告,市级,上海市交通委员会、上海市发展和改革委员会关于本市市域巡游出租汽车运价浮动实施规则的通知,沪交道运 〔2021〕1119号,上海市交通委员会,2021-12-31,有效,统一政策发布平台,https://www.shanghai.gov.cn/zhengce/detail/0010::15bd574a2b96443c9d6e10ee1ca4ae12,
工程建设管理,办法,市级,上海市人民政府办公厅关于印发《上海市应急抢险救灾工程建设管理办法》的通知,沪府办规〔2021〕16号,上海市人民政府办公厅,2021-12-27,有效,统一政策发布平台,https://www.shanghai.gov.cn/zhengce/detail/0001::8fc4d575f36743b1875483c8aa7c1d3c,docs/工程建设管理/上海市人民政府办公厅关于印发《上海市应急抢险救灾工程建设管理办法》的通知.md
工程建设管理,办法,市级,上海市住房和城乡建设管理委员会关于延长《上海市工程建设地方标准管理办法》有效期的通知,沪建法规〔2021〕864号,上海市住房和城乡建设管理委员会,2021-12-30,有效,统一政策发布平台,https://www.shanghai.gov.cn/zhengce/detail/0011::1d58585720fa4c178730d6ea5630e0e0,docs/工程建设管理/上海市住房和城乡建设管理委员会关于延长《上海市工程建设地方标准管理办法》有效期的通知.md
工程建设管理,通知公告,市级,上海市住房和城乡建设管理委员会关于批准《国土分类标准》为上海市工程建设规范的通知,沪建标定〔2021〕850号,上海市住房和城乡建设管理委员会,2021-12-28,有效,统一政策发布平台,https://www.shanghai.gov.cn/zhengce/detail/0011::4d5c3c361386464191c9acb35d8a4104,
工程建设管理,审查与许可规则,市级,上海市住房和城乡建设管理委员会关于批准《水利工程施工质量验收标准》为上海市工程建设规范的通知,沪建标定〔2021〕846号,上海市住房和城乡建设管理委员会,2021-12-24,有效,统一政策发布平台,https://www.shanghai.gov.cn/zhengce/detail/0011::b7f6ec7d959746b682498970154cfb9e,docs/工程建设管理/上海市住房和城乡建设管理委员会关于批准《水利工程施工质量验收标准》为上海市工程建设规范的通知.md
工程建设管理,技术规定与导则,市级,上海市住房和城乡建设管理委员会关于批准《城市轨道交通智慧车站技术标准》为上海市工程建设规范的通知,沪建标定〔2021〕845号,上海市住房和城乡建设管理委员会,2021-12-24,有效,统一政策发布平台,https://www.shanghai.gov.cn/zhengce/detail/0011::55754113408a46308175cf9740d008e2,docs/工程建设管理/上海市住房和城乡建设管理委员会关于批准《城市轨道交通智慧车站技术标准》为上海市工程建设规范的通知.md
工程建设管理,通知公告,市级,上海市住房和城乡建设管理委员会关于批准《生活垃圾收集站（压缩式）设置标准》为上海市工程建设规范的通知,沪建标定〔2021〕844号,上海市住房和城乡建设管理委员会,2021-12-24,有效,统一政策发布平台,https://www.shanghai.gov.cn/zhengce/detail/0011::69d0fb14fc1c421d82593af6163a134c,
工程建设管理,规划与计划,市级,上海市住房和城乡建设管理委员会关于批准《道路与交通设施规划标准》为上海市工程建设规范的通知,沪建标定〔2021〕842号,上海市住房和城乡建设管理委员会,2021-12-24,有效,统一政策发布平台,https://www.shanghai.gov.cn/zhengce/detail/0011::b78336bef78c40f9a478f409ebe0b753,
工程建设管理,通知公告,市级,关于印发《上海市交通委员会关于交通建设工程行政处罚的裁量基准》的通知,沪交行规〔2021〕12号,上海市交通委员会,2021-12-18,有效,统一政策发布平台,https://www.shanghai.gov.cn/zhengce/detail/0010::c8c0437af4964369850a7e36f94d2959,
工程建设管理,通知公告,市级,上海市自然灾害防治委员会  上海市安全生产委员会关于命名浦东新区曹路镇社区等50个社区为2021年度上海市安全发展和综合减灾示范社区的通知,沪灾防委〔2021〕5号,上海市应急管理局,2021-12-16,有效,统一政策发布平台,https://www.shanghai.gov.cn/zhengce/detail/0037::87b2904a581d4d359d02f428ff41400f,
工程建设管理,地方性法规,市级,上海市安全生产委员会办公室 上海市 应急管理局关于开展新修订的《上海市安全 生产条例》学习宣传贯彻工作的通知,沪安委办〔2021〕42号,上海市应急管理局,2021-12-01,有效,统一政策发布平台,https://www.shanghai.gov.cn/zhengce/detail/0037::a8cd81a44cfc42f88bda94273a4049cd,docs/工程建设管理/上海市安全生产委员会办公室 上海市 应急管理局关于开展新修订的《上海市安全 生产条例》学习宣传贯彻工.md
工程建设管理,办法,市级,上海市安全生产委员会关于印发 强化中央在沪及地方国有企业等单位 安全生产主体责任落实暂行办法的通知,沪安委会〔2021〕20号,上海市应急管理局,2021-12-01,有效,统一政策发布平台,https://www.shanghai.gov.cn/zhengce/detail/0037::3d96ccdee539469998502044540ae0da,docs/工程建设管理/上海市安全生产委员会关于印发 强化中央在沪及地方国有企业等单位 安全生产主体责任落实暂行办法的通知.md
工程建设管理,审查与许可规则,市级,上海市应急管理局关于组织开展危险化学品行政许可工作指导督查的通知,沪应急危化〔2021〕114号,上海市应急管理局,2021-12-01,有效,统一政策发布平台,https://www.shanghai.gov.cn/zhengce/detail/0037::bbb22a1c590d47b98a0ad871ba2b15de,docs/工程建设管理/上海市应急管理局关于组织开展危险化学品行政许可工作指导督查的通知.md
工程建设管理,技术规定与导则,市级,上海市住房和城乡建设管理委员会关于批准《地铁盾构法隧道衬砌加固技术标准》为上海市工程建设规范的通知,沪建标定〔2021〕786号,上海市住房和城乡建设管理委员会,2021-12-02,有效,统一政策发布平台,https://www.shanghai.gov.cn/zhengce/detail/0011::f275381207ab4c55b73497b77801e55b,docs/工程建设管理/上海市住房和城乡建设管理委员会关于批准《地铁盾构法隧道衬砌加固技术标准》为上海市工程建设规范的通知.md
工程建设管理,办法,市级,关于印发《上海市循环经济发展和资源综合利用专项扶持办法》（2021版）的通知,沪发改规范〔2021〕13号,上海市发展和改革委员会,2021-11-26,有效,统一政策发布平台,https://www.shanghai.gov.cn/zhengce/detail/0025::56dd45256c1c4e8b96eeb4f0a289f1dc,docs/工程建设管理/关于印发《上海市循环经济发展和资源综合利用专项扶持办法》（2021版）的通知.md
工程建设管理,通知公告,市级,关于印发2021年全市各区优化营商环境优秀案例的通知,沪发改营商〔2021〕12号,上海市发展和改革委员会,2021-11-30,有效,统一政策发布平台,https://www.shanghai.gov.cn/zhengce/detail/0025::723e245caf5e4775857506f374314015,
工程建设管理,通知公告,市级,关于废止本市有线电视工程配套费相关文件的通知,沪发改价管〔2021〕56号,上海市发展和改革委员会,2021-11-30,有效,统一政策发布平台,https://www.shanghai.gov.cn/zhengce/detail/0025::17174f940a4b4c2fa51799ad2734ba31,
工程建设管理,通知公告,市级,上海市交通委员会关于组织申报自动驾驶和智能航运先导应用试点工作的通知,沪交科〔2021〕989号,上海市交通委员会,2021-11-26,有效,统一政策发布平台,https://www.shanghai.gov.cn/zhengce/detail/0010::cf86a1a7a3194613a98bb85847f484ed,
工程建设管理,实施意见,市级,关于印发《上海市完善政府猪肉储备调节机制 做好猪肉市场保供稳价工作实施方案》的通知,沪发改价调〔2021〕33号,上海市发展和改革委员会,2021-11-08,有效,统一政策发布平台,https://www.shanghai.gov.cn/zhengce/detail/0025::014af05b20ff4cd9ba43ce3501d4ae80,
工程建设管理,技术规定与导则,市级,上海市住房和城乡建设管理委员会关于批准《广电接入网工程技术标准》为上海市工程建设规范的通知,沪建标定〔2021〕726号,上海市住房和城乡建设管理委员会,2021-11-17,有效,统一政策发布平台,https://www.shanghai.gov.cn/zhengce/detail/0011::807186a143794b3298ac1dfdd4ed0354,docs/工程建设管理/上海市住房和城乡建设管理委员会关于批准《广电接入网工程技术标准》为上海市工程建设规范的通知.md
工程建设管理,实施细则,市级,上海市交通委员会关于印发《上海市水路运输市场信用管理实施细则》的通知,沪交行规〔2021〕9号,上海市交通委员会,2021-11-15,有效,统一政策发布平台,https://www.shanghai.gov.cn/zhengce/detail/0010::7f0cda54bc124eda8ea05d0a871e536d,docs/工程建设管理/上海市交通委员会关于印发《上海市水路运输市场信用管理实施细则》的通知.md
工程建设管理,规划与计划,市级,上海市住房和城乡建设管理委员会关于印发《2021年上海市工程建设规范编制计划（第二批）》的通知,沪建标定〔2021〕721号,上海市住房和城乡建设管理委员会,2021-11-12,有效,统一政策发布平台,https://www.shanghai.gov.cn/zhengce/detail/0011::099c30b0431a4098b703d333dbc4dc52,
工程建设管理,规划与计划,市级,上海市自然灾害防治委员会办公室关于印发上海市防震减灾“十四五”规划的通知,沪灾防委办〔2021〕16号,上海市应急管理局,2021-11-08,有效,统一政策发布平台,https://www.shanghai.gov.cn/zhengce/detail/0037::c6f0c0a4f18d4e769da5a77eaf3b68e4,
工程建设管理,通知公告,市级,上海市交通委员会关于组织开展2021年度上海市智能网联汽车示范应用创新项目申报工作的通知,沪交科〔2021〕873号,上海市交通委员会,2021-11-01,有效,统一政策发布平台,https://www.shanghai.gov.cn/zhengce/detail/0010::9715a227c59e4651b1d92990a08bd46b,
工程建设管理,实施意见,市级,上海市交通委员会关于印发《上海市智能网联汽车示范应用场景拓展工作实施方案（2021-2023年）》的通知,沪交科〔2021〕872号,上海市交通委员会,2021-11-01,有效,统一政策发布平台,https://www.shanghai.gov.cn/zhengce/detail/0010::31d2410179704661b3d6112456efa303,
工程建设管理,实施意见,市级,上海市住房和城乡建设管理委员会关于印发《上海市深化工程造价管理改革实施方案》的通知,沪建标定〔2021〕701号,上海市住房和城乡建设管理委员会,2021-11-05,有效,统一政策发布平台,https://www.shanghai.gov.cn/zhengce/detail/0011::c2eca87bac8b4a93bd4dd3d32e65166b,
工程建设管理,技术规定与导则,市级,上海市住房和城乡建设管理委员会关于批准《预制装配式悬臂挡土墙技术标准》为上海市工程建设规范的通知,沪建标定〔2021〕696号,上海市住房和城乡建设管理委员会,2021-11-03,有效,统一政策发布平台,https://www.shanghai.gov.cn/zhengce/detail/0011::32e8efbac0cd48938ca9585b64b9bccb,docs/工程建设管理/上海市住房和城乡建设管理委员会关于批准《预制装配式悬臂挡土墙技术标准》为上海市工程建设规范的通知.md
工程建设管理,通知公告,市级,关于居民房产继承、遗赠的公证事项收费有关事宜的通知,沪发改价调〔2021〕32号,上海市发展和改革委员会,2021-10-29,有效,统一政策发布平台,https://www.shanghai.gov.cn/zhengce/detail/0025::d1b64e25fce24d16ad78ec1d4848f135,
工程建设管理,通知公告,市级,关于印发《汽车清洗“一件事”办事指南》的通知,沪水务〔2021〕725号,上海市水务局,2021-10-29,有效,统一政策发布平台,https://www.shanghai.gov.cn/zhengce/detail/0004::8a6fb8ab00f5427a97aeb56da1d458ab,
工程建设管理,办法,市级,上海市应急管理局关于印发上海市应急管理局政府信息公开实施办法的通知,沪应急办〔2021〕87号,上海市应急管理局,2021-10-26,有效,统一政策发布平台,https://www.shanghai.gov.cn/zhengce/detail/0037::7efcae79097f48e895c91f11639f7c9c,docs/工程建设管理/上海市应急管理局关于印发上海市应急管理局政府信息公开实施办法的通知.md
工程建设管理,实施细则,其他,关于印发《中国（上海）自由贸易试验区临港新片区工程建设项目承诺制改革扩大试点范围的实施方案》和《临港新片区工程建设项目承诺制改革扩大试点范围的实施细则》的通知,沪自贸临管规范〔2021〕4号,中国（上海）自由贸易试验区临港新片区管理委员会,2021-10-25,有效,统一政策发布平台,https://www.shanghai.gov.cn/zhengce/detail/0058::7cf1a6fd2fe64b6d9100d41b3fea54d9,docs/工程建设管理/关于印发《中国（上海）自由贸易试验区临港新片区工程建设项目承诺制改革扩大试点范围的实施方案》和《临港.md
工程建设管理,通知公告,市级,关于转发《国家发展改革委关于进一步深化燃煤发电上网电价市场化改革的通知》的通知,沪发改价管〔2021〕51号,上海市发展和改革委员会,2021-10-25,有效,统一政策发布平台,https://www.shanghai.gov.cn/zhengce/detail/0025::43d3d6f44dac49c594f6a0b26732ec39,
工程建设管理,通知公告,市级,市交通委、市发展改革委、市财政局关于对S32部分路段实施车辆通行费优惠的通知,沪交财〔2021〕846号,上海市交通委员会,2021-10-25,有效,统一政策发布平台,https://www.shanghai.gov.cn/zhengce/detail/0010::f31cffef0cea47d0bd65eb4576b21140,
工程建设管理,实施意见,市级,关于印发《关于进一步支持本市资源循环利用行业稳定发展的实施意见》的通知,沪发改环资〔2021〕133号,上海市发展和改革委员会,2021-10-19,有效,统一政策发布平台,https://www.shanghai.gov.cn/zhengce/detail/0025::df76ba2290a3459d9040d1c0b8c21140,
工程建设管理,通知公告,市级,上海市应急管理局关于推进危险化学品仓储企业开展信息化管理工作的通知,沪应急危化〔2021〕98号,上海市应急管理局,2021-10-18,有效,统一政策发布平台,https://www.shanghai.gov.cn/zhengce/detail/0037::3beda9171e5a4d13849b0c838cfbcdae,
工程建设管理,通知公告,市级,上海市安全生产委员会办公室上海市应急管理局关于认真学习宣传贯彻《中华人民共和国安全生产法》的通知,沪安委办〔2021〕36号,上海市应急管理局,2021-10-18,有效,统一政策发布平台,https://www.shanghai.gov.cn/zhengce/detail/0037::fd7f4d19de5c4e14838227a8bbb280c6,
工程建设管理,通知公告,市级,上海市第一次自然灾害综合风险普查领导小组办公室关于进一步加强自然灾害综合风险普查宣传工作的通知,沪灾险普办〔2021〕9号,上海市应急管理局,2021-10-14,有效,统一政策发布平台,https://www.shanghai.gov.cn/zhengce/detail/0037::aa562d1147214d679b802b32db003c74,
工程建设管理,通知公告,市级,上海市住房和城乡建设管理委员会关于批准《危险性较大的分部分项工程安全管理标准》为上海市工程建设规范的通知,沪建标定〔2021〕630号,上海市住房和城乡建设管理委员会,2021-10-09,有效,统一政策发布平台,https://www.shanghai.gov.cn/zhengce/detail/0011::e47f529ad7154cf9a7db057d4df5593f,
工程建设管理,通知公告,市级,关于进一步优化本市园林绿化工程总承包管理工作的通知,沪绿容〔2021〕290号,上海市绿化和市容管理局,2021-09-14,有效,统一政策发布平台,https://www.shanghai.gov.cn/zhengce/detail/0039::35da1e52-e600-47c7-b920-45a7302dfe1f,
工程建设管理,其他,市级,上海市应急管理局关于撤销DAVID ANDREW NEUBERGER安全生产知识和管理能力考核合格证的通告,沪应急通〔2021〕10号,上海市应急管理局,2021-09-29,有效,统一政策发布平台,https://www.shanghai.gov.cn/zhengce/detail/0037::6d07e32a67434104a0f579598a88dd7c,
工程建设管理,通知公告,市级,关于本市电动汽车充电设施用电价格政策有关事项的通知,沪发改价管〔2021〕43号,上海市发展和改革委员会,2021-09-21,有效,统一政策发布平台,https://www.shanghai.gov.cn/zhengce/detail/0025::1a2b2f07425e4fb0a19e007d1cecbaf6,
工程建设管理,技术规定与导则,市级,上海市住房和城乡建设管理委员会关于批准《预制拼装桥梁技术标准》为上海市工程建设规范的通知,沪建标定〔2021〕587号,上海市住房和城乡建设管理委员会,2021-09-15,有效,统一政策发布平台,https://www.shanghai.gov.cn/zhengce/detail/0011::abafd1e3dc594ebcadaddc7ef0473c87,docs/工程建设管理/上海市住房和城乡建设管理委员会关于批准《预制拼装桥梁技术标准》为上海市工程建设规范的通知.md
工程建设管理,技术规定与导则,市级,上海市住房和城乡建设管理委员会关于批准《道路隧道消防设施养护技术标准》为上海市工程建设规范的通知,沪建标定〔2021〕585号,上海市住房和城乡建设管理委员会,2021-09-15,有效,统一政策发布平台,https://www.shanghai.gov.cn/zhengce/detail/0011::6ceaecce1a7d4b51a24c843cc37f1925,docs/工程建设管理/上海市住房和城乡建设管理委员会关于批准《道路隧道消防设施养护技术标准》为上海市工程建设规范的通知.md
工程建设管理,技术规定与导则,市级,上海市住房和城乡建设管理委员会关于批准《自动化集装箱码头建设技术标准》为上海市工程建设规范的通知,沪建标定〔2021〕564号,上海市住房和城乡建设管理委员会,2021-09-09,有效,统一政策发布平台,https://www.shanghai.gov.cn/zhengce/detail/0011::ffd2ec8b3dad4866aa199d96ed23d3e2,docs/工程建设管理/上海市住房和城乡建设管理委员会关于批准《自动化集装箱码头建设技术标准》为上海市工程建设规范的通知.md
工程建设管理,审查与许可规则,市级,关于发布《地方铁路线路安全保护区作业方案备案办事指南》的通知,沪交发 〔2021〕32号,上海市交通委员会,2021-09-01,有效,统一政策发布平台,https://www.shanghai.gov.cn/zhengce/detail/0010::fa931ea23d24411c91d075db524b8e5a,docs/工程建设管理/关于发布《地方铁路线路安全保护区作业方案备案办事指南》的通知.md
工程建设管理,技术规定与导则,市级,上海市住房和城乡建设管理委员会关于批准《建筑墙面涂料涂饰工程技术标准》为上海市工程建设规范的通知,沪建标定〔2021〕559号,上海市住房和城乡建设管理委员会,2021-09-03,有效,统一政策发布平台,https://www.shanghai.gov.cn/zhengce/detail/0011::88fc1cf6115246ccacc05cd28b6caf74,docs/工程建设管理/上海市住房和城乡建设管理委员会关于批准《建筑墙面涂料涂饰工程技术标准》为上海市工程建设规范的通知.md
工程建设管理,技术规定与导则,市级,上海市住房和城乡建设管理委员会关于批准《城市灾害损失评估技术标准》为上海市工程建设规范的通知,沪建标定〔2021〕556号,上海市住房和城乡建设管理委员会,2021-09-06,有效,统一政策发布平台,https://www.shanghai.gov.cn/zhengce/detail/0011::42e95ae454f44660904326f74d983fb5,docs/工程建设管理/上海市住房和城乡建设管理委员会关于批准《城市灾害损失评估技术标准》为上海市工程建设规范的通知.md
工程建设管理,其他,市级,关于上海港黄浦江下游段内河船舶污染物实行免费接收服务的通告,沪交发 〔2021〕31号,上海市交通委员会,2021-08-26,有效,统一政策发布平台,https://www.shanghai.gov.cn/zhengce/detail/0010::9ef2cd1740f04c3a8f73bbe18eed9c8c,
工程建设管理,办法,市级,关于印发《上海市水土保持补偿费征收管理办法》的通知,沪水务〔2021〕550号,上海市水务局,2021-08-27,有效,统一政策发布平台,https://www.shanghai.gov.cn/zhengce/detail/0004::104255bb388a428ab729fd11369a173d,docs/工程建设管理/关于印发《上海市水土保持补偿费征收管理办法》的通知.md
工程建设管理,办法,区级,关于印发《黄浦区国家机关办公建筑和大型公共建筑能耗监测系统管理办法》的通知,黄发改规〔2021〕1号,上海市黄浦区发展和改革委员会,2021-08-25,有效,统一政策发布平台,https://www.shanghai.gov.cn/zhengce/detail/0071::a655a1cd-7336-4913-a611-6f8b85e2aba8,docs/工程建设管理/关于印发《黄浦区国家机关办公建筑和大型公共建筑能耗监测系统管理办法》的通知.md
工程建设管理,实施意见,市级,上海市交通委员会、上海市发展和改革委员会和中国船级社上海分社关于印发《上海市长江经济带船舶岸电系统受电设施改造实施方案》的通知,沪交港〔2021〕613号,上海市交通委员会,2021-08-16,有效,统一政策发布平台,https://www.shanghai.gov.cn/zhengce/detail/0010::37bf1d9da09044fe88f76ad6b429c2f7,
工程建设管理,实施意见,区级,关于印发《关于进一步加强宝山区街镇综合行政执法工作的实施意见》的通知,宝城执〔2021〕24号,上海市宝山区城市管理行政执法局,2021-08-24,有效,统一政策发布平台,https://www.shanghai.gov.cn/zhengce/detail/0078::60dc6296-8788-4511-b35e-1aabf31cb476,
工程建设管理,通知公告,市级,关于加强本市大用水户节水管理的通知,沪水务〔2021〕545号,上海市水务局,2021-08-25,有效,统一政策发布平台,https://www.shanghai.gov.cn/zhengce/detail/0004::30a01c1aef8d40598953994076993ade,
工程建设管理,通知公告,市级,上海市住房和城乡建设管理委员会关于批准《建筑工程交通设计及停车库（场）设置标准》为上海市工程建设规范的通知,沪建标定〔2021〕540号,上海市住房和城乡建设管理委员会,2021-08-25,有效,统一政策发布平台,https://www.shanghai.gov.cn/zhengce/detail/0011::3ff64dd76a5642b1b809aa41ca66330b,
工程建设管理,实施意见,市级,上海市应急管理局关于印发上海市危险化学品双重预防机制建设试点工作方案的通知,沪应急危化〔2021〕65号,上海市应急管理局,2021-08-20,有效,统一政策发布平台,https://www.shanghai.gov.cn/zhengce/detail/0037::03caaf2f646a4f6c86e432488ce4adc2,
工程建设管理,审查与许可规则,市级,关于印发《上海市建设工程占用林地行政许可审批管理规范》的通知,沪绿容规〔2021〕5号,上海市绿化和市容管理局,2021-08-19,有效,统一政策发布平台,https://www.shanghai.gov.cn/zhengce/detail/0039::8ceaa0e3923a46ceb3bb0ae2e583ea2a,docs/工程建设管理/关于印发《上海市建设工程占用林地行政许可审批管理规范》的通知.md
工程建设管理,通知公告,市级,上海市水务局关于印发《上海市水利工程安全防护、文明施工措施项目清单》《上海市水利工程安全防护、文明施工措施费用范围清单》《上海市水利工程安全防护、文明施工措施费率表》等3个文件的通知,沪水务〔2021〕534号,上海市水务局,2021-08-18,有效,统一政策发布平台,https://www.shanghai.gov.cn/zhengce/detail/0004::4c15f5bcb31342e7bd54e25477b8233e,
工程建设管理,技术规定与导则,市级,上海市住房和城乡建设管理委员会关于批准《城镇污水处理厂恶臭气体治理技术标准》为上海市工程建设规范的通知,沪建标定〔2021〕528号,上海市住房和城乡建设管理委员会,2021-08-17,有效,统一政策发布平台,https://www.shanghai.gov.cn/zhengce/detail/0011::9b415e54d19a4c2d8fa2b3ac86923086,docs/工程建设管理/上海市住房和城乡建设管理委员会关于批准《城镇污水处理厂恶臭气体治理技术标准》为上海市工程建设规范的通.md
工程建设管理,办法,市级,上海市交通委员会关于印发《上海市交通建设市场信用信息管理办法》的通知,沪交行规〔2021〕8号,上海市交通委员会,2021-08-16,有效,统一政策发布平台,https://www.shanghai.gov.cn/zhengce/detail/0010::b64e0c5419894194a5b8bd8dda9bbbd8,docs/工程建设管理/上海市交通委员会关于印发《上海市交通建设市场信用信息管理办法》的通知.md
工程建设管理,实施意见,区级,关于印发《关于进一步加强宝山区综合执法队伍建设的实施意见》的通知,宝城执〔2021〕23号,上海市宝山区城市管理行政执法局,2021-08-11,有效,统一政策发布平台,https://www.shanghai.gov.cn/zhengce/detail/0078::e9486ef0-4787-445c-a495-5d548461ab21,
工程建设管理,规划与计划,市级,关于下达2021年第一批上海市服务业发展引导资金计划的通知,沪发改服务〔2021〕21号,上海市发展和改革委员会,2021-08-11,有效,统一政策发布平台,https://www.shanghai.gov.cn/zhengce/detail/0025::64adc8d580cb4481abbeb67ddaf7b8f6,
工程建设管理,技术规定与导则,市级,上海市住房和城乡建设管理委员会关于批准《城市轨道交通CBTC信号系统技术标准》为上海市工程建设规范的通知,沪建标定〔2021〕519号,上海市住房和城乡建设管理委员会,2021-08-10,有效,统一政策发布平台,https://www.shanghai.gov.cn/zhengce/detail/0011::fdb26e12ee45424bb87a550168ddbbb2,docs/工程建设管理/上海市住房和城乡建设管理委员会关于批准《城市轨道交通CBTC信号系统技术标准》为上海市工程建设规范的.md
工程建设管理,通知公告,市级,上海市住房和城乡建设管理委员会关于批准《建筑工程施工质量资料管理标准》为上海市工程建设规范的通知,沪建标定〔2021〕518号,上海市住房和城乡建设管理委员会,2021-08-10,有效,统一政策发布平台,https://www.shanghai.gov.cn/zhengce/detail/0011::7d22371f540f4244b992d4f4e58d99b6,
工程建设管理,技术规定与导则,市级,上海市住房和城乡建设管理委员会关于批准《地源热泵系统工程技术标准》为上海市工程建设规范的通知,沪建标定〔2021〕514号,上海市住房和城乡建设管理委员会,2021-08-10,有效,统一政策发布平台,https://www.shanghai.gov.cn/zhengce/detail/0011::b183379187b046afb75ebfcc8f1b6c9e,docs/工程建设管理/上海市住房和城乡建设管理委员会关于批准《地源热泵系统工程技术标准》为上海市工程建设规范的通知.md
工程建设管理,通知公告,市级,上海市住房和城乡建设管理委员会关于批准《园林绿化栽植土质量标准》为上海市工程建设规范的通知,沪建标定〔2021〕511号,上海市住房和城乡建设管理委员会,2021-08-10,有效,统一政策发布平台,https://www.shanghai.gov.cn/zhengce/detail/0011::e44ef4ae8b914aa4b0d841e123eefdd6,
工程建设管理,规定,市级,关于印发《上海市取水井填没封井管理规定》的通知,沪水务规范〔2021〕5号,上海市水务局,2021-08-09,有效,统一政策发布平台,https://www.shanghai.gov.cn/zhengce/detail/0004::f0e75b7ed9ed40afbab95c193871e4c2,docs/工程建设管理/关于印发《上海市取水井填没封井管理规定》的通知.md
工程建设管理,实施细则,其他,关于印发《临港新片区建筑工人集中居住临时设施管理实施细则》的通知,沪自贸临管委〔2021〕678号,中国（上海）自由贸易试验区临港新片区管理委员会,2021-08-02,有效,统一政策发布平台,https://www.shanghai.gov.cn/zhengce/detail/0058::58e86de938344e4b952ad250912f4c28,docs/工程建设管理/关于印发《临港新片区建筑工人集中居住临时设施管理实施细则》的通知.md
工程建设管理,通知公告,市级,上海市应急管理局关于印发“上海应急管理”政府网站运行保障工作制度的通知,沪应急宣培〔2021〕59号,上海市应急管理局,2021-07-23,有效,统一政策发布平台,https://www.shanghai.gov.cn/zhengce/detail/0037::9fc53efb1d0844aea7789dae7e3fe22f,
工程建设管理,通知公告,市级,关于开展2021年度上海港岸电项目补贴资金申报工作的通知,沪交科〔2021〕540号,上海市交通委员会,2021-07-28,有效,统一政策发布平台,https://www.shanghai.gov.cn/zhengce/detail/0010::840b0f5e202b49dbbfba2b51f2050c1a,
工程建设管理,通知公告,市级,关于进一步规范上海港口岸服务和收费行为的通知,沪交发 〔2021〕30号,上海市交通委员会,2021-06-07,有效,统一政策发布平台,https://www.shanghai.gov.cn/zhengce/detail/0010::a267c0a7f98f450aaf34f6a8002ec2df,
工程建设管理,实施意见,市级,上海市第一次自然灾害综合风险普查领导小组办公室、中共上海市委宣传部关于印发《上海市第一次自然灾害综合风险普查宣传工作方案》的通知,沪灾险普办〔2021〕3号,上海市应急管理局,2021-07-27,有效,统一政策发布平台,https://www.shanghai.gov.cn/zhengce/detail/0037::26f8b57bc2984d4c992f23d30ba3543b,
工程建设管理,实施意见,市级,上海市水务局印发《关于强化本市水务建设工程参建各方安全生产主体责任加强重大危险源管理工作的指导意见》的通知,沪水务〔2021〕477号,上海市水务局,2021-07-27,有效,统一政策发布平台,https://www.shanghai.gov.cn/zhengce/detail/0004::b6e54b59a1bf4315a9e52ca1c8b8a7d1,
工程建设管理,办法,市级,关于印发《上海市城市管理综合行政执法公示办法》的通知,沪城管执〔2021〕61号,上海市城市管理行政执法局,2021-07-15,有效,统一政策发布平台,https://www.shanghai.gov.cn/zhengce/detail/0043::d865557607864cad83a612b54c4302d0,docs/工程建设管理/关于印发《上海市城市管理综合行政执法公示办法》的通知.md
工程建设管理,规定,市级,上海市交通委员会关于印发《上海市地方铁路线路安全保护区管理规定》的通知,沪交行规〔2021〕4号,上海市交通委员会,2021-07-16,失效,统一政策发布平台,https://www.shanghai.gov.cn/zhengce/detail/0010::82ece3f939554232ac2c45c93c2fffd6,docs/工程建设管理/上海市交通委员会关于印发《上海市地方铁路线路安全保护区管理规定》的通知.md
工程建设管理,办法,市级,关于印发《上海市节水型农业示范区评价指标及考核办法》的通知,沪水务〔2021〕459号,上海市水务局,2021-07-20,有效,统一政策发布平台,https://www.shanghai.gov.cn/zhengce/detail/0004::701a45cd9c1b4e0e9520fe96707734f1,docs/工程建设管理/关于印发《上海市节水型农业示范区评价指标及考核办法》的通知.md
工程建设管理,通知公告,市级,上海市应急管理局关于认真贯彻实施新修订的《中华人民共和国行政处罚法》的通知,沪应急法规〔2021〕54号,上海市应急管理局,2021-07-12,有效,统一政策发布平台,https://www.shanghai.gov.cn/zhengce/detail/0037::81eb1cc763ec4a758deb3bb23b8f0da8,
工程建设管理,通知公告,市级,关于进一步做好本市基础设施领域不动产投资信托基金（REITs）试点项目申报有关工作的通知,沪发改财金〔2021〕46号,上海市发展和改革委员会,2021-07-13,有效,统一政策发布平台,https://www.shanghai.gov.cn/zhengce/detail/0025::c61807953d794e94b7ca43fb590ae110,
工程建设管理,技术规定与导则,市级,上海市住房和城乡建设管理委员会关于批准《轨道交通及隧道工程混凝土结构耐久性设计施工技术标准》为上海市工程建设规范的通知,沪建标定〔2021〕352号,上海市住房和城乡建设管理委员会,2021-07-06,有效,统一政策发布平台,https://www.shanghai.gov.cn/zhengce/detail/0011::61cbd40726d44d6ab444e077b095f75b,docs/工程建设管理/上海市住房和城乡建设管理委员会关于批准《轨道交通及隧道工程混凝土结构耐久性设计施工技术标准》为上海市.md
工程建设管理,实施细则,市级,关于延长《上海市建设工程定额管理实施细则》有效期的通知,沪住建规范〔2021〕6号,上海市住房和城乡建设管理委员会,2021-07-05,有效,统一政策发布平台,https://www.shanghai.gov.cn/zhengce/detail/0011::61ec5df8bd1447548508e8fd40043b17,docs/工程建设管理/关于延长《上海市建设工程定额管理实施细则》有效期的通知.md
工程建设管理,办法,市级,关于印发《上海市建设工程施工现场人员实名制管理办法》的通知,沪住建规范〔2021〕4号,上海市住房和城乡建设管理委员会,2021-03-31,有效,统一政策发布平台,https://www.shanghai.gov.cn/zhengce/detail/0011::a390e9c568c149de8821f08a6ed74e6d,docs/工程建设管理/关于印发《上海市建设工程施工现场人员实名制管理办法》的通知.md
工程建设管理,通知公告,市级,市安委会办公室关于深刻吸取近期事故教训 切实加强重点行业领域安全风险隐患 排查整治的通知,沪安委办〔2021〕19号,上海市应急管理局,2021-06-23,有效,统一政策发布平台,https://www.shanghai.gov.cn/zhengce/detail/0037::353a3f9598c6426197982aaaa00418a7,
工程建设管理,实施意见,街镇级,关于调整浦江镇限额以下小型建设工程管理的实施意见,闵浦府〔2021〕68号,上海市闵行区浦江镇人民政府,2021-06-30,有效,统一政策发布平台,https://www.shanghai.gov.cn/zhengce/detail/0079::33872FED-3697-11ED-951B-1BD88B3C7FDC,
工程建设管理,通知公告,市级,关于申报2021年上海市交通节能减排专项扶持资金的通知,沪交科〔2021〕476号,上海市交通委员会,2021-06-23,有效,统一政策发布平台,https://www.shanghai.gov.cn/zhengce/detail/0010::4897e72f9c1e4e0b9432bdc6aab719b3,
工程建设管理,实施细则,区级,松江区燃气工程建设管理实施细则,沪松建管规字〔2021〕1号,上海市松江区建设和管理委员会,2021-06-28,有效,统一政策发布平台,https://www.shanghai.gov.cn/zhengce/detail/0082::843f0ec5358445f7b2566dcb35d0e7fc,docs/工程建设管理/松江区燃气工程建设管理实施细则.md
工程建设管理,通知公告,市级,关于印发《长三角旅行社综合信用评价指引（2021版）》的通知,沪信用办〔2021〕4号,上海市发展和改革委员会,2021-06-23,有效,统一政策发布平台,https://www.shanghai.gov.cn/zhengce/detail/0025::f6d65f8bcbfa418c8d859c994ef71cf4,
工程建设管理,审查与许可规则,区级,上海市嘉定区人民政府办公室关于转发《嘉定区工程建设项目审批审查中心优化实体化运作工作方案》的通知,嘉府办发〔2021〕27号,区政府办公室,2021-06-24,有效,统一政策发布平台,https://www.shanghai.gov.cn/zhengce/detail/0080::5_144013,docs/工程建设管理/上海市嘉定区人民政府办公室关于转发《嘉定区工程建设项目审批审查中心优化实体化运作工作方案》的通知.md
工程建设管理,通知公告,市级,上海市安全生产委员会办公室上海市应急管理局关于进一步加强本市安全生产培训工作的通知,沪安委办〔2021〕17号,上海市应急管理局,2021-06-16,有效,统一政策发布平台,https://www.shanghai.gov.cn/zhengce/detail/0037::5042079283754092a78d68d912fa43d0,
工程建设管理,实施意见,市级,上海市应急管理局关于印发上海市安全评价机构执业行为专项整治实施方案的通知,沪应急科技〔2021〕47号,上海市应急管理局,2021-06-15,有效,统一政策发布平台,https://www.shanghai.gov.cn/zhengce/detail/0037::56f329328d2b45b3b4478d73515eab91,
工程建设管理,实施意见,市级,关于印发上海加快打造具有国际竞争力的不动产投资信托基金（REITs）发展新高地实施意见的通知,沪发改规范〔2021〕6号,上海市发展和改革委员会,2021-06-21,失效,统一政策发布平台,https://www.shanghai.gov.cn/zhengce/detail/0025::4ab3ad25d2b34d2983796a9b70943e40,
工程建设管理,通知公告,市级,上海市应急管理局关于进一步推进本市安全生产责任保险工作的通知,沪应急危化〔2021〕45号,上海市应急管理局,2021-06-03,有效,统一政策发布平台,https://www.shanghai.gov.cn/zhengce/detail/0037::788ff4fd62ac44969e0b362c9e93851a,
工程建设管理,审查与许可规则,其他,关于印发《关于进一步优化临港新片区工程建设项目审批审查中心运行机制的实施方案》的通知,沪自贸临管委〔2021〕475号,中国（上海）自由贸易试验区临港新片区管理委员会,2021-06-08,有效,统一政策发布平台,https://www.shanghai.gov.cn/zhengce/detail/0058::aad7cfa2b3f74bc18eb0ed277f16a5e3,docs/工程建设管理/关于印发《关于进一步优化临港新片区工程建设项目审批审查中心运行机制的实施方案》的通知.md
工程建设管理,通知公告,市级,关于进一步规范本市港口和船舶岸电设施建设使用工作的通知,沪交科〔2021〕374号,上海市交通委员会、上海海事局,2021-05-25,有效,统一政策发布平台,https://www.shanghai.gov.cn/zhengce/detail/0010::9b0a4b17364142a0ab282fc3efc8a619,
工程建设管理,通知公告,市级,关于印发《上海港低压岸电系统技术要求（试行）》的通知,沪交科〔2021〕398号,上海市交通委员会,2021-05-31,有效,统一政策发布平台,https://www.shanghai.gov.cn/zhengce/detail/0010::adfee64d6032493f8899165bf6c5207a,
工程建设管理,通知公告,其他,关于印发《临港新片区建筑工人集中居住临时设施建设管理正负面清单》的通知,沪自贸临管委〔2021〕470号,中国（上海）自由贸易试验区临港新片区管理委员会,2021-06-02,有效,统一政策发布平台,https://www.shanghai.gov.cn/zhengce/detail/0058::5324194548fc4dffaa1d97f19eaeba6e,
工程建设管理,技术规定与导则,市级,上海市住房和城乡建设管理委员会关于批准《地面沉降监测与防治技术标准》为上海市工程建设规范的通知,沪建标定〔2021〕338号,上海市住房和城乡建设管理委员会,2021-05-31,有效,统一政策发布平台,https://www.shanghai.gov.cn/zhengce/detail/0011::ca4fd6c81e7549fe822a5055ac63bdd7,docs/工程建设管理/上海市住房和城乡建设管理委员会关于批准《地面沉降监测与防治技术标准》为上海市工程建设规范的通知.md
工程建设管理,技术规定与导则,市级,上海市住房和城乡建设管理委员会关于批准《既有建筑外立面整治设计标准》为上海市工程建设规范的通知,沪建标定〔2021〕335号,上海市住房和城乡建设管理委员会,2021-05-31,有效,统一政策发布平台,https://www.shanghai.gov.cn/zhengce/detail/0011::3d979b039e6a4782820a47c16cc22e43,docs/工程建设管理/上海市住房和城乡建设管理委员会关于批准《既有建筑外立面整治设计标准》为上海市工程建设规范的通知.md
工程建设管理,审查与许可规则,市级,上海市住房和城乡建设管理委员会关于批准《海绵城市设施施工验收与运行维护标准》为上海市工程建设规范的通知,沪建标定〔2021〕334号,上海市住房和城乡建设管理委员会,2021-05-31,有效,统一政策发布平台,https://www.shanghai.gov.cn/zhengce/detail/0011::9bd835ced61f45589fe45b000dbd996f,docs/工程建设管理/上海市住房和城乡建设管理委员会关于批准《海绵城市设施施工验收与运行维护标准》为上海市工程建设规范的通.md
工程建设管理,技术规定与导则,市级,上海市住房和城乡建设管理委员会关于批准《保温装饰复合板墙体保温系统应用技术标准》为上海市工程建设规范的通知,沪建标定〔2021〕333号,上海市住房和城乡建设管理委员会,2021-05-31,有效,统一政策发布平台,https://www.shanghai.gov.cn/zhengce/detail/0011::29cd2c013c8c425a8f495b75ca2af55c,docs/工程建设管理/上海市住房和城乡建设管理委员会关于批准《保温装饰复合板墙体保温系统应用技术标准》为上海市工程建设规范.md
工程建设管理,技术规定与导则,市级,上海市住房和城乡建设管理委员会关于批准《多高层钢结构住宅技术标准》为上海市工程建设规范的通知,沪建标定〔2021〕332号,上海市住房和城乡建设管理委员会,2021-05-31,有效,统一政策发布平台,https://www.shanghai.gov.cn/zhengce/detail/0011::e3387b05109c4fb581224542e0a0390b,docs/工程建设管理/上海市住房和城乡建设管理委员会关于批准《多高层钢结构住宅技术标准》为上海市工程建设规范的通知.md
工程建设管理,技术规定与导则,市级,上海市住房和城乡建设管理委员会关于批准《餐饮单位清洁设计技术标准》为上海市工程建设规范的通知,沪建标定〔2021〕331号,上海市住房和城乡建设管理委员会,2021-05-31,有效,统一政策发布平台,https://www.shanghai.gov.cn/zhengce/detail/0011::6558abe9ada94f838dd59e72b724c1ed,docs/工程建设管理/上海市住房和城乡建设管理委员会关于批准《餐饮单位清洁设计技术标准》为上海市工程建设规范的通知.md
工程建设管理,办法,区级,宝山区绿化和市容管理局关于小型建设工程项目管理办法,宝绿容〔2021〕18号,上海市宝山区绿化和市容管理局,2021-03-22,有效,统一政策发布平台,https://www.shanghai.gov.cn/zhengce/detail/0078::b2b50015-9ab7-47f9-ac29-f395f1e74e8a,docs/工程建设管理/宝山区绿化和市容管理局关于小型建设工程项目管理办法.md
工程建设管理,通知公告,市级,关于印发《市公共资源交易平台与财政国库集中支付平台对接方案》的通知,沪发改法〔2021〕4号,上海市发展和改革委员会,2021-03-15,有效,统一政策发布平台,https://www.shanghai.gov.cn/zhengce/detail/0025::9498e321d8c24545a69ac8f65fe81313,
工程建设管理,规划与计划,区级,关于印发《宝山区城管执法系统“十四五”规划（2021-2025年）》的通知,宝城执〔2021〕17号,上海市宝山区城市管理行政执法局,2021-02-09,有效,统一政策发布平台,https://www.shanghai.gov.cn/zhengce/detail/0078::30bf7b9d-08d7-4cfb-a336-acf4094099ad,
工程建设管理,规划与计划,区级,上海市嘉定区人民政府关于批转《2021年嘉定区重大工程建设进度计划》的通知,嘉府发〔2021〕1号,区政府,2021-02-01,有效,统一政策发布平台,https://www.shanghai.gov.cn/zhengce/detail/0080::5_137954,
工程建设管理,实施细则,街镇级,关于印发《古美路街道限额以下小型建设工程实施细则》的通知,闵古办〔2021〕2号,上海市闵行区人民政府古美路街道办事处,2021-01-18,有效,统一政策发布平台,https://www.shanghai.gov.cn/zhengce/detail/0079::8D4C2E83-3697-11ED-9C78-D153B5173FE7,docs/工程建设管理/关于印发《古美路街道限额以下小型建设工程实施细则》的通知.md
工程建设管理,规定,市级,关于延长《上海市建设工程基坑降水管理规定》有效期的通知,,上海市住房和城乡建设管理委员会,2020-11,有效,市住建委规范性文件,https://zjw.sh.gov.cn/gfxwj/20201110/fd3056f63f48437eb6055f05d4c09ed9.html,docs/工程建设管理/关于延长《上海市建设工程基坑降水管理规定》有效期的通知.md
工程建设管理,规定,市级,关于印发《上海市建设工程建设单位首要质量责任管理规定》的通知,,上海市住房和城乡建设管理委员会,2020-10,有效,市住建委规范性文件,https://zjw.sh.gov.cn/gfxwj/20201029/3a8ced151dae47daacbc372354a65cdd.html,docs/工程建设管理/关于印发《上海市建设工程建设单位首要质量责任管理规定》的通知.md
工程建设管理,办法,市级,关于印发《上海市建设工程采用尚无国家技术标准的新技术、新材料技术论证管理办法》的通知,,上海市住房和城乡建设管理委员会,2020-11,有效,市住建委规范性文件,https://zjw.sh.gov.cn/gfxwj/20201110/fed36604a9c041e5893e34136f12ceac.html,docs/工程建设管理/关于印发《上海市建设工程采用尚无国家技术标准的新技术、新材料技术论证管理办法》的通知.md
工程建设管理,办法,市级,关于延长《上海市建设工程评标专家和评标专家库管理办法》有效期的通知,,上海市住房和城乡建设管理委员会,2020-11,有效,市住建委规范性文件,https://zjw.sh.gov.cn/gfxwj/20201110/264e039806ee40838ab2d47600f739d7.html,docs/工程建设管理/关于延长《上海市建设工程评标专家和评标专家库管理办法》有效期的通知.md
工程建设管理,办法,市级,关于延长《上海市建设工程施工项目经理质量安全违法违规行为记分管理办法》有效期的通知,,上海市住房和城乡建设管理委员会,2020-11,有效,市住建委规范性文件,https://zjw.sh.gov.cn/gfxwj/20201110/8bdd19162d874f33b36168a70dd8c1d4.html,docs/工程建设管理/关于延长《上海市建设工程施工项目经理质量安全违法违规行为记分管理办法》有效期的通知.md
工程建设管理,实施细则,市级,关于印发《上海市建设工程安全生产责任保险实施细则》的通知,,上海市住房和城乡建设管理委员会,2020-11,有效,市住建委规范性文件,https://zjw.sh.gov.cn/gfxwj/20201111/445ae3c0883a442cab574903b5122cd0.html,docs/工程建设管理/关于印发《上海市建设工程安全生产责任保险实施细则》的通知.md
工程建设管理,规定,市级,​关于延长《上海市建设工程材料使用监督管理规定》有效期的通知,,上海市住房和城乡建设管理委员会,2020-11,有效,市住建委规范性文件,https://zjw.sh.gov.cn/gfxwj/20201110/d8caff6fb143487884128985a34c4d53.html,docs/工程建设管理/​关于延长《上海市建设工程材料使用监督管理规定》有效期的通知.md
工程建设管理,规定,市级,关于延长《上海市建设工程合同信息报送管理规定》有效期的通知,,上海市住房和城乡建设管理委员会,2020-11,有效,市住建委规范性文件,https://zjw.sh.gov.cn/gfxwj/20201110/bd678e8c7a3e4d1083e3e00c8fbf5bf3.html,docs/工程建设管理/关于延长《上海市建设工程合同信息报送管理规定》有效期的通知.md
工程建设管理,办法,市级,关于印发《上海市建设工程消防设计审查验收管理办法（试行）》的通知,,上海市住房和城乡建设管理委员会,2020-07,有效,市住建委规范性文件,https://zjw.sh.gov.cn/gfxwj/20200708/8b67e4ef255a441f99bbdc60c14af323.html,docs/工程建设管理/关于印发《上海市建设工程消防设计审查验收管理办法（试行）》的通知.md
工程建设管理,实施意见,市级,关于印发《上海市建设工程安全生产责任保险实施意见》的通知,,上海市住房和城乡建设管理委员会,2020-11,有效,市住建委规范性文件,https://zjw.sh.gov.cn/gfxwj/20201110/8d9b18ed08654d8b8db8677d2985fd1b.html,
工程建设管理,办法,街镇级,罗店镇政府投资项目投资（财务）监理管理办法（试行）,宝罗府〔2020〕200号,上海市宝山区罗店镇人民政府,2020-12-22,有效,统一政策发布平台,https://www.shanghai.gov.cn/zhengce/detail/0078::5e66f463-cc70-4b3e-8c2f-78d75e8b2d88,docs/工程建设管理/罗店镇政府投资项目投资（财务）监理管理办法（试行）.md
工程建设管理,实施细则,其他,关于印发《临港新片区水利基本建设工程项目审批制度改革试点实施细则（试行）》的通知,沪自贸临管委〔2020〕796号,中国（上海）自由贸易试验区临港新片区管理委员会,2020-10-10,有效,统一政策发布平台,https://www.shanghai.gov.cn/zhengce/detail/0058::69f1e1d359fc4d638655b4963c2b338d,docs/工程建设管理/关于印发《临港新片区水利基本建设工程项目审批制度改革试点实施细则（试行）》的通知.md
工程建设管理,实施意见,街镇级,七宝镇限额以下小型建设工程管理的实施意见,闵七府〔2020〕21号,上海市闵行区七宝镇人民政府,2020-09-27,有效,统一政策发布平台,https://www.shanghai.gov.cn/zhengce/detail/0079::B8AE27CB-3697-11ED-AC45-3DB7F69B5DBD,
工程建设管理,通知公告,市级,关于完善居民水、电、气阶梯价格“一户多人口” 政策有关事项的通知,沪发改价管〔2020〕19号,上海市发展和改革委员会,2020-08-05,有效,统一政策发布平台,https://www.shanghai.gov.cn/zhengce/detail/0025::1a1cb1344d3a491594cd0a3f362643f6,
工程建设管理,办法,市级,关于印发《上海市天然气分布式供能系统发展专项扶持办法》的通知,沪发改规范〔2020〕14号,上海市发展和改革委员会,2020-07-29,有效,统一政策发布平台,https://www.shanghai.gov.cn/zhengce/detail/0025::8ac23a6f94e04487912103b68d2eb654,docs/工程建设管理/关于印发《上海市天然气分布式供能系统发展专项扶持办法》的通知.md
工程建设管理,实施意见,区级,上海市静安区人民政府办公室关于转发区建设管理委《静安区关于进一步加强建设工程安全监督分类管理的工作方案》的通知,静府办发〔2020〕6号,上海市静安区人民政府办公室,2020-07-21,有效,统一政策发布平台,https://www.shanghai.gov.cn/zhengce/detail/0072::2615644e-f22c-48d1-9b08-73f4d679024e,
工程建设管理,实施意见,市级,关于印发《上海市公共资源交易平台升级改造工作方案》的通知,沪发改法〔2020〕14号,上海市发展和改革委员会,2020-07-16,有效,统一政策发布平台,https://www.shanghai.gov.cn/zhengce/detail/0025::69ba1f04480f49f9bb7431ae2b02445c,
工程建设管理,实施意见,其他,关于印发《临港新片区建筑工人集中居住临时设施建设管理指导意见》的通知,沪自贸临管委〔2020〕267号,中国（上海）自由贸易试验区临港新片区管理委员会,2020-04-23,有效,统一政策发布平台,https://www.shanghai.gov.cn/zhengce/detail/0058::afffe1527f154addaf0bcf38d66a4ea2,
工程建设管理,通知公告,其他,关于印发《中国（上海）自由贸易试验区临港新片区文明施工标准化指导手册（试行）》的通知,沪自贸临管委〔2020〕222号,中国（上海）自由贸易试验区临港新片区管理委员会,2020-04-07,有效,统一政策发布平台,https://www.shanghai.gov.cn/zhengce/detail/0058::663bbbc3c14a45e3aa31932d05988bbc,
工程建设管理,办法,街镇级,关于杨行镇村级集体投资小型工程建设项目管理办法（试行）,宝杨府〔2020〕15号,上海市宝山区杨行镇人民政府,2020-03-13,有效,统一政策发布平台,https://www.shanghai.gov.cn/zhengce/detail/0078::c8ab6a86-dae0-452d-98c3-7c805ffedbab,docs/工程建设管理/关于杨行镇村级集体投资小型工程建设项目管理办法（试行）.md
工程建设管理,审查与许可规则,市级,关于印发《上海市工程建设项目规划资源审批制度改革工作方案》的通知,沪规划资源建〔2020〕17号,上海市规划和自然资源局,2020-01-17,有效,统一政策发布平台,https://www.shanghai.gov.cn/zhengce/detail/0032::391f19e6d9c4406582d6b117b4557667,docs/工程建设管理/关于印发《上海市工程建设项目规划资源审批制度改革工作方案》的通知.md
工程建设管理,办法,市级,关于印发《上海市建（构）筑物拆除施工企业信用信息管理实施办法》的通知,,上海市住房和城乡建设管理委员会,2019-12,有效,市住建委规范性文件,https://zjw.sh.gov.cn/gfxwj/20191223/0f5098ec6c8544a19966d574ea9d811d.html,docs/工程建设管理/关于印发《上海市建（构）筑物拆除施工企业信用信息管理实施办法》的通知.md
工程建设管理,实施意见,区级,关于印发《金山区推进农村宅基地自愿有偿退出的实施意见》的通知,金发改规〔2019〕2号,上海市金山区发展和改革委员会,2019-12-20,有效,统一政策发布平台,https://www.shanghai.gov.cn/zhengce/detail/0081::0081e96e79bfb9c03baf47052d9020a75708,
工程建设管理,办法,市级,上海市房屋管理局关于印发《上海市建（构）筑物拆除施工企业信用信息管理实施办法》的通知,沪房规范〔2019〕14号,上海市房屋管理局,2019-12-10,有效,统一政策发布平台,https://www.shanghai.gov.cn/zhengce/detail/0013::6aaf324d251e448d9cc114144ddadc87,docs/工程建设管理/上海市房屋管理局关于印发《上海市建（构）筑物拆除施工企业信用信息管理实施办法》的通知.md
工程建设管理,办法,区级,关于印发《宝山区住宅小区雨污混接改造竣工验收、移交及日常养护管理办法》的通知,宝水务〔2019〕206号,上海市宝山区水务局,2019-10-31,有效,统一政策发布平台,https://www.shanghai.gov.cn/zhengce/detail/0078::51389847-94cd-4155-bb32-1435269aca16,docs/工程建设管理/关于印发《宝山区住宅小区雨污混接改造竣工验收、移交及日常养护管理办法》的通知.md
工程建设管理,实施意见,市级,上海市水务局关于印发《关于强化本市水务建设市场和建设工程管理的指导意见》的通知,沪水务〔2019〕906号,上海市水务局,2019-09-03,有效,统一政策发布平台,https://www.shanghai.gov.cn/zhengce/detail/0004::60c394ec70d24e39957f87dfffd6e94b,
工程建设管理,实施意见,街镇级,上海市奉贤区金汇镇人民政府关于印发加强金汇镇小型建设工程项目管理实施意见的通知,奉金府〔2019〕9号,奉贤区金汇镇人民政府,2019-04-03,有效,统一政策发布平台,https://www.shanghai.gov.cn/zhengce/detail/0084::00845245,
工程建设管理,通知公告,区级,关于印发《上海市静安区促进电竞产业发展的扶持政策（试行）》的通知,静发改委规〔2019〕1号,上海市静安区发展和改革委员会,2019-01-31,有效,统一政策发布平台,https://www.shanghai.gov.cn/zhengce/detail/0072::e4d01893-0b43-40af-a9c8-b82a43b7ed49,
工程建设管理,实施意见,市级,关于印发《关于规范中小河道整治疏浚底泥消纳处置的指导意见》的通知,沪水务〔2018〕1109号,上海市水务局,2018-10-19,有效,统一政策发布平台,https://www.shanghai.gov.cn/zhengce/detail/0004::ad42b4d0434c47bebc5f5f6915d679b1,
工程建设管理,通知公告,市级,上海市水务局关于进一步加强水务建设工程质量责任主体项目负责人质量终身责任的通知,沪水务〔2018〕556号,上海市水务局,2018-06-30,有效,统一政策发布平台,https://www.shanghai.gov.cn/zhengce/detail/0004::865a19e5630d459d9683e7d488c83afc,
工程建设管理,办法,区级,上海市普陀区人民政府办公室关于转发区建管委制定的《普陀区限额以下小型建设工程管理办法》的通知,普府办〔2018〕22号,上海市普陀区人民政府办公室,2018-05-29,有效,统一政策发布平台,https://www.shanghai.gov.cn/zhengce/detail/0075::007589969,docs/工程建设管理/上海市普陀区人民政府办公室关于转发区建管委制定的《普陀区限额以下小型建设工程管理办法》的通知.md
工程建设管理,实施意见,市级,上海市人民政府办公厅印发关于进一步改进和优化市重大工程建设项目前期工作实施意见的通知,沪府办发〔2017〕64号,上海市人民政府办公厅,2017-10-24,有效,统一政策发布平台,https://www.shanghai.gov.cn/zhengce/detail/0001::0001-12344_54076,
工程建设管理,办法,街镇级,月浦镇关于建设工程安全文明施工的实施办法（试行）,宝月府〔2017〕108号,上海市宝山区月浦镇人民政府,2017-10-31,有效,统一政策发布平台,https://www.shanghai.gov.cn/zhengce/detail/0078::775763ea-c3c1-4e89-b1a3-d2290be11086,docs/工程建设管理/月浦镇关于建设工程安全文明施工的实施办法（试行）.md
工程建设管理,通知公告,市级,关于在沪施工企业外来从业人员参加本市城镇职工基本社会保险若干问题的通知,沪人社规〔2017〕5号,上海市人力资源和社会保障局,2017-03-29,有效,统一政策发布平台,https://www.shanghai.gov.cn/zhengce/detail/0035::t0035_1439863,
工程建设管理,办法,区级,关于印发《宝山区水利工程项目和资金管理办法》的通知,宝水务〔2016〕29号,上海市宝山区水务局,2016-02-05,有效,统一政策发布平台,https://www.shanghai.gov.cn/zhengce/detail/0078::ca0cbffc-ab58-4fb3-bbef-27f2ce80164c,docs/工程建设管理/关于印发《宝山区水利工程项目和资金管理办法》的通知.md
工程建设管理,通知公告,区级,黄浦区人民政府办公室关于印发黄浦区处置建设工程事故应急预案的通知,黄府办发〔2016〕001号,上海市黄浦区人民政府办公室,2016-01-05,有效,统一政策发布平台,https://www.shanghai.gov.cn/zhengce/detail/0071::748a0e07-0538-48c8-a08b-4920d8207780,
工程建设管理,实施细则,街镇级,关于印发《新虹街道限额以下小型建设工程管理实施细则（试行）》的通知,闵新办〔2014〕7号,上海市闵行区人民政府新虹街道办事处,2014-02-13,有效,统一政策发布平台,https://www.shanghai.gov.cn/zhengce/detail/0079::a3d57cb0-7217-4067-aac0-815205fc047f,docs/工程建设管理/关于印发《新虹街道限额以下小型建设工程管理实施细则（试行）》的通知.md
工程建设管理,实施意见,区级,浦东新区人民政府印发关于在浦东新区产业园区开展建设工程专项评估、评审改革的实施意见的通知,浦府综改〔2012〕1号,上海市浦东新区人民政府,2012-06-05,有效,统一政策发布平台,https://www.shanghai.gov.cn/zhengce/detail/0070::0070228680,
工程建设管理,政府规章,市级,上海市建设工程文明施工管理规定,,上海市人民政府,,有效,市政府规章库,https://www.shanghai.gov.cn/xxzfgzwj/20210608/9733fb9f85b84a9ebc1ceaf47ec2436a.html,docs/工程建设管理/上海市建设工程文明施工管理规定.md
工程建设管理,政府规章,市级,上海市民防工程建设和使用管理办法,,上海市人民政府,,有效,市政府规章库,https://www.shanghai.gov.cn/xxzfgzwj/20210608/f72888cca362407194a23a0c15357bdf.html,docs/工程建设管理/上海市民防工程建设和使用管理办法.md
工程建设管理,政府规章,市级,上海市建设工程抗震设防管理办法,,上海市人民政府,,有效,市政府规章库,https://www.shanghai.gov.cn/xxzfgzwj/20210608/58574eaf8c0d460f910c12c505e39a25.html,docs/工程建设管理/上海市建设工程抗震设防管理办法.md
工程建设管理,政府规章,市级,上海市建设工程招标投标管理办法,,上海市人民政府,,有效,市政府规章库,https://www.shanghai.gov.cn/xxzfgzwj/20210608/f5a3b088e15349008564c76b7ca1bb99.html,docs/工程建设管理/上海市建设工程招标投标管理办法.md
工程建设管理,政府规章,市级,上海市建设工程检测管理办法,,上海市人民政府,,有效,市政府规章库,https://www.shanghai.gov.cn/xxzfgzwj/20210608/5cff8f0505464da38023a5445924a8f5.html,docs/工程建设管理/上海市建设工程检测管理办法.md
工程建设管理,政府规章,市级,上海市建设工程监理管理办法,,上海市人民政府,,有效,市政府规章库,https://www.shanghai.gov.cn/xxzfgzwj/20210608/642dcd46b5b54ee39ad73a699afcc0a6.html,docs/工程建设管理/上海市建设工程监理管理办法.md
工程建设管理,政府规章,市级,上海市建设工程施工安全监督管理办法,,上海市人民政府,,有效,市政府规章库,https://www.shanghai.gov.cn/xxzfgzwj/20210608/eac05daa7f334112b90a2e3269c7e517.html,docs/工程建设管理/上海市建设工程施工安全监督管理办法.md
工程建设管理,规划与计划,区级,虹口区绿色低碳产业发展“十五五”规划,,上海市虹口区发展和改革委员会,,有效,统一政策发布平台,https://www.shanghai.gov.cn/zhengce/detail/0076::44ddac9c-fd00-4b4a-8414-cbd0a79525af,
工程建设管理,通知公告,区级,关于开展2026年度第二批服务业发展引导资金项目申报工作的通知,,上海市金山区发展和改革委员会,,有效,统一政策发布平台,https://www.shanghai.gov.cn/zhengce/detail/0081::00818886,
工程建设管理,通知公告,区级,关于组织开展普陀区2026年度第二批市服务业发展引导资金项目申报工作的通知,,上海市普陀区发展和改革委员会,,有效,统一政策发布平台,https://www.shanghai.gov.cn/zhengce/detail/0075::0075204036,
工程建设管理,通知公告,区级,关于开展2026年度第二批上海市服务业发展引导资金项目申报工作的通知,,上海市长宁区发展和改革委员会,,有效,统一政策发布平台,https://www.shanghai.gov.cn/zhengce/detail/0074::007481718,
工程建设管理,规划与计划,区级,上海市普陀区国民经济和社会发展第十五个五年规划纲要,,上海市普陀区发展和改革委员会,,有效,统一政策发布平台,https://www.shanghai.gov.cn/zhengce/detail/0075::0075202385,
工程建设管理,规划与计划,区级,浦东新区国民经济和社会发展第十五个五年规划纲要,,上海市浦东新区发展和改革委员会,,有效,统一政策发布平台,https://www.shanghai.gov.cn/zhengce/detail/0070::0070352863,
工程建设管理,规划与计划,区级,虹口区国民经济和社会发展 第十五个五年规划纲要,,上海市虹口区发展和改革委员会,,有效,统一政策发布平台,https://www.shanghai.gov.cn/zhengce/detail/0076::2a1eeb0a-96d7-428d-b660-84588cd03cac,
工程建设管理,规划与计划,区级,《上海市长宁区国民经济和社会发展第十五个五年规划纲要》,,上海市长宁区发展和改革委员会,,有效,统一政策发布平台,https://www.shanghai.gov.cn/zhengce/detail/0074::007480816,
工程建设管理,规划与计划,区级,上海市宝山区国民经济和社会发展第十五个五年规划纲要,,上海市宝山区发展和改革委员会,,有效,统一政策发布平台,https://www.shanghai.gov.cn/zhengce/detail/0078::0d3ae99d-b6d5-466e-97ae-e882c2d83e46,
工程建设管理,实施意见,区级,上海市徐汇区人民政府办公室关于转发区商务委制订的《徐汇区关于进一步推进早餐工程建设的实施意见》的通知,,上海市徐汇区人民政府办公室,,失效,统一政策发布平台,https://www.shanghai.gov.cn/zhengce/detail/0073::0073284633,
消防与人防,规划与计划,区级,上海市普陀区安全生产委员会关于印发《上海市普陀区消防事业发展 “十五五”规划》的通知,普安委〔2026〕7号,上海市普陀区应急管理局,2026-08-22,有效,统一政策发布平台,https://www.shanghai.gov.cn/zhengce/detail/0075::0075206183,
消防与人防,通知公告,市级,上海市消防救援局关于延长《上海市消防救援总队关于本市公众聚集场所投入使用营业前消防安全分类分级检查实行告知承诺管理的通知》有效期的通知,沪消规〔2026〕2号,上海市消防救援总队,2026-06-29,有效,统一政策发布平台,https://www.shanghai.gov.cn/zhengce/detail/5b61c6917fac40fe9d080d621ca8be64::6fd7c7c8cf7c4e08afa583fd353558bb,
消防与人防,规定,市级,关于印发《上海市人民防空工程档案管理规定》的通知,沪国动规〔2026〕2号,上海市国防动员办公室,2026-06-11,有效,统一政策发布平台,https://www.shanghai.gov.cn/zhengce/detail/0026::ad371e463ee241f48278e5a0a72daf47,docs/消防与人防/关于印发《上海市人民防空工程档案管理规定》的通知.md
消防与人防,通知公告,市级,上海市消防救援局关于印发《上海市消防安全领域依法不予行政处罚清单》的通知,沪消规〔2026〕1号,上海市消防救援总队,2026-01-13,有效,统一政策发布平台,https://www.shanghai.gov.cn/zhengce/detail/5b61c6917fac40fe9d080d621ca8be64::69e8189c389d492c92d9fccdf985c9a5,
消防与人防,实施意见,市级,上海市消防救援总队关于印发《进一步提升消防技术服务机构监管质效的若干措施》的通知,沪消〔2026〕43号,上海市消防救援总队,2026-04-02,有效,统一政策发布平台,https://www.shanghai.gov.cn/zhengce/detail/5b61c6917fac40fe9d080d621ca8be64::0803449f2c3146ff8be41aa942786388,
消防与人防,实施意见,区级,关于印发《2026年虹口区为老旧小区内既有的40个电动自行车集中充电（停放）场所加装消防设施的消防为民办实事项目实施方案》的通知,虹应急〔2026〕2号,上海市虹口区应急管理局,2026-02-26,有效,统一政策发布平台,https://www.shanghai.gov.cn/zhengce/detail/0076::6b31f6975fb1430d9a76fb435f8aed34,
消防与人防,规定,区级,黄浦区人民政府办公室关于印发《黄浦区地下空间安全使用监督检查管理规定》的通知,黄府办发〔2025〕7号,上海市黄浦区人民政府办公室,2025-12-31,有效,统一政策发布平台,https://www.shanghai.gov.cn/zhengce/detail/0071::9da8ed78-9de8-436a-b7b2-1c477a03df8b,docs/消防与人防/黄浦区人民政府办公室关于印发《黄浦区地下空间安全使用监督检查管理规定》的通知.md
消防与人防,办法,市级,关于印发《上海市人民防空工程防护设备检验检测管理办法》的通知,沪国动规〔2025〕5号,上海市国防动员办公室,2025-12-30,有效,统一政策发布平台,https://www.shanghai.gov.cn/zhengce/detail/0026::2ece4cf42c6d44a9942cbe9cdff5a295,docs/消防与人防/关于印发《上海市人民防空工程防护设备检验检测管理办法》的通知.md
消防与人防,办法,区级,关于印发《上海市普陀区应急避难场所管理办法（试行）》的通知,普应急〔2025〕26号,上海市普陀区应急管理局,2025-12-31,有效,统一政策发布平台,https://www.shanghai.gov.cn/zhengce/detail/0075::0075201017,docs/消防与人防/关于印发《上海市普陀区应急避难场所管理办法（试行）》的通知.md
消防与人防,通知公告,市级,关于印发《关于做好本市政府专职消防员落户等工作的意见》的通知,沪发改规范〔2025〕14号,上海市发展和改革委员会,2025-12-22,有效,统一政策发布平台,https://www.shanghai.gov.cn/zhengce/detail/0025::c453d65db9e74dd5894f55ad38f99bd5,
消防与人防,规定,市级,上海市消防救援局关于印发《上海市消防安全领域行政处罚裁量权基准适用规定》的通知,沪消规〔2025〕3号,上海市消防救援总队,2025-12-10,有效,统一政策发布平台,https://www.shanghai.gov.cn/zhengce/detail/5b61c6917fac40fe9d080d621ca8be64::9820f152185b44688230e649fa0337db,docs/消防与人防/上海市消防救援局关于印发《上海市消防安全领域行政处罚裁量权基准适用规定》的通知.md
消防与人防,办法,市级,关于印发《上海市人民防空领域行政处罚裁量基准实施办法（2025版）》的通知,沪国动规〔2025〕3号,上海市国防动员办公室,2025-12-05,有效,统一政策发布平台,https://www.shanghai.gov.cn/zhengce/detail/0026::e4bb3d835cca4fe0867e34f824fd185b,docs/消防与人防/关于印发《上海市人民防空领域行政处罚裁量基准实施办法（2025版）》的通知.md
消防与人防,通知公告,街镇级,关于印发《江桥镇地下空间突发事件应急预案》的通知,嘉江府发〔2025〕7号,上海市嘉定区江桥镇人民政府,2025-11-05,有效,统一政策发布平台,https://www.shanghai.gov.cn/zhengce/detail/0080::5_192806,
消防与人防,办法,市级,关于印发《上海市人民防空防护设备管理实施办法》的通知,沪国动规〔2025〕2号,上海市国防动员办公室,2025-10-30,有效,统一政策发布平台,https://www.shanghai.gov.cn/zhengce/detail/0026::440927b062ec48fd842de526e6fc53d1,docs/消防与人防/关于印发《上海市人民防空防护设备管理实施办法》的通知.md
消防与人防,通知公告,区级,上海嘉定工业区管理委员会关于印发《嘉定工业区地下空间突发事件应急预案》的通知,嘉工管委发〔2025〕9号,上海市嘉定区嘉定工业区管委会,2025-10-12,有效,统一政策发布平台,https://www.shanghai.gov.cn/zhengce/detail/0080::5_192128,
消防与人防,通知公告,市级,关于进一步加强本市养老服务机构消防安全工作的通知,沪民养老发〔2025〕11号,上海市民政局,2025-08-14,有效,统一政策发布平台,https://www.shanghai.gov.cn/zhengce/detail/0034::c32e0b4460ef495b9fa0985b19fa5ba7,
消防与人防,通知公告,市级,上海市消防救援局关于推进消防设施物联网系统联网工作的通知,沪消规〔2025〕2号,上海市消防救援总队,2025-08-05,有效,统一政策发布平台,https://www.shanghai.gov.cn/zhengce/detail/5b61c6917fac40fe9d080d621ca8be64::706028affc704917b62dd8ee1677adab,
消防与人防,通知公告,市级,关于印发《上海市人民防空领域轻微违法行为依法不予行政处罚清单》的通知,沪国动规〔2025〕1号,上海市国防动员办公室,2025-07-30,有效,统一政策发布平台,https://www.shanghai.gov.cn/zhengce/detail/0026::6f2651e58ab649bf85e5d861425e4e9b,
消防与人防,通知公告,区级,上海市嘉定区人民政府办公室关于转发《上海市嘉定区突发事件人员转移安置和应急避难场所启用预案》的通知,嘉府办发〔2025〕10号,上海市嘉定区人民政府办公室,2025-07-10,有效,统一政策发布平台,https://www.shanghai.gov.cn/zhengce/detail/0080::5_189784,
消防与人防,办法,区级,关于印发《虹口区安全生产和消防安全隐患举报奖励实施办法（试行）》的通知,虹应急规〔2025〕1号,上海市虹口区应急管理局,2025-05-28,有效,统一政策发布平台,https://www.shanghai.gov.cn/zhengce/detail/0076::0ebaf50f-9fd0-468d-9588-a282ec69cedf,docs/消防与人防/关于印发《虹口区安全生产和消防安全隐患举报奖励实施办法（试行）》的通知.md
消防与人防,通知公告,区级,关于印发《虹口区地震应急预案》《虹口区突发事件人员转移安置和应急避难场所启用预案》的通知,虹应急〔2025〕2号,上海市虹口区应急管理局,2025-01-15,有效,统一政策发布平台,https://www.shanghai.gov.cn/zhengce/detail/0076::1a78891a-023c-4fa9-9b25-a73b73d3187f,
消防与人防,通知公告,市级,上海市消防救援局关于修改《上海市消防安全重点单位界定标准》的通知,沪消规〔2025〕1号,上海市消防救援总队,2025-01-09,有效,统一政策发布平台,https://www.shanghai.gov.cn/zhengce/detail/5b61c6917fac40fe9d080d621ca8be64::5533b3979de047db99120ad9115f29d5,
消防与人防,实施意见,区级,上海市青浦区人民政府办公室关于印发《关于进一步加强本区公共消防安全工作的实施方案》的通知,青府办发〔2024〕29号,上海市青浦区人民政府办公室,2024-12-23,有效,统一政策发布平台,https://www.shanghai.gov.cn/zhengce/detail/0083::00831273433,
消防与人防,通知公告,区级,关于印发《上海市崇明区地下空间突发事件应急预案》的通知,沪崇建管〔2024〕77号,上海市崇明区建设和管理委员会,2024-11-28,有效,统一政策发布平台,https://www.shanghai.gov.cn/zhengce/detail/0085::test_b304ef6e-2a82-4e3a-97b0-ecc5895316f9,
消防与人防,实施意见,区级,黄浦区人民政府办公室印发《关于进一步加强本区城市公共消防安全工作的实施意见》的通知,黄府办发〔2024〕7号,上海市黄浦区人民政府办公室,2024-10-08,有效,统一政策发布平台,https://www.shanghai.gov.cn/zhengce/detail/0071::8a7dd76c-0964-44eb-9a94-587322f644ca,
消防与人防,通知公告,区级,上海市崇明区应急管理局关于印发本区突发事件人员转移安置和应急避难场所启用预案的通知,沪崇应急〔2024〕28号,上海市崇明区应急管理局,2024-08-27,有效,统一政策发布平台,https://www.shanghai.gov.cn/zhengce/detail/0085::test_e5096a2c-c8b3-47b3-9273-5ff89ecbb873,
消防与人防,通知公告,市级,关于印发《本市养老机构消防安全典型问题清单》推动积极整改的通知,沪民养老发〔2024〕11号,上海市民政局,2024-08-09,有效,统一政策发布平台,https://www.shanghai.gov.cn/zhengce/detail/0034::6e990173aca04412834ef89c007951c0,
消防与人防,规定,市级,关于印发《上海市重点地区人民防空工程统筹建设管理规定》的通知,沪国动规〔2024〕1号,上海市国防动员办公室,2024-07-03,有效,统一政策发布平台,https://www.shanghai.gov.cn/zhengce/detail/0026::2da5ce7e92df467089da954e28784c5a,docs/消防与人防/关于印发《上海市重点地区人民防空工程统筹建设管理规定》的通知.md
消防与人防,其他,市级,上海市人民政府办公厅关于进一步加强本市城市公共消防安全工作的意见,沪府办规〔2024〕6号,上海市人民政府办公厅,2024-06-28,有效,统一政策发布平台,https://www.shanghai.gov.cn/zhengce/detail/0001::87358dbfa32341c792f12ba3c85588b8,
消防与人防,规定,区级,关于全面贯彻落实《中小学校、幼儿园消防安全十项规定》的通知,闵教字〔2024〕105号,上海市闵行区教育局,2024-06-25,有效,统一政策发布平台,https://www.shanghai.gov.cn/zhengce/detail/0079::4e0d93ca-4eba-418b-9a16-e100051d7300,docs/消防与人防/关于全面贯彻落实《中小学校、幼儿园消防安全十项规定》的通知.md
消防与人防,通知公告,街镇级,关于印发《建设长寿路街道“微型消防站”的 项目方案》的通知,长街办〔2024〕22号,上海市普陀区人民政府长寿路街道办事处,2024-06-15,有效,统一政策发布平台,https://www.shanghai.gov.cn/zhengce/detail/0075::0075190270,
消防与人防,通知公告,市级,上海市应急管理局关于印发上海市突发事件人员转移安置和应急避难场所启用预案的通知,沪应急应对〔2024〕31号,上海市应急管理局,2024-04-17,有效,统一政策发布平台,https://www.shanghai.gov.cn/zhengce/detail/0037::97272e3f0e684857bb8b11a5d9c9a7ff,
消防与人防,通知公告,市级,上海市人民政府办公厅关于同意《上海市突发事件人员转移安置和应急避难场所启用预案》的通知,沪府办〔2024〕14号,上海市人民政府办公厅,2024-04-07,有效,统一政策发布平台,https://www.shanghai.gov.cn/zhengce/detail/0001::abd16120d5bf41f6a84304a30e8b4267,
消防与人防,通知公告,市级,关于印发《上海市既有建筑改造工程消防技术指南》的通知,沪建质安联〔2024〕37号,上海市住房和城乡建设管理委员会,2024-02-12,有效,统一政策发布平台,https://www.shanghai.gov.cn/zhengce/detail/0011::cd23fa61ae8140ecaefe3cc865ce46f4,
消防与人防,办法,市级,上海市应急管理局 上海市统计局 上海市公安局 上海市住房和城乡建设管理委员会 上海市交通委员会 上海市农业农村委员会 上海市卫生健康委员会 上海市市场监督管理局 上海市消防救援总队 上海海事局 上海铁路监管局 民航华东管理局关于印发上海市生产安全事故统计工作办法的通知,沪应急调查〔2024〕7号,上海市应急管理局,2024-01-23,有效,统一政策发布平台,https://www.shanghai.gov.cn/zhengce/detail/0037::bf791582a133444cb79d6c6a7b613367,docs/消防与人防/上海市应急管理局 上海市统计局 上海市公安局 上海市住房和城乡建设管理委员会 上海市交通委员会 上海.md
消防与人防,规定,区级,浦东新区人民政府关于印发《浦东新区人防工程管理若干规定》的通知,浦府管规〔2023〕6号,上海市浦东新区人民政府,2023-12-27,有效,统一政策发布平台,https://www.shanghai.gov.cn/zhengce/detail/0070::0070321504,docs/消防与人防/浦东新区人民政府关于印发《浦东新区人防工程管理若干规定》的通知.md
消防与人防,通知公告,市级,上海市消防救援总队关于印发《上海市消防安全重点单位界定标准》的通知,沪消规〔2023〕1号,上海市消防救援总队,2023-12-25,有效,统一政策发布平台,https://www.shanghai.gov.cn/zhengce/detail/5b61c6917fac40fe9d080d621ca8be64::19205f6c7fbf45c5b679b345b95fdad3,
消防与人防,办法,区级,黄浦区人民政府关于印发修订后的《黄浦区退出序列公用人民防空工程隐患整治管理办法》的通知,黄府规〔2023〕7号,上海市黄浦区人民政府,2023-12-19,有效,统一政策发布平台,https://www.shanghai.gov.cn/zhengce/detail/0071::25562ed7-919d-4994-a85c-12e8e2dc66df,docs/消防与人防/黄浦区人民政府关于印发修订后的《黄浦区退出序列公用人民防空工程隐患整治管理办法》的通知.md
消防与人防,规定,市级,关于印发《上海市人民防空行业经营主体信用监管规定》的通知,沪国动规〔2023〕4号,上海市国防动员办公室,2023-12-15,有效,统一政策发布平台,https://www.shanghai.gov.cn/zhengce/detail/0026::601fccf5887c455a910a97dbe4bc5425,docs/消防与人防/关于印发《上海市人民防空行业经营主体信用监管规定》的通知.md
消防与人防,实施意见,市级,上海市人民政府办公厅印发《关于进一步加强本市消防基础设施建设的实施意见》的通知,沪府办规〔2023〕22号,上海市人民政府办公厅,2023-09-25,有效,统一政策发布平台,https://www.shanghai.gov.cn/zhengce/detail/0001::f8c790e9ecc448cd95b4773fdbbd8739,
消防与人防,实施意见,市级,关于印发《关于加强养老机构消防安全标准化管理的实施意见》的通知,沪民养老发〔2023〕11号,上海市民政局,2023-08-23,有效,统一政策发布平台,https://www.shanghai.gov.cn/zhengce/detail/0034::d31db2519b884e019f844030deb817a1,
消防与人防,通知公告,市级,上海市人民政府办公厅关于同意修订后的《上海市地下空间突发事件应急预案》的通知,沪府办〔2023〕11号,上海市人民政府,2023-03-28,有效,统一政策发布平台,https://www.shanghai.gov.cn/zhengce/detail/0001::971b0216c215429aa26a9266bfd0e94e,
消防与人防,办法,市级,市交通委、市发展改革委、市住房城乡建设管理委、市经济信息化委、市房屋管理局、市公安局、市消防救援总队关于印发《上海市居民小区电动汽车充电设施建设管理办法》的通知,沪交行规〔2023〕3号,上海市交通委员会,2023-04-12,有效,统一政策发布平台,https://www.shanghai.gov.cn/zhengce/detail/0010::7cf5ffbfd2fe4f04b36025bc2d484b80,docs/消防与人防/市交通委、市发展改革委、市住房城乡建设管理委、市经济信息化委、市房屋管理局、市公安局、市消防救援总队.md
消防与人防,实施意见,区级,关于印发《关于推进奉贤区文物建筑消防安全标准化建设工作的实施方案》的通知,沪奉文物〔2023〕8号,上海市奉贤区文化和旅游局,2023-04-12,有效,统一政策发布平台,https://www.shanghai.gov.cn/zhengce/detail/0084::0084i20230510-bb8z5qk0r1duzflpwh,
消防与人防,实施意见,区级,黄浦区人民政府办公室印发《黄浦区关于加强基层消防安全综合治理工作的实施意见》的通知,黄府办发〔2023〕5号,上海市黄浦区人民政府办公室,2023-03-13,有效,统一政策发布平台,https://www.shanghai.gov.cn/zhengce/detail/0071::3ad18cf5-28a2-47ca-b8ab-331f0c3508e6,
消防与人防,办法,市级,市交通委、市发展改革委、市道路运输局、 市公安局、市消防救援总队关于印发《上海市公共停车场（库）充电设施建设管理办法》的通知,沪交行规〔2023〕1号,上海市交通委员会,2023-02-15,有效,统一政策发布平台,https://www.shanghai.gov.cn/zhengce/detail/0010::352f94bfa17e47aa9b17da38e1458261,docs/消防与人防/市交通委、市发展改革委、市道路运输局、 市公安局、市消防救援总队关于印发《上海市公共停车场（库）充电.md
消防与人防,实施意见,区级,上海市崇明区人民政府办公室关于印发《关于切实加强本区基层消防安全综合治理建设工作的实施意见》的通知,沪崇府办发〔2023〕3号,上海市崇明区人民政府办公室,2023-01-13,有效,统一政策发布平台,https://www.shanghai.gov.cn/zhengce/detail/0085::79d03579-980f-4392-833e-9ca6f391aa53,
消防与人防,实施意见,区级,关于转发区消防救援支队制定的《杨浦区加强基层消防安全综合治理工作的实施意见》的通知,杨府办发〔2022〕12号,上海市杨浦区人民政府办公室,2022-11-29,有效,统一政策发布平台,https://www.shanghai.gov.cn/zhengce/detail/0077::007766345beb1856665c1d3217bdb40500a1,
消防与人防,审查与许可规则,市级,关于开展上海市宗教活动场所消防安全管理标准化达标验收工作的通知,沪民宗发〔2022〕45号,上海市民族和宗教事务局,2022-11-25,有效,统一政策发布平台,https://www.shanghai.gov.cn/zhengce/detail/0007::ad71715a27e14fc981d134cf8cefcb76,docs/消防与人防/关于开展上海市宗教活动场所消防安全管理标准化达标验收工作的通知.md
消防与人防,通知公告,市级,上海市生态环境局 上海市消防救援总队关于推动本市消防行业淘汰含PFOS泡沫产品的通知,沪环土〔2022〕200号,上海市生态环境局,2022-11-11,有效,统一政策发布平台,https://www.shanghai.gov.cn/zhengce/detail/0024::66114610d5664c0baa532bb30a5ae93b,
消防与人防,规定,市级,关于印发《上海市民防工程使用和维护管理规定》的通知,沪民防规〔2022〕1号,上海市民防办公室,2022-10-28,有效,统一政策发布平台,https://www.shanghai.gov.cn/zhengce/detail/0026::abdf24dc5b39422bbfa8a7953279c85b,docs/消防与人防/关于印发《上海市民防工程使用和维护管理规定》的通知.md
消防与人防,通知公告,市级,上海市消防救援总队关于提高本市建筑消防设施物联网系统联网质量的通知,沪消规〔2022〕2号,上海市消防救援总队,2022-10-13,有效,统一政策发布平台,https://www.shanghai.gov.cn/zhengce/detail/5b61c6917fac40fe9d080d621ca8be64::57c42a232c444b728e27c98ea9ae7fcb,
消防与人防,通知公告,市级,关于印发《上海市公安局关于对部分消防安全违法行为实施处罚的裁量基准》的通知,沪公行规〔2022〕2号,上海市公安局,2022-08-02,有效,统一政策发布平台,https://www.shanghai.gov.cn/zhengce/detail/0033::GKXX-20220812083722941-12082,
消防与人防,实施意见,区级,上海市奉贤区人民政府办公室关于印发《奉贤区关于进一步推进应急避难场所建设的实施方案》的通知,沪奉府办发〔2022〕090号,上海市奉贤区人民政府,2022-08-04,有效,统一政策发布平台,https://www.shanghai.gov.cn/zhengce/detail/0084::00848d8b69608aca3c70fd9650f3031f9123,
消防与人防,实施意见,街镇级,关于印发《古美路街道加强独居老人消防安全工作实施方案》的通知,闵古办〔2022〕20号,上海市闵行区人民政府古美路街道办事处,2022-07-20,有效,统一政策发布平台,https://www.shanghai.gov.cn/zhengce/detail/0079::4CA63A12-3697-11ED-B24C-394F7B1B5E97,
消防与人防,实施意见,区级,上海市宝山区人民政府办公室转发区消防救援支队制订的《关于深化基层消防安全综合治理工作的实施意见》的通知,宝府办〔2022〕19号,上海市宝山区人民政府办公室,2022-07-10,有效,统一政策发布平台,https://www.shanghai.gov.cn/zhengce/detail/0078::3cd350ca-222b-4ea5-82df-4e61a46c53e8,
消防与人防,通知公告,市级,关于深刻汲取江苏镇江建筑工地“3·8”火灾事故教训进一步加强施工现场消防安全管理工作的通知,沪建质安〔2022〕159号,上海市住房和城乡建设管理委员会,2022-03-09,有效,统一政策发布平台,https://www.shanghai.gov.cn/zhengce/detail/0011::6503b352c05b4b92a269b52b55d4a663,
消防与人防,通知公告,市级,上海市市场监督管理局 上海市消防救援总队关于建立电动自行车火灾事故调查联动机制的通知,沪市监产质〔2022〕22号,上海市市场监督管理局,2022-01-11,有效,统一政策发布平台,https://www.shanghai.gov.cn/zhengce/detail/0019::2c9bf2f67e582626017e70f51ff46888,
消防与人防,通知公告,市级,上海市住房和城乡建设管理委员会关于批准发布《上海市民防工程概算定额（SHA7-21-2021）》和《上海市水利工程概算定额（SHR1-21-2021）》的通知,沪建标定〔2021〕497号,上海市住房和城乡建设管理委员会,2021-07-29,有效,统一政策发布平台,https://www.shanghai.gov.cn/zhengce/detail/0011::c94cfe73c31f458a8b3b388cb750d7b5,
消防与人防,实施意见,市级,上海市市场监督管理局关于深化本市电动自行车消防安全综合治理的实施意见,沪市监产质〔2021〕639号,上海市市场监督管理局,2021-12-20,有效,统一政策发布平台,https://www.shanghai.gov.cn/zhengce/detail/0019::2c9bf2f67dc7dcee017deb8e5fdf31dd,
消防与人防,办法,市级,上海市住房和城乡建设管理委员会关于延长《上海市市政（公路）公用设施抗震设防专项论证管理办法》有效期的通知,沪建法规〔2021〕832号,上海市住房和城乡建设管理委员会,2021-12-20,有效,统一政策发布平台,https://www.shanghai.gov.cn/zhengce/detail/0011::a18327ecf099411093d1934550252c51,docs/消防与人防/上海市住房和城乡建设管理委员会关于延长《上海市市政（公路）公用设施抗震设防专项论证管理办法》有效期的.md
消防与人防,审查与许可规则,市级,上海市住房和城乡建设管理委员会关于公布上海市超限高层建筑工程抗震设防审查专家委员会名单（2022-2026年）的通知,沪建综规〔2021〕801号,上海市住房和城乡建设管理委员会,2021-12-06,有效,统一政策发布平台,https://www.shanghai.gov.cn/zhengce/detail/0011::3ab057d967cf4c23ab14ca963f37be64,docs/消防与人防/上海市住房和城乡建设管理委员会关于公布上海市超限高层建筑工程抗震设防审查专家委员会名单（2022-2.md
消防与人防,规定,市级,关于印发《上海公安机关消防监督执法工作规定》的通知,沪公通字〔2021〕87号,上海市公安局,2021-09-26,有效,统一政策发布平台,https://www.shanghai.gov.cn/zhengce/detail/0033::GKXX-20211102094919777--2609,docs/消防与人防/关于印发《上海公安机关消防监督执法工作规定》的通知.md
消防与人防,实施细则,市级,关于印发《上海市民防工程使用备案管理实施细则》的通知,沪民防规〔2021〕5号,上海市民防办公室,2021-10-21,有效,统一政策发布平台,https://www.shanghai.gov.cn/zhengce/detail/0026::64084b123d8a4371b9ecaab3d4b16f9c,docs/消防与人防/关于印发《上海市民防工程使用备案管理实施细则》的通知.md
消防与人防,实施意见,市级,上海市安全生产委员会办公室印发关于推进上海市轨道交通车站与毗邻建筑消防安全“三联机制”工作的实施意见的通知,沪安委办〔2021〕30号,上海市安全生产委员会办公室,2021-09-14,有效,统一政策发布平台,https://www.shanghai.gov.cn/zhengce/detail/0037::5ed3785f3bb74af198a8e39b7e78de18,
消防与人防,通知公告,市级,关于印发《本市公安机关行使有关消防行政处罚权事项清单》的通知,沪公行规〔2021〕7号,上海市公安局,2021-08-27,有效,统一政策发布平台,https://www.shanghai.gov.cn/zhengce/detail/0033::GKXX-20210907084806321--5667,
消防与人防,规划与计划,区级,黄浦区人民政府办公室关于印发黄浦区消防事业发展“十四五”规划的通知,黄府办发〔2021〕21号,上海市黄浦区人民政府办公室,2021-06-28,有效,统一政策发布平台,https://www.shanghai.gov.cn/zhengce/detail/0071::7e5df959-8032-41b1-9778-760498b1ac71,
消防与人防,通知公告,市级,上海市消防救援总队关于本市公众聚集场所投入使用营业前消防安全分类分级检查实行告知承诺管理的通知,沪消规〔2021〕3号,上海市消防救援总队,2021-06-09,有效,统一政策发布平台,https://www.shanghai.gov.cn/zhengce/detail/5b61c6917fac40fe9d080d621ca8be64::77c0fad5cad64671ac5db4361bba0cf4,
消防与人防,规划与计划,其他,关于印发《关于推进临港新片区民防工程统筹规划建设的实施意见（试行）》的通知,沪自贸临管委〔2021〕393号,中国（上海）自由贸易试验区临港新片区管理委员会,2021-05-17,有效,统一政策发布平台,https://www.shanghai.gov.cn/zhengce/detail/0058::00628d8602024fadb8a1312e3922b6b4,
消防与人防,技术规定与导则,其他,中国（上海）自由贸易试验区临港新片区管理委员会关于印发《临港新片区地下空间规划设计导则（试行）》的通知,沪自贸临管委〔2020〕922号,中国（上海）自由贸易试验区临港新片区管理委员会,2020-11-11,有效,统一政策发布平台,https://www.shanghai.gov.cn/zhengce/detail/0058::b88352e4c5524690b688dfbe255e3a16,docs/消防与人防/中国（上海）自由贸易试验区临港新片区管理委员会关于印发《临港新片区地下空间规划设计导则（试行）》的通.md
消防与人防,实施细则,区级,上海市长宁区人民政府办公室关于转发区消防救援支队制订的《长宁区消防安全责任制实施细则》的通知,长府办〔2020〕75号,上海市长宁区政府办公室,2020-11-02,有效,统一政策发布平台,https://www.shanghai.gov.cn/zhengce/detail/0074::007452622,docs/消防与人防/上海市长宁区人民政府办公室关于转发区消防救援支队制订的《长宁区消防安全责任制实施细则》的通知.md
消防与人防,办法,区级,上海市奉贤区人民政府办公室关于印发《奉贤区消防安全责任制实施办法》的通知,沪奉府办发〔2020〕20号,上海市奉贤区人民政府,2020-08-26,有效,统一政策发布平台,https://www.shanghai.gov.cn/zhengce/detail/0084::0084a2772a57797589e1cdfd76a8c9726ab2,docs/消防与人防/上海市奉贤区人民政府办公室关于印发《奉贤区消防安全责任制实施办法》的通知.md
消防与人防,实施细则,区级,关于印发《松江区消防安全责任制实施细则》的通知,沪松府〔2020〕216号,上海市松江区人民政府,2020-08-05,有效,统一政策发布平台,https://www.shanghai.gov.cn/zhengce/detail/0082::8425fc46-8002-416a-b819-f7caf81c6e5a,docs/消防与人防/关于印发《松江区消防安全责任制实施细则》的通知.md
消防与人防,办法,区级,上海市崇明区人民政府关于印发上海市崇明区消防安全责任制实施办法的通知,沪崇府规〔2020〕2号,上海市崇明区人民政府办公室,2020-07-31,有效,统一政策发布平台,https://www.shanghai.gov.cn/zhengce/detail/0085::59e19ae2-f4b0-40d3-a1c1-ee7be5671a90,docs/消防与人防/上海市崇明区人民政府关于印发上海市崇明区消防安全责任制实施办法的通知.md
消防与人防,实施细则,区级,中共黄浦区委办公室  黄浦区人民政府办公室关于印发《黄浦区消防安全责任制实施细则》的通知,,中共上海市黄浦区委办公室 上海市黄浦区人民政府办公室,2020-06-02,有效,统一政策发布平台,https://www.shanghai.gov.cn/zhengce/detail/0071::28b5ee78-1df3-43f3-8476-d129df588962,docs/消防与人防/中共黄浦区委办公室 黄浦区人民政府办公室关于印发《黄浦区消防安全责任制实施细则》的通知.md
消防与人防,规划与计划,区级,上海市静安区人民政府办公室关于转发区消防支队《静安区消防救援发展三年行动计划（2019—2021）》的通知,静府办发〔2019〕10号,上海市静安区人民政府办公室,2019-08-21,有效,统一政策发布平台,https://www.shanghai.gov.cn/zhengce/detail/0072::1ea1178b-aae5-4a85-b0e7-05350dc7fdb6,
消防与人防,通知公告,区级,金山区人民政府办公室关于转发《金山区关于进一步加强公共消防安全工作的意见》的通知,金府办发〔2019〕24号,上海市金山区人民政府办公室,2019-08-16,有效,统一政策发布平台,https://www.shanghai.gov.cn/zhengce/detail/0081::0081002c89afec9dc2181c0f8bd01cf7f548,
消防与人防,通知公告,区级,上海市长宁区人民政府办公室印发《关于进一步加强长宁区公共消防安全的工作意见》的通知,长府办〔2019〕33号,上海市长宁区政府办公室,2019-07-25,有效,统一政策发布平台,https://www.shanghai.gov.cn/zhengce/detail/0074::007426503,
消防与人防,通知公告,区级,上海市宝山区人民政府办公室关于转发区消防支队制订的《宝山区关于进一步加强城市公共消防安全的工作意见》 的通知,宝府办〔2019〕40号,上海市宝山区人民政府办公室,2019-07-17,有效,统一政策发布平台,https://www.shanghai.gov.cn/zhengce/detail/0078::2b9ae92e-8b89-4ed3-bfce-b9d0699f1a8c,
消防与人防,实施意见,区级,上海市崇明区人民政府办公室转发区消防安全委员会制定的《上海市崇明区高层建筑消防安全综合治理工作方案》的通知,沪崇府办发〔2017〕39号,上海市崇明区人民政府办公室,2017-09-07,有效,统一政策发布平台,https://www.shanghai.gov.cn/zhengce/detail/0085::4cbe289b-0bea-46ff-a05f-dd78d92ee1a4,
消防与人防,规划与计划,区级,上海市普陀区人民政府关于印发《普陀区消防“十三五”规划》的通知,普府〔2016〕123号,上海市普陀区人民政府,2016-10-25,有效,统一政策发布平台,https://www.shanghai.gov.cn/zhengce/detail/0075::007587481,
消防与人防,规划与计划,区级,黄浦区人民政府关于印发黄浦区消防“十二五”规划的通知,黄府发〔2013〕3号,上海市黄浦区人民政府办公室,2013-03-04,有效,统一政策发布平台,https://www.shanghai.gov.cn/zhengce/detail/0071::76c272cc-80e8-4155-b4e0-fe239cdffb07,
消防与人防,政府规章,市级,上海市厂房仓库消防安全管理若干规定,,上海市人民政府,,有效,市政府规章库,https://www.shanghai.gov.cn/xxzfgzwj/20260122/06cca6ab5837492b8482d2b2923540df.html,docs/消防与人防/上海市厂房仓库消防安全管理若干规定.md
消防与人防,政府规章,市级,上海市社会消防组织管理规定,,上海市人民政府,,有效,市政府规章库,https://www.shanghai.gov.cn/xxzfgzwj/20230320/7c2ee7020cb54ab4b7b4fb12ecb5278f.html,docs/消防与人防/上海市社会消防组织管理规定.md
消防与人防,政府规章,市级,上海市建筑消防设施管理规定,,上海市人民政府,,有效,市政府规章库,https://www.shanghai.gov.cn/xxzfgzwj/20220120/4d8749e73a9444199488b47a73b7de16.html,docs/消防与人防/上海市建筑消防设施管理规定.md
消防与人防,政府规章,市级,关于加强本市消防监督执法工作的决定,,上海市人民政府,,有效,市政府规章库,https://www.shanghai.gov.cn/xxzfgzwj/20210723/c2659961a3944c15a81a2a05ef2f00e4.html,docs/消防与人防/关于加强本市消防监督执法工作的决定.md
消防与人防,政府规章,市级,上海市住宅物业消防安全管理办法,,上海市人民政府,,有效,市政府规章库,https://www.shanghai.gov.cn/xxzfgzwj/20210608/d7117eb0de1346739fb05df1bcdd50ec.html,docs/消防与人防/上海市住宅物业消防安全管理办法.md
消防与人防,政府规章,市级,上海市地下空间安全使用管理办法,,上海市人民政府,,有效,市政府规章库,https://www.shanghai.gov.cn/xxzfgzwj/20210608/79368b5766cc43d49166c4188c0380fe.html,docs/消防与人防/上海市地下空间安全使用管理办法.md
消防与人防,政府规章,市级,上海市水上消防监督管理办法,,上海市人民政府,,有效,市政府规章库,https://www.shanghai.gov.cn/xxzfgzwj/20210608/2eebfd59977e4e3b991b41148b6fcf01.html,docs/消防与人防/上海市水上消防监督管理办法.md
消防与人防,政府规章,市级,上海市露天仓库消防安全管理规定,,上海市人民政府,,有效,市政府规章库,https://www.shanghai.gov.cn/xxzfgzwj/20210608/0e86d6e595464b34a127a8757ef4efad.html,docs/消防与人防/上海市露天仓库消防安全管理规定.md
消防与人防,实施细则,区级,上海市徐汇区人民政府办公室关于印发《徐汇区消防安全责任制实施细则》的通知,,上海市徐汇区人民政府办公室,,失效,统一政策发布平台,https://www.shanghai.gov.cn/zhengce/detail/0073::0073284634,docs/消防与人防/上海市徐汇区人民政府办公室关于印发《徐汇区消防安全责任制实施细则》的通知.md
房屋与住房,通知公告,市级,上海市住房和城乡建设管理委员会等4部门关于延长《关于本市城市基础设施配套费征收标准和使用范围等有关事项的通知》有效期的通知,,上海市住房和城乡建设管理委员会,2026-07,有效,市住建委规范性文件,https://zjw.sh.gov.cn/gfxwj/20260717/62c9aded7f4e451cb5483bf680f05eee.html,
房屋与住房,办法,市级,上海市住房和城乡建设管理委员会关于印发《上海市危险性较大的分部分项工程专家论证管理办法》的通知,,上海市住房和城乡建设管理委员会,2026-04,有效,市住建委规范性文件,https://zjw.sh.gov.cn/gfxwj/20260413/9e390eb045d44070b6279050a3937279.html,docs/房屋与住房/上海市住房和城乡建设管理委员会关于印发《上海市危险性较大的分部分项工程专家论证管理办法》的通知.md
房屋与住房,通知公告,市级,上海市住房和城乡建设管理委员会关于加强本市绿色建筑全过程管理的通知,,上海市住房和城乡建设管理委员会,2026-04,有效,市住建委规范性文件,https://zjw.sh.gov.cn/gfxwj/20260413/e35458a3af5c43f2a0cd5b2f3a03a631.html,
房屋与住房,办法,市级,上海市住房和城乡建设管理委员会关于印发《上海市综合杆设施管理办法》的通知,,上海市住房和城乡建设管理委员会,2026-01,有效,市住建委规范性文件,https://zjw.sh.gov.cn/gfxwj/20260106/4db1a32d1f9c4106948e96e1b141a4df.html,docs/房屋与住房/上海市住房和城乡建设管理委员会关于印发《上海市综合杆设施管理办法》的通知.md
房屋与住房,通知公告,市级,关于推行使用《上海市物业服务合同示范文本（酬金制）》等四个示范文本的通知,沪房物业〔2026〕141号,上海市房屋管理局,2026-08-28,有效,统一政策发布平台,https://www.shanghai.gov.cn/zhengce/detail/0013::430d54e0b7a9434abb12114020daa578,
房屋与住房,通知公告,市级,上海市房屋管理局关于做好本市住宅修缮、拆除工程管理及房屋质量检测鉴定领域行政检查工作的通知,沪房更新〔2026〕140号,上海市房屋管理局,2026-09-07,有效,统一政策发布平台,https://www.shanghai.gov.cn/zhengce/detail/0013::8102f98aabd54f27b3e79f135cea64f1,
房屋与住房,办法,区级,关于印发《虹口区房屋协议置换管理办法 （试行）》的通知,虹房管〔2026〕14号,上海市虹口区住房保障和房屋管理局,2026-09-10,有效,统一政策发布平台,https://www.shanghai.gov.cn/zhengce/detail/0076::ad974e41-0fe3-4efc-bd41-25e537b9e0fd,docs/房屋与住房/关于印发《虹口区房屋协议置换管理办法 （试行）》的通知.md
房屋与住房,通知公告,区级,上海市普陀区人民政府关于同意曹杨新村地块旧城区改建房屋征收范围的批复,普府〔2026〕66号,上海市普陀区人民政府,2026-08-26,有效,统一政策发布平台,https://www.shanghai.gov.cn/zhengce/detail/0075::0075206049,
房屋与住房,规定,市级,上海市生态环境局 上海市住房城乡建设管理委 上海市交通委关于修改《上海市扬尘在线监测数据执法应用规定》的通知,沪环规〔2026〕24号,上海市生态环境局,2026-08-28,有效,统一政策发布平台,https://www.shanghai.gov.cn/zhengce/detail/0024::38bb3f6f0fac49a0bbe52ba60358f146,docs/房屋与住房/上海市生态环境局 上海市住房城乡建设管理委 上海市交通委关于修改《上海市扬尘在线监测数据执法应用规定.md
房屋与住房,通知公告,市级,关于进一步优化本市购房提取住房公积金政策的通知,沪公积金管委会〔2026〕4号,上海市住房公积金管理委员会,2026-08-20,有效,统一政策发布平台,https://www.shanghai.gov.cn/zhengce/detail/0064::d3264980afe6482085504c6a56fb41ce,
房屋与住房,通知公告,市级,关于实施“以旧换新”购房补贴有关事项的通知,沪房市场〔2026〕130号,上海市房屋管理局,2026-08-21,有效,统一政策发布平台,https://www.shanghai.gov.cn/zhengce/detail/0013::5f90ebd0ac8e480d8a7ab92c2d79f8be,
房屋与住房,通知公告,市级,关于2026年度上海市调整住房公积金缴存基数、比例以及月缴存额上下限的通知,沪公积金管委会〔2026〕3号,上海市住房公积金管理委员会,2026-08-18,有效,统一政策发布平台,https://www.shanghai.gov.cn/zhengce/detail/0064::f3d788ec72e9404ebcbf3d27fda98435,
房屋与住房,规划与计划,市级,上海市人民政府办公厅关于印发《上海市城市更新和住房发展“十五五”规划》的通知,沪府办发〔2026〕15号,上海市人民政府办公厅,2026-07-28,有效,统一政策发布平台,https://www.shanghai.gov.cn/zhengce/detail/0001::f584d873f87045148c7eccce1ae637b3,
房屋与住房,通知公告,市级,关于优化本市房地产政策措施的通知,沪建房管联〔2026〕359号,上海市住房和城乡建设管理委员会,2026-08-20,有效,统一政策发布平台,https://www.shanghai.gov.cn/zhengce/detail/0011::82df5e3bf87845ed903492dc5d495574,
房屋与住房,通知公告,市级,上海市房屋管理局关于印发《上海市国有土地上征收居住房屋室内装饰装修评估分户报告（示范文本）》的通知,沪房市场〔2026〕125号,上海市房屋管理局,2026-08-11,有效,统一政策发布平台,https://www.shanghai.gov.cn/zhengce/detail/0013::816cfe6c251c4eae84804ab5cf7dcaca,
房屋与住房,办法,市级,关于延长《上海市共有产权保障住房价格管理办法》有效期的通知,沪发改规范〔2026〕5号,上海市发展和改革委员会,2026-08-05,有效,统一政策发布平台,https://www.shanghai.gov.cn/zhengce/detail/0025::30ce10d7d0b34c6c99240c95286a9c8a,docs/房屋与住房/关于延长《上海市共有产权保障住房价格管理办法》有效期的通知.md
房屋与住房,规划与计划,区级,上海市普陀区住房保障和房屋管理局关于印发《普陀区住房发展“十五五”规划》的通知,普房管〔2026〕72号,上海市普陀区住房保障和房屋管理局,2026-07-23,有效,统一政策发布平台,https://www.shanghai.gov.cn/zhengce/detail/0075::0075204750,
房屋与住房,规划与计划,区级,闵行区人民政府关于印发《闵行区住房发展“十五五”规划》的通知,闵府发〔2026〕25号,上海市闵行区人民政府,2026-07-28,有效,统一政策发布平台,https://www.shanghai.gov.cn/zhengce/detail/0079::cfc15acb-e29e-4fa4-9ab2-a6144d36fe29,
房屋与住房,通知公告,区级,上海市普陀区人民政府关于废止《上海市普陀区人民政府关于确定本区国有土地上房屋征收与补偿相关标准的通知》的通知,普府规范〔2026〕1号,上海市普陀区人民政府,2026-07-29,有效,统一政策发布平台,https://www.shanghai.gov.cn/zhengce/detail/0075::0075204853,
房屋与住房,实施意见,区级,关于印发《虹口区住宅小区物业服务评价激励实施意见》的通知,虹房管规〔2026〕1号,上海市虹口区住房保障和房屋管理局,2026-07-23,有效,统一政策发布平台,https://www.shanghai.gov.cn/zhengce/detail/0076::f3a3d159-da79-4d3f-9f09-6f0133bf34a9,
房屋与住房,通知公告,市级,上海市住房和城乡建设管理委员会关于印发《上海市房屋建筑竣工建筑信息模型（BIM）交付要求》的通知,沪建建管〔2026〕289号,上海市住房和城乡建设管理委员会,2026-06-30,有效,统一政策发布平台,https://www.shanghai.gov.cn/zhengce/detail/0011::9ba4b39019934106b47d9eace42b0cd8,
房屋与住房,通知公告,区级,上海市松江区人民政府关于废止《关于印发<松江区国有土地上房屋征收和集体土地房屋征收补偿实施标准>的通知》的通知,沪松府规〔2026〕3号,上海市松江区人民政府,2026-07-10,有效,统一政策发布平台,https://www.shanghai.gov.cn/zhengce/detail/0082::120ac32c-8c28-46ef-998c-86f47ef6966c,
房屋与住房,通知公告,市级,上海市房屋管理局关于延长部分规范性文件有效期的通知,沪房规范〔2026〕4号,上海市房屋管理局,2026-06-30,有效,统一政策发布平台,https://www.shanghai.gov.cn/zhengce/detail/0013::c27e7ddd2e40488b84f867ef92c241f6,
房屋与住房,办法,街镇级,关于废止《关于印发<南码头路街道老旧小区物业服务补贴达标考核奖励实施办法>的通知 》的通知,浦南规〔2026〕3号,上海市浦东新区人民政府南码头路街道办事处,2026-07-01,有效,统一政策发布平台,https://www.shanghai.gov.cn/zhengce/detail/0070::0070357689,docs/房屋与住房/关于废止《关于印发_南码头路街道老旧小区物业服务补贴达标考核奖励实施办法_的通知 》的通知.md
房屋与住房,办法,市级,上海市房屋管理局关于印发《上海市公共租赁住房保障家庭复核管理办法》的通知,沪房规范〔2026〕5号,上海市房屋管理局,2026-06-30,有效,统一政策发布平台,https://www.shanghai.gov.cn/zhengce/detail/0013::53fcb7e8d6934de0b4369347673d7521,docs/房屋与住房/上海市房屋管理局关于印发《上海市公共租赁住房保障家庭复核管理办法》的通知.md
房屋与住房,实施意见,市级,上海市人民政府办公厅转发市住房城乡建设管理委、市房屋管理局《关于推进物业行业提质增效的实施意见》的通知,沪府办发〔2026〕10号,上海市人民政府办公厅,2026-06-22,有效,统一政策发布平台,https://www.shanghai.gov.cn/zhengce/detail/0001::bcffe62ae13247e1ae6aa8d621273a5d,
房屋与住房,通知公告,市级,上海市房屋管理局关于印发《业主大会议事规则示范文本》的通知,沪房物业〔2026〕85号,上海市房屋管理局,2026-06-18,有效,统一政策发布平台,https://www.shanghai.gov.cn/zhengce/detail/0013::f2fddba1721d4bb89b37deeef47248a7,
房屋与住房,实施意见,市级,关于印发《关于建立住宅小区业主委员会秘书制度的实施意见（试行）》的通知,沪房物业〔2026〕84号,上海市房屋管理局,2026-06-04,有效,统一政策发布平台,https://www.shanghai.gov.cn/zhengce/detail/0013::3eecb53566cf4e0c86869199d4bd0b56,
房屋与住房,实施意见,区级,宝山区既有多层住宅加装电梯设计方案公示工作的指导意见,宝规划资源〔2026〕1号,上海市宝山区规划和自然资源局,2026-06-08,有效,统一政策发布平台,https://www.shanghai.gov.cn/zhengce/detail/0078::525719c9-eb5a-4ee0-b209-bcffce063a02,
房屋与住房,通知公告,市级,上海市房屋管理局关于印发《本市业主大会成立、业主委员会组建和换届改选的相关示范文本》的通知,沪房物业〔2026〕65号,上海市房屋管理局,2026-05-28,有效,统一政策发布平台,https://www.shanghai.gov.cn/zhengce/detail/0013::ce6ea69c8a85420f902ec68f484ce666,
房屋与住房,实施细则,市级,上海市房屋管理局关于印发《关于贯彻执行〈上海市国有土地上房屋征收与补偿实施细则〉若干具体问题的意见》的通知,沪房规范〔2026〕3号,上海市房屋管理局,2026-05-29,有效,统一政策发布平台,https://www.shanghai.gov.cn/zhengce/detail/0013::426b750db53840c5a53269175dd2f216,docs/房屋与住房/上海市房屋管理局关于印发《关于贯彻执行〈上海市国有土地上房屋征收与补偿实施细则〉若干具体问题的意见》.md
房屋与住房,通知公告,市级,上海市住房和城乡建设管理委员会关于印发上海市绿色建筑全过程管理相关格式文本的通知,沪建建材〔2026〕229号,上海市住房和城乡建设管理委员会,2026-05-26,有效,统一政策发布平台,https://www.shanghai.gov.cn/zhengce/detail/0011::63d5b03228d34b55a08786cb4138645e,
房屋与住房,通知公告,市级,上海市住房和城乡建设管理委员会、上海市市场监督管理局、上海市房屋管理局、上海市装饰装修行业协会、上海市室内装饰行业协会关于推行使用《上海市住宅装饰装修施工合同示范文本》的通知,沪建城管联〔2026〕164号,上海市住房和城乡建设管理委员会,2026-05-09,有效,统一政策发布平台,https://www.shanghai.gov.cn/zhengce/detail/0011::69f5f927482d43998de868d718e121dc,
房屋与住房,其他,市级,关于推进农村闲置住房盘活利用增加农村居民财产性收入的意见（试行）,沪委农办〔2026〕8号,中共上海市委农村工作领导小组办公室,2026-05-07,有效,统一政策发布平台,https://www.shanghai.gov.cn/zhengce/detail/0009::0eb4ceb021c1492daedbfb72e559dc5b,
房屋与住房,其他,市级,上海市住房和城乡建设管理委员会关于明确本市燃气设施保护和控制范围的通告,沪建设施〔2026〕189号,上海市住房和城乡建设管理委员会,2026-05-07,有效,统一政策发布平台,https://www.shanghai.gov.cn/zhengce/detail/0011::d13672dd07744a1ca10e73a753465ffb,
房屋与住房,实施意见,市级,关于印发《关于完善本市住宅小区业主大会、业主委员会规范化建设的实施意见》的通知,沪房物业〔2026〕36号,上海市房屋管理局,2026-03-30,有效,统一政策发布平台,https://www.shanghai.gov.cn/zhengce/detail/0013::b81adff0389b4a7c9ecb99bc0b3594dc,
房屋与住房,通知公告,市级,上海市住房和城乡建设管理委员会关于进一步推进智慧工地场景应用的通知,沪建质安〔2026〕162号,上海市住房和城乡建设管理委员会,2026-04-23,有效,统一政策发布平台,https://www.shanghai.gov.cn/zhengce/detail/0011::f845ac14074641d3af2f07aadb89d5bd,
房屋与住房,办法,区级,上海市嘉定区人民政府关于印发《嘉定区房屋协议置换管理办法》的通知,嘉府规〔2026〕1号,上海市嘉定区人民政府,2026-04-15,有效,统一政策发布平台,https://www.shanghai.gov.cn/zhengce/detail/0080::5_197484,docs/房屋与住房/上海市嘉定区人民政府关于印发《嘉定区房屋协议置换管理办法》的通知.md
房屋与住房,通知公告,市级,关于优化我市新建住宅建筑区划红线内供电配套工程收费政策的通知,沪发改价管〔2026〕15号,上海市发展和改革委员会,2026-04-13,有效,统一政策发布平台,https://www.shanghai.gov.cn/zhengce/detail/0025::d217f62051fc42b781e9575f9545e930,
房屋与住房,规划与计划,区级,上海市静安区人民政府办公室关于转发区发展改革委《静安区贯彻落实上海市租赁和商务服务业“三聚集”三年行动计划 加快高端专业服务业集聚区建设工作方案（2026-2028年）》的通知,静府办发〔2026〕3号,上海市静安区人民政府办公室,2026-04-08,有效,统一政策发布平台,https://www.shanghai.gov.cn/zhengce/detail/0072::cb2c842f-befb-4db3-bcd7-49de7fafd008,
房屋与住房,技术规定与导则,市级,上海市住房和城乡建设管理委员会关于发布《上海市钢结构模块化建筑技术导则》（试行）、《上海市混凝土模块化建筑技术导则》（试行）的通知,沪建建材〔2026〕99号,上海市住房和城乡建设管理委员会,2026-03-17,有效,统一政策发布平台,https://www.shanghai.gov.cn/zhengce/detail/0011::d8e6dcd374d74cefaac83c3b669980d9,docs/房屋与住房/上海市住房和城乡建设管理委员会关于发布《上海市钢结构模块化建筑技术导则》（试行）、《上海市混凝土模块.md
房屋与住房,通知公告,市级,关于做好本市住宅物业服务日常巡检和行政检查工作的通知,沪房物业〔2026〕20号,上海市房屋管理局,2026-02-25,有效,统一政策发布平台,https://www.shanghai.gov.cn/zhengce/detail/0013::fcab79cc13e04cf88d0f8621b131af02,
房屋与住房,通知公告,市级,关于印发《上海市住宅物业服务应急预案（示范文本）》的通知,沪房物业〔2026〕18号,上海市房屋管理局,2026-02-13,有效,统一政策发布平台,https://www.shanghai.gov.cn/zhengce/detail/0013::da4b5e68166b467a90bf4d87a2429624,
房屋与住房,通知公告,市级,上海市住房和城乡建设管理委员会关于印发《上海市瓶装液化气配送和安全检查操作规程》的通知,沪建设施〔2026〕80号,上海市住房和城乡建设管理委员会,2026-02-28,有效,统一政策发布平台,https://www.shanghai.gov.cn/zhengce/detail/0011::3e3bfeecf57640aab1b5fe5cda226654,
房屋与住房,通知公告,市级,上海市绿化和市容管理局关于优化我市住宅品质提升项目配套绿化面积计算规则的通知,沪绿容〔2026〕21号,上海市绿化和市容管理局,2026-02-27,有效,统一政策发布平台,https://www.shanghai.gov.cn/zhengce/detail/0039::f056628b-4183-497c-b41c-59b4977266c1,
房屋与住房,通知公告,市级,关于优化本市住房公积金个人住房贷款政策的通知,沪公积金管委会〔2026〕1号,上海市住房公积金管理委员会,2026-02-25,有效,统一政策发布平台,https://www.shanghai.gov.cn/zhengce/detail/0064::ade12445d70a46af908b13175b7d3a90,
房屋与住房,通知公告,市级,上海市住房和城乡建设管理委员会关于进一步加强本市超低能耗建筑监督管理的通知,沪建建材〔2026〕66号,上海市住房和城乡建设管理委员会,2026-02-14,有效,统一政策发布平台,https://www.shanghai.gov.cn/zhengce/detail/0011::42204a15fbe84d718968112f6114852f,
房屋与住房,通知公告,市级,上海市住房和城乡建设管理委员会关于公布2025年度本市建筑工程领域拖欠农民工工资失信企业和项目名单（第二批）的通报,沪建建管〔2026〕54号,上海市住房和城乡建设管理委员会,2026-02-11,有效,统一政策发布平台,https://www.shanghai.gov.cn/zhengce/detail/0011::ed548530aa7c4944be9451bc853a1fc6,
房屋与住房,办法,区级,上海市奉贤区人民政府关于印发《奉贤区房屋协议置换工作管理办法》的通知,沪奉府发〔2026〕12号,上海市奉贤区人民政府,2026-02-09,有效,统一政策发布平台,https://www.shanghai.gov.cn/zhengce/detail/0084::00843804,docs/房屋与住房/上海市奉贤区人民政府关于印发《奉贤区房屋协议置换工作管理办法》的通知.md
房屋与住房,办法,市级,关于印发《上海市房屋检测鉴定单位管理办法（暂行）》的通知,沪房规范〔2026〕1号,上海市房屋管理局,2026-02-02,有效,统一政策发布平台,https://www.shanghai.gov.cn/zhengce/detail/0013::efb9ee948c8a4932ad9f6ce9b9146e54,docs/房屋与住房/关于印发《上海市房屋检测鉴定单位管理办法（暂行）》的通知.md
房屋与住房,其他,区级,上海市普陀区人民政府房屋征收决定（普陀区石泉综合社区服务中心项目及A17A-05地块公共绿地新建工程地块）,普府房征〔2026〕2号,上海市普陀区人民政府,2026-02-04,有效,统一政策发布平台,https://www.shanghai.gov.cn/zhengce/detail/0075::0075201547,
房屋与住房,其他,区级,上海市普陀区人民政府房屋征收决定（普陀区北石路（兰溪路-曹杨路）道路新建工程地块）,普府房征〔2026〕1号,上海市普陀区人民政府,2026-02-04,有效,统一政策发布平台,https://www.shanghai.gov.cn/zhengce/detail/0075::0075201539,
房屋与住房,通知公告,市级,关于延长《关于本市开展对部分个人住房征收房产税试点若干问题的通知》有效期的通知,沪财发〔2026〕1号,上海市财政局,2026-01-26,有效,统一政策发布平台,https://www.shanghai.gov.cn/zhengce/detail/0017::xxfboswf0000003562,
房屋与住房,办法,区级,上海市奉贤区人民政府关于延长《奉贤区农村村民住房建设管理办法》施行期限的通知,沪奉府规〔2026〕1号,上海市奉贤区人民政府,2026-01-15,有效,统一政策发布平台,https://www.shanghai.gov.cn/zhengce/detail/0084::00843703,docs/房屋与住房/上海市奉贤区人民政府关于延长《奉贤区农村村民住房建设管理办法》施行期限的通知.md
房屋与住房,实施细则,区级,上海市嘉定区人民政府办公室关于转发《嘉定区限额以下小型房屋建筑工程安全生产管理的实施细则》的通知,嘉府办发〔2026〕2号,上海市嘉定区人民政府办公室,2026-01-08,有效,统一政策发布平台,https://www.shanghai.gov.cn/zhengce/detail/0080::5_195260,docs/房屋与住房/上海市嘉定区人民政府办公室关于转发《嘉定区限额以下小型房屋建筑工程安全生产管理的实施细则》的通知.md
房屋与住房,规定,市级,上海市住房和城乡建设管理委员会关于延长《上海市建筑施工机械安全监督管理规定》有效期的通知,,上海市住房和城乡建设管理委员会,2025-06,有效,市住建委规范性文件,https://zjw.sh.gov.cn/gfxwj/20250609/a709339d6a874257904d9b9127cfe000.html,docs/房屋与住房/上海市住房和城乡建设管理委员会关于延长《上海市建筑施工机械安全监督管理规定》有效期的通知.md
房屋与住房,实施意见,市级,关于印发《关于住宅小区业主大会账户资金及管理责任年度审计工作的实施意见》的通知,沪房规范〔2025〕9号,上海市房屋管理局,2025-12-31,有效,统一政策发布平台,https://www.shanghai.gov.cn/zhengce/detail/0013::fdf49964c58143fb9ef776f45e716c96,
房屋与住房,办法,市级,上海市房屋管理局关于印发《上海市住宅小区公共收益管理办法》的通知,沪房规范〔2025〕8号,上海市房屋管理局,2025-12-31,有效,统一政策发布平台,https://www.shanghai.gov.cn/zhengce/detail/0013::8b8ad0526ae94db8a6c61b8aa6caf0c2,docs/房屋与住房/上海市房屋管理局关于印发《上海市住宅小区公共收益管理办法》的通知.md
房屋与住房,规划与计划,市级,上海市人民政府办公厅关于印发《上海市促进租赁和商务服务业“产业聚集、空间聚集、要素聚集”三年行动计划（2026—2028年）》的通知,沪府办发〔2025〕23号,上海市人民政府办公厅,2025-12-31,有效,统一政策发布平台,https://www.shanghai.gov.cn/zhengce/detail/0001::150471e2fb5a43218825642c4df0d087,
房屋与住房,办法,区级,关于印发《崇明区限额以下小型房屋建筑工程安全生产管理办法》的通知,沪崇建管〔2025〕41号,上海市崇明区建设和管理委员会,2025-12-31,有效,统一政策发布平台,https://www.shanghai.gov.cn/zhengce/detail/0085::test_dc1be265-1232-4a6c-981a-e83f714b973f,docs/房屋与住房/关于印发《崇明区限额以下小型房屋建筑工程安全生产管理办法》的通知.md
房屋与住房,其他,区级,上海市普陀区人民政府房屋征收决定（普陀区甘陵小区二号地块）,普府房征〔2025〕10号,上海市普陀区人民政府,2025-12-18,有效,统一政策发布平台,https://www.shanghai.gov.cn/zhengce/detail/0075::0075200970,
房屋与住房,其他,区级,上海市普陀区人民政府房屋征收决定（普陀区甘陵小区一号地块）,普府房征〔2025〕9号,上海市普陀区人民政府,2025-12-18,有效,统一政策发布平台,https://www.shanghai.gov.cn/zhengce/detail/0075::0075200966,
房屋与住房,通知公告,市级,上海市民政局 上海市财政局关于进一步推进康复辅助器具社区租赁服务工作的通知,沪民规〔2025〕16号,上海市民政局,2025-12-23,有效,统一政策发布平台,https://www.shanghai.gov.cn/zhengce/detail/0034::fafcafaa22314ff0b31df464f5a452d6,
房屋与住房,实施意见,市级,上海市住房和城乡建设管理委员会等关于印发《上海市完整社区建设实施方案》的通知,沪建综规联〔2025〕502号,上海市住房和城乡建设管理委员会,2025-12-05,有效,统一政策发布平台,https://www.shanghai.gov.cn/zhengce/detail/0011::b544e99ce2d249a780f121a35ba4d472,
房屋与住房,实施细则,区级,关于修订《上海市崇明区征收安置住房建设管理实施细则》的通知,沪崇房管规〔2025〕1号,上海市崇明区住房保障和房屋管理局,2025-12-18,有效,统一政策发布平台,https://www.shanghai.gov.cn/zhengce/detail/0085::test_764ce685-3f6b-4e76-84ba-4747a393a47e,docs/房屋与住房/关于修订《上海市崇明区征收安置住房建设管理实施细则》的通知.md
房屋与住房,办法,区级,上海市普陀区人民政府关于印发《上海市普陀区房屋协议置换管理办法》的通知,普府规范〔2025〕5号,上海市普陀区人民政府,2025-11-28,有效,统一政策发布平台,https://www.shanghai.gov.cn/zhengce/detail/0075::0075200708,docs/房屋与住房/上海市普陀区人民政府关于印发《上海市普陀区房屋协议置换管理办法》的通知.md
房屋与住房,办法,区级,上海市崇明区人民政府关于印发本区征收集体土地房屋补偿安置面积认定办法（试行）的通知,沪崇府规〔2025〕2号,上海市崇明区人民政府办公室,2025-11-17,有效,统一政策发布平台,https://www.shanghai.gov.cn/zhengce/detail/0085::test_0529446c-8451-4d2c-962b-614508bd3da4,docs/房屋与住房/上海市崇明区人民政府关于印发本区征收集体土地房屋补偿安置面积认定办法（试行）的通知.md
房屋与住房,办法,区级,上海市长宁区人民政府关于印发《长宁区房屋协议置换实施办法》的通知,长府规〔2025〕2号,上海市长宁区人民政府办公室,2025-11-18,有效,统一政策发布平台,https://www.shanghai.gov.cn/zhengce/detail/0074::007479835,docs/房屋与住房/上海市长宁区人民政府关于印发《长宁区房屋协议置换实施办法》的通知.md
房屋与住房,通知公告,区级,上海市松江区人民政府关于印发《松江区国有土地上房屋征收和集体土地房屋征收补偿实施标准》的通知,沪松府规〔2025〕7号,上海市松江区人民政府,2025-11-30,废止,统一政策发布平台,https://www.shanghai.gov.cn/zhengce/detail/0082::d1a299a8dab147d487f7f13778c0b401,
房屋与住房,办法,区级,关于印发《闵行区老旧公房小区物业管理共建活动实施办法》的通知,闵房管规字〔2025〕1号,上海市闵行区住房保障和房屋管理局,2025-11-28,有效,统一政策发布平台,https://www.shanghai.gov.cn/zhengce/detail/0079::eb985076-e7f0-4931-95ca-1abc91ac9f67,docs/房屋与住房/关于印发《闵行区老旧公房小区物业管理共建活动实施办法》的通知.md
房屋与住房,办法,市级,上海市房屋管理局关于印发《上海市物业服务招投标管理办法》的通知,沪房规范〔2025〕6号,上海市房屋管理局,2025-11-04,有效,统一政策发布平台,https://www.shanghai.gov.cn/zhengce/detail/0013::aca06772764447b1b614041ed8b5c19a,docs/房屋与住房/上海市房屋管理局关于印发《上海市物业服务招投标管理办法》的通知.md
房屋与住房,办法,市级,上海市人民政府办公厅关于转发市住房城乡建设管理委制订的《上海市限额以下小型房屋建筑工程安全生产管理办法》的通知,沪府办规〔2025〕12号,上海市人民政府办公厅,2025-10-30,有效,统一政策发布平台,https://www.shanghai.gov.cn/zhengce/detail/0001::77ad46cb10324cfebcf27efccff36f2a,docs/房屋与住房/上海市人民政府办公厅关于转发市住房城乡建设管理委制订的《上海市限额以下小型房屋建筑工程安全生产管理办.md
房屋与住房,办法,区级,关于印发《松江区房票安置实施办法（试行）》的通知,沪松房管规〔2025〕1号,上海市松江区住房保障和房屋管理局,2025-11-20,有效,统一政策发布平台,https://www.shanghai.gov.cn/zhengce/detail/0082::b039be60ba0542f3b36384a28aa3b4fd,docs/房屋与住房/关于印发《松江区房票安置实施办法（试行）》的通知.md
房屋与住房,通知公告,区级,上海市普陀区人民政府关于桃浦地区新建多层商品住房土地使用权基价及价格补贴标准事项的通知,普府〔2025〕110号,上海市普陀区人民政府,2025-11-06,有效,统一政策发布平台,https://www.shanghai.gov.cn/zhengce/detail/0075::0075200316,
房屋与住房,实施意见,区级,关于进一步落实虹口区既有多层住宅 加装电梯建后管理工作的指导意见,虹房管〔2025〕24号,上海市虹口区住房保障和房屋管理局,2025-11-17,有效,统一政策发布平台,https://www.shanghai.gov.cn/zhengce/detail/0076::9c529c99-cb47-470a-8b82-a0d3773dfbec,
房屋与住房,通知公告,市级,关于公布上海市“模塑申城”住建行业人工智能优秀案例和创新应用场景名单的通知,沪建科信联〔2025〕501号,上海市住房和城乡建设管理委员会,2025-10-15,有效,统一政策发布平台,https://www.shanghai.gov.cn/zhengce/detail/0011::cd3ba5bdde4746bf8229e5b5acf4aff2,
房屋与住房,通知公告,市级,上海市住房和城乡建设管理委员会关于发布上海市住房和城乡建设管理委员会科技创新平台（第二批）名单的通知,沪建科信〔2025〕492号,上海市住房和城乡建设管理委员会,2025-09-26,有效,统一政策发布平台,https://www.shanghai.gov.cn/zhengce/detail/0011::ea765ffec22644188b76d2364e486a6f,
房屋与住房,通知公告,市级,上海市住房和城乡建设管理委员会关于印发《高风险限额以下小型房屋建筑工程判定标准》等文件的通知,沪建质安〔2025〕556号,上海市住房和城乡建设管理委员会,2025-11-07,有效,统一政策发布平台,https://www.shanghai.gov.cn/zhengce/detail/0011::71e2363bddf24f54a5724f9630557289,
房屋与住房,通知公告,市级,上海市住房和城乡建设管理委员会关于批准《箱式钢结构临时活动房》为上海市建筑标准设计的通知,沪建标定〔2025〕518号,上海市住房和城乡建设管理委员会,2025-10-11,有效,统一政策发布平台,https://www.shanghai.gov.cn/zhengce/detail/0011::a78f014fede8482580507953f40327c5,
房屋与住房,实施意见,街镇级,莘庄镇人民政府关于印发《莘庄镇住宅小区业委会规范化运作综合评估工作实施方案》的通知,闵莘府发〔2025〕4号,上海市闵行区莘庄镇人民政府,2025-11-07,有效,统一政策发布平台,https://www.shanghai.gov.cn/zhengce/detail/0079::00ddcfe7-f49c-443a-87a8-a8bb435885ca,
房屋与住房,通知公告,市级,关于加强本市住宅物业管理与城管执法群租治理联动工作的通知,沪房市场〔2025〕179号,上海市房屋管理局,2025-10-23,有效,统一政策发布平台,https://www.shanghai.gov.cn/zhengce/detail/0013::41ed0c26bf464758af5c4620e2e85129,
房屋与住房,通知公告,市级,关于开展提取住房公积金直付房租业务试点的通知,沪公积金管委会〔2025〕9号,上海市住房公积金管理委员会,2025-11-05,有效,统一政策发布平台,https://www.shanghai.gov.cn/zhengce/detail/0064::ad7a2ddb5e2847dab645c65a349e8607,
房屋与住房,规定,街镇级,关于印发《书院镇农村村民住房建设管理行政审批事项相关规定》的通知,书府规〔2025〕2号,上海市浦东新区书院镇人民政府,2025-10-22,有效,统一政策发布平台,https://www.shanghai.gov.cn/zhengce/detail/0070::0070348120,docs/房屋与住房/关于印发《书院镇农村村民住房建设管理行政审批事项相关规定》的通知.md
房屋与住房,技术规定与导则,市级,上海市住房和城乡建设管理委员会关于印发《上海市海绵城市建设景观设计导则》的通知,沪建综规〔2025〕540号,上海市住房和城乡建设管理委员会,2025-10-23,有效,统一政策发布平台,https://www.shanghai.gov.cn/zhengce/detail/0011::6ef7fb25befc44a68b44f65c74d7e203,docs/房屋与住房/上海市住房和城乡建设管理委员会关于印发《上海市海绵城市建设景观设计导则》的通知.md
房屋与住房,通知公告,区级,上海市普陀区人民政府关于确定本区国有土地上房屋征收与补偿相关标准的通知,普府规范〔2025〕4号,上海市普陀区人民政府,2025-09-29,废止,统一政策发布平台,https://www.shanghai.gov.cn/zhengce/detail/0075::0075199731,
房屋与住房,通知公告,区级,上海市普陀区人民政府关于同意甘陵小区地块旧城区改建房屋征收范围的批复,普府〔2025〕101号,上海市普陀区人民政府,2025-09-30,有效,统一政策发布平台,https://www.shanghai.gov.cn/zhengce/detail/0075::0075199729,
房屋与住房,规定,市级,上海市房屋管理局关于印发《新时代城市建设者管理者之家项目认定和运营管理规定（试行）》的通知,沪房规范〔2025〕5号,上海市房屋管理局,2025-09-29,有效,统一政策发布平台,https://www.shanghai.gov.cn/zhengce/detail/0013::4509942871124e63ab80bebf26c5f462,docs/房屋与住房/上海市房屋管理局关于印发《新时代城市建设者管理者之家项目认定和运营管理规定（试行）》的通知.md
房屋与住房,通知公告,市级,上海市市场监督管理局 上海市房屋管理局关于推行使用《上海市住宅电梯维护保养合同示范文本（2025版）》的通知,沪市监网监〔2025〕270号,上海市市场监督管理局,2025-09-26,有效,统一政策发布平台,https://www.shanghai.gov.cn/zhengce/detail/0019::2c984ad699dbc43c0199dcaab1da08d4,
房屋与住房,办法,街镇级,关于废止《航头镇农村集体资产租赁交易实施办法》的通知,航府规〔2025〕1号,上海市浦东新区航头镇人民政府,2025-10-11,有效,统一政策发布平台,https://www.shanghai.gov.cn/zhengce/detail/0070::0070346822,docs/房屋与住房/关于废止《航头镇农村集体资产租赁交易实施办法》的通知.md
房屋与住房,通知公告,市级,关于对本市房地产估价机构进行检查的通知,沪房市场〔2025〕142号,上海市房屋管理局,2025-09-18,有效,统一政策发布平台,https://www.shanghai.gov.cn/zhengce/detail/0013::cfb242361fcc4a9397210078745cabd7,
房屋与住房,规划与计划,市级,关于印发《关于进一步促进本市住宅品质提升的规划资源若干意见》的通知,沪规划资源建〔2025〕375号,上海市规划和自然资源局,2025-09-26,有效,统一政策发布平台,https://www.shanghai.gov.cn/zhengce/detail/0032::4eb1f0ea53a9409e85dbeb2ea2cc319e,
房屋与住房,办法,区级,关于印发《浦东新区房票安置实施办法（试行）》的通知(联合发文),浦建委规〔2025〕1号,上海市浦东新区建设和交通委员会（国防动员办公室、人民防空办公室、住房保障和房屋管理局）,2025-09-28,有效,统一政策发布平台,https://www.shanghai.gov.cn/zhengce/detail/0070::0070347864,docs/房屋与住房/关于印发《浦东新区房票安置实施办法（试行）》的通知(联合发文).md
房屋与住房,通知公告,市级,关于优化调整本市个人住房房产税试点有关政策的通知,沪财发〔2025〕5号,上海市财政局,2025-09-16,有效,统一政策发布平台,https://www.shanghai.gov.cn/zhengce/detail/0017::xxfboswf0000003411,
房屋与住房,实施意见,区级,上海市奉贤区人民政府关于印发《奉贤区关于加强农村房屋建设管理的实施意见》的通知,沪奉府规〔2025〕2号,上海市奉贤区人民政府,2025-09-15,有效,统一政策发布平台,https://www.shanghai.gov.cn/zhengce/detail/0084::00843188,
房屋与住房,办法,区级,关于印发《嘉定区区属企业不动产租赁管理办法（2025版）》的通知,嘉国资委〔2025〕7号,上海市嘉定区国有资产监督管理委员会,2025-09-09,有效,统一政策发布平台,https://www.shanghai.gov.cn/zhengce/detail/0080::5_191157,docs/房屋与住房/关于印发《嘉定区区属企业不动产租赁管理办法（2025版）》的通知.md
房屋与住房,通知公告,市级,上海市房屋管理局关于印发《上海市房屋管理局防汛防台工作预案》的通知,沪房物业〔2025〕129号,上海市房屋管理局,2025-08-28,有效,统一政策发布平台,https://www.shanghai.gov.cn/zhengce/detail/0013::fbf39adc3fe74094a34a2676df258e0f,
房屋与住房,通知公告,市级,关于在沪工作的外籍人员、获得境外永久（长期）居留权人员住房公积金个人住房贷款若干问题的通知,沪公积金管委会〔2025〕7号,上海市住房公积金管理委员会,2025-09-01,有效,统一政策发布平台,https://www.shanghai.gov.cn/zhengce/detail/0064::983228d221834bb5b2093ecd99b7959c,
房屋与住房,通知公告,市级,关于本市住房公积金支持城市更新有关政策的通知,沪公积金管委会〔2025〕6号,上海市住房公积金管理委员会,2025-09-01,有效,统一政策发布平台,https://www.shanghai.gov.cn/zhengce/detail/0064::f5c73522541b47268bfd988a9a4466a4,
房屋与住房,办法,市级,上海市住房公积金异地个人住房贷款管理办法,沪公积金管委会〔2025〕5号,上海市住房公积金管理委员会,2025-09-01,有效,统一政策发布平台,https://www.shanghai.gov.cn/zhengce/detail/0064::bd2007f0ad514498b579b1359bd639d0,docs/房屋与住房/上海市住房公积金异地个人住房贷款管理办法.md
房屋与住房,通知公告,市级,关于进一步优化本市住房公积金提取和贷款政策的通知,沪公积金管委会〔2025〕4号,上海市住房公积金管理委员会,2025-08-25,有效,统一政策发布平台,https://www.shanghai.gov.cn/zhengce/detail/0064::528ed422118b40c59c3aea7d586a968f,
房屋与住房,通知公告,市级,上海市住房和城乡建设管理委员会关于批准发布《上海市公路日常养护维修估算指标第二册高速公路（SHC2-42（02）-2025）》的通知,沪建标定〔2025〕414号,上海市住房和城乡建设管理委员会,2025-08-22,有效,统一政策发布平台,https://www.shanghai.gov.cn/zhengce/detail/0011::6b53c74a2e0c4462a4410c238830b4b8,
房屋与住房,通知公告,市级,上海市住房和城乡建设管理委员会关于批准发布《上海市市政工程养护维修估算指标第一册城市道路（SHA1-42（01）-2025）》的通知,沪建标定〔2025〕413号,上海市住房和城乡建设管理委员会,2025-08-22,有效,统一政策发布平台,https://www.shanghai.gov.cn/zhengce/detail/0011::a2f3f7ef35a24f4bb468eddfa930f7f3,
房屋与住房,办法,市级,关于修订《上海市融资租赁公司监督管理暂行办法》的通知,沪金规〔2025〕1号,上海市地方金融管理局,2025-08-11,有效,统一政策发布平台,https://www.shanghai.gov.cn/zhengce/detail/0031::700a416160c34b479a6e9e4943b95b0b,docs/房屋与住房/关于修订《上海市融资租赁公司监督管理暂行办法》的通知.md
房屋与住房,规划与计划,市级,上海市住房和城乡建设管理委员会关于印发《上海市CIM底座建设三年行动计划（2025-2027年）》的通知,沪建科信〔2025〕394号,上海市住房和城乡建设管理委员会,2025-08-12,有效,统一政策发布平台,https://www.shanghai.gov.cn/zhengce/detail/0011::726ad32cbac34fa6bfb5282e7e626f49,
房屋与住房,通知公告,市级,上海市住房和城乡建设管理委员会关于印发《上海市工程渣土综合利用试点技术指南》的通知,沪建建材〔2025〕395号,上海市住房和城乡建设管理委员会,2025-08-12,有效,统一政策发布平台,https://www.shanghai.gov.cn/zhengce/detail/0011::a0ef0ba4c0a4404c873657e0aabac1a2,
房屋与住房,办法,街镇级,关于印发《南码头路街道老旧小区物业服务补贴达标考核奖励实施办法》的通知,浦南规〔2025〕1号,上海市浦东新区人民政府南码头路街道办事处,2025-07-23,废止,统一政策发布平台,https://www.shanghai.gov.cn/zhengce/detail/0070::0070342687,docs/房屋与住房/关于印发《南码头路街道老旧小区物业服务补贴达标考核奖励实施办法》的通知.md
房屋与住房,通知公告,区级,上海市松江区人民政府关于印发《松江区人民政府关于本区国有土地上房屋征收与补偿相关标准的决定》的通知,沪松府规〔2025〕5号,上海市松江区人民政府,2025-07-18,有效,统一政策发布平台,https://www.shanghai.gov.cn/zhengce/detail/0082::56f7f2d71f044569a13eea68381e5c3d,
房屋与住房,实施意见,区级,关于印发《普陀区住宅小区物业服务达标激励机制的实施意见》的通知,普房管规范〔2025〕1号,上海市普陀区住房保障和房屋管理局,2025-07-15,有效,统一政策发布平台,https://www.shanghai.gov.cn/zhengce/detail/0075::0075197540,
房屋与住房,实施细则,市级,上海市住房和城乡建设管理委员会关于印发《上海市超低能耗公共建筑现场专项检测实施细则》和《上海市超低能耗建筑第三方测评机构（公共建筑）测评指导书》的通知,沪建建材〔2025〕356号,上海市住房和城乡建设管理委员会,2025-07-11,有效,统一政策发布平台,https://www.shanghai.gov.cn/zhengce/detail/0011::c1bf6067655f49f2b09469b5a9a41707,docs/房屋与住房/上海市住房和城乡建设管理委员会关于印发《上海市超低能耗公共建筑现场专项检测实施细则》和《上海市超低能.md
房屋与住房,实施意见,市级,关于印发《上海市建设项目“开工一件事”工作方案》的通知,沪建建管联〔2025〕310号,上海市住房和城乡建设管理委员会,2025-07-07,有效,统一政策发布平台,https://www.shanghai.gov.cn/zhengce/detail/0011::9c6447607ba64b34b5aee492c142b678,
房屋与住房,办法,区级,上海市普陀区人民政府关于废止《上海市普陀区国有土地上房屋协议置换实施办法》的通知,普府规范〔2025〕2号,上海市普陀区人民政府,2025-06-13,有效,统一政策发布平台,https://www.shanghai.gov.cn/zhengce/detail/0075::0075196968,docs/房屋与住房/上海市普陀区人民政府关于废止《上海市普陀区国有土地上房屋协议置换实施办法》的通知.md
房屋与住房,办法,市级,关于印发《上海市国资委监管企业不动产租赁管理办法》的通知,沪国资委社责〔2025〕128号,上海市国有资产监督管理委员会,2025-06-13,有效,统一政策发布平台,https://www.shanghai.gov.cn/zhengce/detail/0054::21caac26eb2d49ecb72e37439bea7389,docs/房屋与住房/关于印发《上海市国资委监管企业不动产租赁管理办法》的通知.md
房屋与住房,通知公告,市级,关于印发《上海市住房和城乡建设管理委员会防汛防台工作预案》的通知,沪建应急〔2025〕284号,上海市住房和城乡建设管理委员会,2025-05-30,有效,统一政策发布平台,https://www.shanghai.gov.cn/zhengce/detail/0011::f956d4d24c454f29b9297dbf0f7632b6,
房屋与住房,审查与许可规则,市级,上海市住房和城乡建设管理委员会关于升级本市BIM智能辅助审查的通知,沪建建管〔2025〕289号,上海市住房和城乡建设管理委员会,2025-05-30,有效,统一政策发布平台,https://www.shanghai.gov.cn/zhengce/detail/0011::3f229d117cf04d6ca759e98a85749f26,docs/房屋与住房/上海市住房和城乡建设管理委员会关于升级本市BIM智能辅助审查的通知.md
房屋与住房,通知公告,区级,上海市青浦区住房保障和房屋管理局关于印发《关于落实青浦区既有多层住宅加装电梯后续使用管理的指导方案》的通知,青房管〔2025〕3号,上海市青浦区住房保障和房屋管理局,2025-06-13,有效,统一政策发布平台,https://www.shanghai.gov.cn/zhengce/detail/0083::00831287165,
房屋与住房,通知公告,市级,上海市房屋管理局关于印发《上海市住宅小区物业服务质量提升行动方案》的通知,沪房物业〔2025〕78号,上海市房屋管理局,2025-05-29,有效,统一政策发布平台,https://www.shanghai.gov.cn/zhengce/detail/0013::ba3297e80f5742b08734ce11cf4b4833,
房屋与住房,办法,街镇级,关于印发《张江镇既有多层住宅加装电梯补贴办法》的通知,浦张府规〔2025〕1号,上海市浦东新区张江镇人民政府,2025-05-30,有效,统一政策发布平台,https://www.shanghai.gov.cn/zhengce/detail/0070::0070341392,docs/房屋与住房/关于印发《张江镇既有多层住宅加装电梯补贴办法》的通知.md
房屋与住房,实施细则,市级,上海市住房和城乡建设管理委员会关于进一步明确装配式建筑实施范围和单体预制率、装配率计算细则的通知,沪建建材〔2025〕250号,上海市住房和城乡建设管理委员会,2025-05-12,有效,统一政策发布平台,https://www.shanghai.gov.cn/zhengce/detail/0011::116d173660334dc3a77dd8687eeea89f,docs/房屋与住房/上海市住房和城乡建设管理委员会关于进一步明确装配式建筑实施范围和单体预制率、装配率计算细则的通知.md
房屋与住房,通知公告,市级,上海市住房和城乡建设管理委员会关于发布《上海市建筑信息模型技术应用指南（2025版）》的通知,沪建建管〔2025〕238号,上海市住房和城乡建设管理委员会,2025-04-30,有效,统一政策发布平台,https://www.shanghai.gov.cn/zhengce/detail/0011::521247048e7b4a718fe1e30e55d0a5f7,
房屋与住房,通知公告,市级,上海市住房和城乡建设管理委员会关于批准发布《上海市园林工程估算指标（SHA2-12-2025）》的通知,沪建标定〔2025〕202号,上海市住房和城乡建设管理委员会,2025-04-08,有效,统一政策发布平台,https://www.shanghai.gov.cn/zhengce/detail/0011::c15e7a52e10e423bb505905e31c0792a,
房屋与住房,技术规定与导则,市级,上海市经济信息化委 市住房城乡建设管理委 关于印发《上海市城市生命线安全工程信息通信管线 风险排查与评估导则》的通知,沪经信基〔2025〕318号,上海市经济和信息化委员会,2025-05-28,有效,统一政策发布平台,https://www.shanghai.gov.cn/zhengce/detail/0020::dd455ce0463445c2b1dd7ac8cdade7a3,docs/房屋与住房/上海市经济信息化委 市住房城乡建设管理委 关于印发《上海市城市生命线安全工程信息通信管线 风险排查与.md
房屋与住房,办法,区级,金山区住房保障和房屋管理局延长《金山区区属征收安置住房管理办法》有效期的通知,金房管规〔2025〕1号,上海市金山区住房保障和房屋管理局,2025-05-20,有效,统一政策发布平台,https://www.shanghai.gov.cn/zhengce/detail/0081::00811938,docs/房屋与住房/金山区住房保障和房屋管理局延长《金山区区属征收安置住房管理办法》有效期的通知.md
房屋与住房,通知公告,区级,上海市松江区人民政府关于废止《松江区人民政府关于本区国有土地上房屋征收与补偿相关标准的决定》及其延期文件的通知,沪松府规〔2025〕3号,上海市松江区人民政府,2025-05-20,有效,统一政策发布平台,https://www.shanghai.gov.cn/zhengce/detail/0082::82addfc4c83341c7978639991724c586,
房屋与住房,通知公告,市级,关于上海市住房公积金支持老旧电梯更新有关政策的通知,沪公积金管委会〔2025〕2号,上海市住房公积金管理委员会,2025-05-19,有效,统一政策发布平台,https://www.shanghai.gov.cn/zhengce/detail/0064::dfd186a110ba434a993852eec27a883d,
房屋与住房,规定,街镇级,关于印发《加强永丰街道农村集体资产租赁管理的若干规定》的通知,松永府规〔2025〕1号,上海市松江区人民政府永丰街道办事处,2025-05-15,有效,统一政策发布平台,https://www.shanghai.gov.cn/zhengce/detail/0082::3c3cb7f03fed4b0fbb6c39786b3e4a92,docs/房屋与住房/关于印发《加强永丰街道农村集体资产租赁管理的若干规定》的通知.md
房屋与住房,实施意见,市级,上海市市场监督管理局 上海市房屋管理局 上海市财政局关于印发《2025年上海市住宅老旧电梯安全评估和住宅电梯配备远程监测装置工作方案》的通知,沪市监特种〔2025〕127号,上海市市场监督管理局,2025-05-12,有效,统一政策发布平台,https://www.shanghai.gov.cn/zhengce/detail/0019::2c984a7296ca14000196cc2f1b700096,
房屋与住房,通知公告,市级,关于《关于转让花园住宅和非居住用房补交土地使用权出让金有关问题的通知》继续适用的通知,沪规划资源用〔2025〕151号,上海市规划和自然资源局,2025-04-24,有效,统一政策发布平台,https://www.shanghai.gov.cn/zhengce/detail/0032::8e4e951728cb4bcab1351bfeffae6c0f,
房屋与住房,通知公告,区级,关于发布杨浦区殷行街道浚浦局路地块征地房屋补偿土地使用权基价及价格补贴的通知,杨府发〔2025〕4号,上海市杨浦区人民政府办公室,2025-04-24,有效,统一政策发布平台,https://www.shanghai.gov.cn/zhengce/detail/0077::0077ed0166a958480e23eb6b99bee5a4fca2,
房屋与住房,通知公告,区级,关于发布杨浦区长海路街道浣纱浜地块征地房屋补偿土地使用权基价及价格补贴的通知,杨府发〔2025〕5号,上海市杨浦区人民政府办公室,2025-04-24,有效,统一政策发布平台,https://www.shanghai.gov.cn/zhengce/detail/0077::00775fb7c8f56ceb98714f04b818b9c8bee9,
房屋与住房,实施意见,市级,关于印发《关于进一步加强既有住宅电梯使用安全管理工作的实施方案》的通知,沪房物业〔2025〕47号,上海市房屋管理局,2025-04-14,有效,统一政策发布平台,https://www.shanghai.gov.cn/zhengce/detail/0013::7e9cc5665f9540c7b4373c8f06dd66df,
房屋与住房,办法,街镇级,关于印发《虹口区新建同丰路绿地项目房屋征收地块中特殊生活困难对象补助办法》的通知,虹广街〔2025〕10号,上海市虹口区人民政府广中路街道办事处,2025-04-14,有效,统一政策发布平台,https://www.shanghai.gov.cn/zhengce/detail/0076::ce3e6120-dc46-4f79-a5b1-eb100fd33fdd,docs/房屋与住房/关于印发《虹口区新建同丰路绿地项目房屋征收地块中特殊生活困难对象补助办法》的通知.md
房屋与住房,办法,市级,上海市灵活就业人员自愿缴存、提取和使用住房公积金实施办法,沪公积金管委会〔2025〕1号,上海市住房公积金管理委员会,2025-04-14,有效,统一政策发布平台,https://www.shanghai.gov.cn/zhengce/detail/0064::07bd69abcaf940aa9077172ac53c57dc,docs/房屋与住房/上海市灵活就业人员自愿缴存、提取和使用住房公积金实施办法.md
房屋与住房,实施意见,区级,上海市奉贤区住房保障和房屋管理局关于进一步加强奉贤区既有多层住宅加装电梯建后管理工作的指导意见,沪奉房管〔2025〕7号,上海市奉贤区住房保障和房屋管理局,2025-03-26,有效,统一政策发布平台,https://www.shanghai.gov.cn/zhengce/detail/0084::0084i20250409-86e4lcekzhn4csf2gd,
房屋与住房,实施意见,区级,关于推进奉贤区既有多层住宅加装电梯物业接管及后续管理工作的实施意见,沪奉房管〔2025〕8号,上海市奉贤区住房保障和房屋管理局,2025-03-26,有效,统一政策发布平台,https://www.shanghai.gov.cn/zhengce/detail/0084::0084i20250409-09h9wfrznzv5n1hk3p,
房屋与住房,实施细则,区级,上海市青浦区住房保障与房屋管理局关于印发《青浦区城中村改造项目合作单位竞争性准入机制实施细则》的通知,青房管规〔2025〕2号,上海市青浦区住房保障与房屋管理局,2025-04-03,有效,统一政策发布平台,https://www.shanghai.gov.cn/zhengce/detail/0083::00831328378,docs/房屋与住房/上海市青浦区住房保障与房屋管理局关于印发《青浦区城中村改造项目合作单位竞争性准入机制实施细则》的通知.md
房屋与住房,实施意见,市级,上海市绿化和市容管理局 上海市住房和城乡建设管理委员会 上海市发展和改革委员会 上海市生态环境局关于印发《上海市建筑垃圾专项整治工作方案》的通知,沪绿容〔2025〕18号,上海市绿化和市容管理局,2025-03-17,有效,统一政策发布平台,https://www.shanghai.gov.cn/zhengce/detail/0039::33c79a06-6a0d-49e2-88db-614ffa269e54,
房屋与住房,办法,市级,关于延长《上海市实物配租廉租住房租金标准管理办法》有效期的通知,沪发改规范〔2025〕4号,上海市发展和改革委员会,2025-03-26,有效,统一政策发布平台,https://www.shanghai.gov.cn/zhengce/detail/0025::5709c641c2f9454496013872fc8a1ea0,docs/房屋与住房/关于延长《上海市实物配租廉租住房租金标准管理办法》有效期的通知.md
房屋与住房,审查与许可规则,市级,上海市住房和城乡建设管理委员会关于启用市工程审批系统信息填报客户端软件（v1.0）的通知,沪建建管〔2025〕161号,上海市住房和城乡建设管理委员会,2025-03-18,有效,统一政策发布平台,https://www.shanghai.gov.cn/zhengce/detail/0011::690a58a7d8a641088c9c1bad064c74dd,docs/房屋与住房/上海市住房和城乡建设管理委员会关于启用市工程审批系统信息填报客户端软件（v1.0）的通知.md
房屋与住房,通知公告,市级,上海市住房和城乡建设管理委员会关于印发《海绵城市建设系统方案编制大纲》的通知,沪建综规〔2025〕101号,上海市住房和城乡建设管理委员会,2025-02-19,有效,统一政策发布平台,https://www.shanghai.gov.cn/zhengce/detail/0011::06c05d117cfa4585836a138dfbc277cf,
房屋与住房,实施意见,市级,上海市住房和城乡建设管理委员会关于印发《推动建立完善全市住房城乡建设领域生产经营单位事故隐患内部报告奖励机制实施方案》的通知,沪建质安〔2025〕114号,上海市住房和城乡建设管理委员会,2025-02-26,有效,统一政策发布平台,https://www.shanghai.gov.cn/zhengce/detail/0011::593f590a7ef84da8b6d0047573e60d97,
房屋与住房,实施意见,街镇级,关于印发《吴泾镇既有多层住宅加装电梯后续维保补贴实施意见》的通知,闵吴府发〔2025〕3号,上海市闵行区吴泾镇人民政府,2025-03-06,有效,统一政策发布平台,https://www.shanghai.gov.cn/zhengce/detail/0079::fd213ff2-36cd-4f66-9ceb-7918b72f05e6,
房屋与住房,实施细则,街镇级,关于修改《万祥镇农村村民住房建设管理实施细则》的通知,浦万府规〔2025〕1号,上海市浦东新区万祥镇人民政府,2025-02-14,有效,统一政策发布平台,https://www.shanghai.gov.cn/zhengce/detail/0070::0070337367,docs/房屋与住房/关于修改《万祥镇农村村民住房建设管理实施细则》的通知.md
房屋与住房,办法,市级,上海市人民政府关于批转市住房城乡建设管理委、市财政局修订的《上海市市级城市维护项目管理办法》的通知,沪府规〔2025〕1号,上海市人民政府,2025-01-17,有效,统一政策发布平台,https://www.shanghai.gov.cn/zhengce/detail/0001::c140b0fd77d946b2a150f07b03817af3,docs/房屋与住房/上海市人民政府关于批转市住房城乡建设管理委、市财政局修订的《上海市市级城市维护项目管理办法》的通知.md
房屋与住房,办法,区级,上海市青浦区住房保障和房屋管理局关于印发《青浦区房票安置实施办法（试行）》的通知,青房管规〔2025〕1号,上海市青浦区住房保障和房屋管理局,2025-02-12,有效,统一政策发布平台,https://www.shanghai.gov.cn/zhengce/detail/0083::00831368617,docs/房屋与住房/上海市青浦区住房保障和房屋管理局关于印发《青浦区房票安置实施办法（试行）》的通知.md
房屋与住房,实施意见,市级,上海市人民政府办公厅关于废止《上海市人民政府办公厅转发市住房保障房屋管理局关于加强本市住宅小区业主大会、业主委员会规范化建设若干意见的通知》的通知,沪府办〔2025〕3号,上海市人民政府办公厅,2025-01-26,有效,统一政策发布平台,https://www.shanghai.gov.cn/zhengce/detail/0001::82aadccddda746518565cdb71495e3e8,
房屋与住房,规定,市级,上海市房屋管理局关于印发《上海市国有土地上房屋征收评估管理规定》的通知,沪房规范〔2025〕3号,上海市房屋管理局,2025-02-07,有效,统一政策发布平台,https://www.shanghai.gov.cn/zhengce/detail/0013::0509b19547294675b7dcfad05298bec4,docs/房屋与住房/上海市房屋管理局关于印发《上海市国有土地上房屋征收评估管理规定》的通知.md
房屋与住房,办法,市级,上海市房屋管理局关于印发《上海市国有土地上非居住房屋征收停产停业损失补偿办法》的通知,沪房规范〔2025〕2号,上海市房屋管理局,2025-02-07,有效,统一政策发布平台,https://www.shanghai.gov.cn/zhengce/detail/0013::ab95862ab03d4541b22e3fdcf3f4909e,docs/房屋与住房/上海市房屋管理局关于印发《上海市国有土地上非居住房屋征收停产停业损失补偿办法》的通知.md
房屋与住房,技术规定与导则,市级,上海市房屋管理局关于印发《上海市国有土地上房屋征收评估技术规范》的通知,沪房规范〔2025〕1号,上海市房屋管理局,2025-02-05,有效,统一政策发布平台,https://www.shanghai.gov.cn/zhengce/detail/0013::8ba564865d6e45d3b42bd1bd230b8832,docs/房屋与住房/上海市房屋管理局关于印发《上海市国有土地上房屋征收评估技术规范》的通知.md
房屋与住房,通知公告,街镇级,竖新镇关于进一步加强农村集体资产租赁管理工作的通知,沪崇竖府〔2025〕2号,上海市崇明区竖新镇人民政府,2025-01-06,有效,统一政策发布平台,https://www.shanghai.gov.cn/zhengce/detail/0085::test_434ffb5d-ffc0-45e0-a8bb-201949746285,
房屋与住房,通知公告,市级,上海市住房和城乡建设管理委员会关于加强本市住宅工程关键节点设计质量管控的通知,沪建质安〔2025〕56号,上海市住房和城乡建设管理委员会,2025-01-26,有效,统一政策发布平台,https://www.shanghai.gov.cn/zhengce/detail/0011::b96d6434939d4e6f82e765ea62945dad,
房屋与住房,通知公告,市级,上海市房屋管理局关于进一步做好公租房、廉租房申请审核“一件事”改革持续推进政务服务提质增效的通知,沪房保障〔2025〕11号,上海市房屋管理局,2025-01-21,有效,统一政策发布平台,https://www.shanghai.gov.cn/zhengce/detail/0013::ac515c18d5bd43f28d182387a46bdd02,
房屋与住房,技术规定与导则,市级,关于印发《上海市智造空间防火设计导则》的通知,沪建质安联〔2024〕639号,上海市住房和城乡建设管理委员会,2025-01-17,有效,统一政策发布平台,https://www.shanghai.gov.cn/zhengce/detail/0011::2a5770dc8c144c29a1319989ea4cc8e2,docs/房屋与住房/关于印发《上海市智造空间防火设计导则》的通知.md
房屋与住房,规划与计划,市级,关于印发《上海市智慧工地三年行动计划（2025-2027年）》的通知,沪建质安〔2025〕38号,上海市住房和城乡建设管理委员会,2025-01-17,有效,统一政策发布平台,https://www.shanghai.gov.cn/zhengce/detail/0011::10673631beae4a8aa59e365107999a00,
房屋与住房,通知公告,市级,上海市房屋管理局关于印发《新时代城市建设者管理者之家物业服务规范指南》的通知,沪房物业〔2025〕6号,上海市房屋管理局,2025-01-13,有效,统一政策发布平台,https://www.shanghai.gov.cn/zhengce/detail/0013::dd6373f28ae54f2d9c0c000bd683f95a,
房屋与住房,通知公告,市级,上海市民政局  上海市房屋管理局关于延长《上海市城市居民享受最低生活保障待遇违法行为行政处罚裁量基准》等2个文件有效期的通知,沪民规〔2025〕3号,上海市民政局,2025-01-01,有效,统一政策发布平台,https://www.shanghai.gov.cn/zhengce/detail/0034::dfbc4a1be1fc4e98bf6059f6d98c6645,
房屋与住房,办法,市级,上海市住房和城乡建设管理委员会关于印发《上海市住房和城乡建设管理委员会科技创新平台管理办法》的通知,,上海市住房和城乡建设管理委员会,2024-11,有效,市住建委规范性文件,https://zjw.sh.gov.cn/gfxwj/20241106/d2601ea07dea4d0b9f416d4ecd876f3d.html,docs/房屋与住房/上海市住房和城乡建设管理委员会关于印发《上海市住房和城乡建设管理委员会科技创新平台管理办法》的通知.md
房屋与住房,办法,市级,关于印发《上海市住宅工程业主房屋质量预看房管理办法》的通知,,上海市住房和城乡建设管理委员会,2024-05,有效,市住建委规范性文件,https://zjw.sh.gov.cn/gfxwj/20240508/5362c7fef2ed4beda49582d11d98b0c0.html,docs/房屋与住房/关于印发《上海市住宅工程业主房屋质量预看房管理办法》的通知.md
房屋与住房,办法,市级,关于修订印发《上海市房屋建筑和市政基础设施工程施工招标评标办法》的通知,,上海市住房和城乡建设管理委员会,2024-11,有效,市住建委规范性文件,https://zjw.sh.gov.cn/gfxwj/20241106/b3ff0611748a4bf1851dcd5d02fb1b87.html,docs/房屋与住房/关于修订印发《上海市房屋建筑和市政基础设施工程施工招标评标办法》的通知.md
房屋与住房,办法,市级,上海市住房和城乡建设管理委员会关于印发修订后的《上海市在沪建筑业企业信用评价管理办法》的通知,,上海市住房和城乡建设管理委员会,2024-01,有效,市住建委规范性文件,https://zjw.sh.gov.cn/gfxwj/20240129/f0c34a34f45f4bb78aa2ab580c5ba25a.html,docs/房屋与住房/上海市住房和城乡建设管理委员会关于印发修订后的《上海市在沪建筑业企业信用评价管理办法》的通知.md
房屋与住房,实施细则,市级,关于印发《上海市廉租住房申请审核实施细则》的通知,沪房规范〔2024〕10号,上海市房屋管理局,2024-12-31,有效,统一政策发布平台,https://www.shanghai.gov.cn/zhengce/detail/0013::ba16dde0056940b1bd55d80a5ca25212,docs/房屋与住房/关于印发《上海市廉租住房申请审核实施细则》的通知.md
房屋与住房,实施细则,区级,上海市青浦区住房保障和房屋管理局关于印发修订后的《青浦区区属征收安置住房建设与管理实施细则》的通知,青房管规〔2024〕2号,上海市青浦区住房保障和房屋管理局,2024-12-27,有效,统一政策发布平台,https://www.shanghai.gov.cn/zhengce/detail/0083::00831370054,docs/房屋与住房/上海市青浦区住房保障和房屋管理局关于印发修订后的《青浦区区属征收安置住房建设与管理实施细则》的通知.md
房屋与住房,实施意见,街镇级,关于印发《向化镇加强农村集体资产租赁管理的工作方案》的通知,沪崇向府〔2024〕47号,上海市崇明区向化镇人民政府,2024-12-17,有效,统一政策发布平台,https://www.shanghai.gov.cn/zhengce/detail/0085::test_ae7feea6-9cc3-47c0-aa02-da1cf5f2decb,
房屋与住房,实施细则,市级,上海市房屋管理局关于印发《上海市廉租住房租金配租管理实施细则》的通知,沪房规范〔2024〕9号,上海市房屋管理局,2024-12-31,有效,统一政策发布平台,https://www.shanghai.gov.cn/zhengce/detail/0013::684cbd3d76e94bc59616faa827d30634,docs/房屋与住房/上海市房屋管理局关于印发《上海市廉租住房租金配租管理实施细则》的通知.md
房屋与住房,实施意见,市级,关于印发《上海市住房和城乡建设管理委员会空气重污染应对工作方案》的通知,沪建应急〔2025〕663号,上海市住房和城乡建设管理委员会,2024-12-27,有效,统一政策发布平台,https://www.shanghai.gov.cn/zhengce/detail/0011::99fce85825de4392b3e78080c59f143e,
房屋与住房,办法,市级,上海市人民政府关于延长《上海市开展对部分个人住房征收房产税试点的暂行办法》有效期的通知,沪府〔2024〕72号,上海市人民政府,2024-12-18,有效,统一政策发布平台,https://www.shanghai.gov.cn/zhengce/detail/0001::2453999ab5ec46d69149d38ac72b0286,docs/房屋与住房/上海市人民政府关于延长《上海市开展对部分个人住房征收房产税试点的暂行办法》有效期的通知.md
房屋与住房,通知公告,市级,上海市住房和城乡建设管理委员会关于本市执行绿色建筑有关要求和标准的通知,沪建建材〔2024〕649号,上海市住房和城乡建设管理委员会,2024-12-23,有效,统一政策发布平台,https://www.shanghai.gov.cn/zhengce/detail/0011::fa005f03f106450ea5881ab6db109ec5,
房屋与住房,实施意见,其他,关于印发《中国（上海）自由贸易试验区临港新片区促进融资租赁业高质量发展的若干措施》的通知,沪自贸临管规范〔2024〕14号,中国（上海）自由贸易试验区临港新片区管理委员会,2024-12-12,有效,统一政策发布平台,https://www.shanghai.gov.cn/zhengce/detail/0058::9cbda4c3f78c4efdb8b109f75d7a7cd1,
房屋与住房,办法,街镇级,关于印发《新浜镇农村村民宅基地房屋管理办法》的通知,浜府规〔2024〕1号,上海市松江区新浜镇人民政府,2024-12-12,有效,统一政策发布平台,https://www.shanghai.gov.cn/zhengce/detail/0082::01a5f543974544be8a8e7474ba78c4c6,docs/房屋与住房/关于印发《新浜镇农村村民宅基地房屋管理办法》的通知.md
房屋与住房,通知公告,市级,上海市市场监督管理局 上海市公安局 上海市生态环境局 上海市住房和城乡建设管理委员会 上海市交通委员会关于印发《上海市检验检测领域综合治理行动方案》的通知,沪市监认检〔2024〕476号,上海市市场监督管理局,2024-11-21,有效,统一政策发布平台,https://www.shanghai.gov.cn/zhengce/detail/0019::2c984ad6934e670e019352ff587d145a,
房屋与住房,通知公告,市级,关于取消普通住房标准有关事项的通知,沪建房管联〔2024〕585号,上海市住房和城乡建设管理委员会,2024-11-18,有效,统一政策发布平台,https://www.shanghai.gov.cn/zhengce/detail/0011::0755c5dfad2b4e51989b3c064f7e9bfe,
房屋与住房,通知公告,其他,关于印发《中国（上海）自由贸易试验区临港新片区高品质住宅管理大纲（2024）》的通知,沪自贸临管委〔2024〕139号,中国（上海）自由贸易试验区临港新片区管理委员会,2024-11-15,有效,统一政策发布平台,https://www.shanghai.gov.cn/zhengce/detail/0058::4555b896774e483ea13941e77fa6a3a6,
房屋与住房,规定,市级,关于查处损坏房屋承重结构违法行为的若干规定,沪城管规〔2024〕5号,上海市城市管理行政执法局,2024-11-11,有效,统一政策发布平台,https://www.shanghai.gov.cn/zhengce/detail/0043::ee608b6de2b1471a87b0f985fb4f21f5,docs/房屋与住房/关于查处损坏房屋承重结构违法行为的若干规定.md
房屋与住房,通知公告,市级,上海市住房和城乡建设管理委员会关于批准发布《上海市房屋建筑工程养护维修估算指标 SH00-42-2024》的通知,沪建标定〔2024〕550号,上海市住房和城乡建设管理委员会,2024-10-28,有效,统一政策发布平台,https://www.shanghai.gov.cn/zhengce/detail/0011::a7a65c52f0fc43eaa02d96b838e3dab9,
房屋与住房,通知公告,市级,关于明确政府投资项目建筑信息模型技术应用范围和要求的通知,沪建管联〔2024〕501号,上海市住房和城乡建设管理委员会,2024-09-29,有效,统一政策发布平台,https://www.shanghai.gov.cn/zhengce/detail/0011::13eb8872488146eebe9e3f8a6f6ac420,
房屋与住房,实施细则,区级,浦东新区人民政府关于印发《浦东新区不成套职工住宅更新改造实施细则》的通知,浦府规〔2024〕4号,上海市浦东新区人民政府,2024-10-29,有效,统一政策发布平台,https://www.shanghai.gov.cn/zhengce/detail/0070::0070333959,docs/房屋与住房/浦东新区人民政府关于印发《浦东新区不成套职工住宅更新改造实施细则》的通知.md
房屋与住房,实施意见,区级,上海市宝山区人民政府关于印发《宝山区征收集体土地房屋补偿实施意见》的通知,宝府规〔2024〕1号,上海市宝山区人民政府办公室,2024-09-28,有效,统一政策发布平台,https://www.shanghai.gov.cn/zhengce/detail/0078::38643670-2ebc-44b2-aab6-81e6de3d0153,
房屋与住房,实施意见,市级,关于印发《关于进一步加强本市既有多层住宅加装电梯全过程管理的若干意见》的通知,沪房更新〔2024〕126号,上海市房屋管理局,2024-10-09,有效,统一政策发布平台,https://www.shanghai.gov.cn/zhengce/detail/0013::5ae12a9051204cf9838fc4105c49ebda,
房屋与住房,通知公告,市级,关于调整本市住房公积金个人住房贷款政策的通知,沪公积金管委会〔2024〕8号,上海市住房公积金管理委员会,2024-10-17,有效,统一政策发布平台,https://www.shanghai.gov.cn/zhengce/detail/0064::e8ed4fa8e27646f4a61c4413ecbacbb1,
房屋与住房,通知公告,市级,关于优化家庭生活困难提取住房公积金政策的通知,沪公积金管委会〔2024〕7号,上海市住房公积金管理委员会,2024-10-09,有效,统一政策发布平台,https://www.shanghai.gov.cn/zhengce/detail/0064::515e0d07aa6140c284680642b0795a71,
房屋与住房,通知公告,市级,关于优化本市住房公积金租赁提取业务相关事项的通知,沪公积金管委会〔2024〕6号,上海市住房公积金管理委员会,2024-10-09,有效,统一政策发布平台,https://www.shanghai.gov.cn/zhengce/detail/0064::3219ad43e21e439682104e1f9ce95aae,
房屋与住房,实施意见,市级,关于印发《关于本市保障房配建的实施意见》的通知,沪房保障〔2024〕120号,上海市房屋管理局,2024-09-30,有效,统一政策发布平台,https://www.shanghai.gov.cn/zhengce/detail/0013::546629f138374c5b8b6998b2a0498b83,
房屋与住房,通知公告,市级,关于进一步优化本市房地产市场政策措施的通知,沪建房管联〔2024〕502号,上海市住房和城乡建设管理委员会,2024-09-29,有效,统一政策发布平台,https://www.shanghai.gov.cn/zhengce/detail/0011::4ba6c8415e4a4aa2ae7b0c758d57c5a8,
房屋与住房,实施意见,区级,上海市普陀区人民政府办公室关于转发区城管执法局制订的《普陀区住宅小区违法行为综合治理工作方案》的通知,普府办〔2024〕18号,上海市普陀区人民政府办公室,2024-09-20,有效,统一政策发布平台,https://www.shanghai.gov.cn/zhengce/detail/0075::0075192408,
房屋与住房,技术规定与导则,市级,上海市住房和城乡建设管理委员会关于批准《公共建筑节能设计标准》局部修订的通知,沪建标定〔2024〕285号,上海市住房和城乡建设管理委员会,2024-09-26,有效,统一政策发布平台,https://www.shanghai.gov.cn/zhengce/detail/0011::1dbd6f19285a4799a8f82181a9b5332d,docs/房屋与住房/上海市住房和城乡建设管理委员会关于批准《公共建筑节能设计标准》局部修订的通知.md
房屋与住房,实施意见,其他,关于印发《关于进一步加强临港新片区新建住宅工程设计质量管控实施方案》的通知,沪自贸临管委〔2024〕106号,中国（上海）自由贸易试验区临港新片区管理委员会,2024-09-23,有效,统一政策发布平台,https://www.shanghai.gov.cn/zhengce/detail/0058::eb707b820242421e9af595436cdb8807,
房屋与住房,规定,区级,上海市松江区人民政府关于印发《松江区关于贯彻〈上海市征收集体土地房屋补偿规定〉的实施意见》的通知,沪松府规〔2024〕4号,上海市松江区人民政府,2024-09-16,有效,统一政策发布平台,https://www.shanghai.gov.cn/zhengce/detail/0082::996b74b1ee4d47ea97478806a3578057,docs/房屋与住房/上海市松江区人民政府关于印发《松江区关于贯彻〈上海市征收集体土地房屋补偿规定〉的实施意见》的通知.md
房屋与住房,办法,区级,上海市青浦区住房保障和房屋管理局关于印发修改后的《青浦区公共租赁住房管理实施办法》的通知,青房管规〔2024〕1号,上海市青浦区住房保障和房屋管理局,2024-09-09,有效,统一政策发布平台,https://www.shanghai.gov.cn/zhengce/detail/0083::00831343672,docs/房屋与住房/上海市青浦区住房保障和房屋管理局关于印发修改后的《青浦区公共租赁住房管理实施办法》的通知.md
房屋与住房,规定,市级,上海市房屋管理局关于印发《关于规范本市住宅维修资金管理的若干规定》的通知,沪房规范〔2024〕7号,上海市房屋管理局,2024-08-21,有效,统一政策发布平台,https://www.shanghai.gov.cn/zhengce/detail/0013::601e341950f84503a6fb9f1895fdffb3,docs/房屋与住房/上海市房屋管理局关于印发《关于规范本市住宅维修资金管理的若干规定》的通知.md
房屋与住房,规划与计划,市级,关于进一步完善本市保障性租赁住房规划建设管理的意见,沪规划资源建〔2024〕354号,上海市规划和自然资源局,2024-08-27,有效,统一政策发布平台,https://www.shanghai.gov.cn/zhengce/detail/0032::d570316cdebe4965a8742bc33d24627e,
房屋与住房,通知公告,区级,上海市松江区人民政府关于同意延长《松江区人民政府关于本区国有土地上房屋征收与补偿相关标准的决定》文件有效期的通知,沪松府规〔2024〕3号,上海市松江区人民政府办公室,2024-08-26,有效,统一政策发布平台,https://www.shanghai.gov.cn/zhengce/detail/0082::6c027986-b53f-47f6-861b-9be9df433f3a,
房屋与住房,办法,区级,关于印发《虹口区危险房屋应急处置工作办法（试行）》的通知,虹房管〔2024〕68号,上海市虹口区住房保障和房屋管理局,2024-08-14,有效,统一政策发布平台,https://www.shanghai.gov.cn/zhengce/detail/0076::64d55037-4877-4466-a741-8871e7cd8f60,docs/房屋与住房/关于印发《虹口区危险房屋应急处置工作办法（试行）》的通知.md
房屋与住房,通知公告,市级,上海市住房城乡建设管理委员会关于进一步加强本市新建住宅工程设计质量管控的通知,沪建质安〔2024〕417号,上海市住房和城乡建设管理委员会,2024-08-09,有效,统一政策发布平台,https://www.shanghai.gov.cn/zhengce/detail/0011::09f7045cd0054aa2825687ea121f3c94,
房屋与住房,通知公告,市级,上海市住房和城乡建设管理委员会关于批准发布《上海市绿化市容工程养护维修估算指标第五册景观照明（SHA2-42（05-2024）（试行）》的通知,沪建标定〔2024〕406号,上海市住房和城乡建设管理委员会,2024-08-02,有效,统一政策发布平台,https://www.shanghai.gov.cn/zhengce/detail/0011::6d13589fa07a4538bc7e4c2dee9ed7d8,
房屋与住房,规定,市级,市交通委、市发展改革委、市规划资源局、市住房城乡建设管理委、市财政局关于印发《上海市公共停车设施建设运营管理规定》的通知,沪交行规〔2024〕3号,上海市交通委员会,2024-08-02,有效,统一政策发布平台,https://www.shanghai.gov.cn/zhengce/detail/0010::4d69ba4d09354b98abc4cbe7fac31ffe,docs/房屋与住房/市交通委、市发展改革委、市规划资源局、市住房城乡建设管理委、市财政局关于印发《上海市公共停车设施建设.md
房屋与住房,通知公告,区级,闵行区人民政府关于印发《闵行区征收集体土地居住房屋补偿标准的意见》的通知,闵府规发〔2024〕9号,上海市闵行区人民政府,2024-08-01,有效,统一政策发布平台,https://www.shanghai.gov.cn/zhengce/detail/0079::ededf68e-3444-4b64-bc7a-f3638e9fa39b,
房屋与住房,通知公告,市级,上海市住房和城乡建设管理委员会关于做好本市建筑起重机械使用登记办理和电子证照应用的通知,沪建质安〔2024〕384号,上海市住房和城乡建设管理委员会,2024-07-26,有效,统一政策发布平台,https://www.shanghai.gov.cn/zhengce/detail/0011::0ec6b941c2d64e6784b08b59809c08cd,
房屋与住房,通知公告,市级,上海市市场监督管理局关于发布上海市地方标准《绿色融资租赁项目认定规则》的公告,沪市监标技〔2024〕349号,上海市市场监督管理局,2024-07-23,有效,统一政策发布平台,https://www.shanghai.gov.cn/zhengce/detail/0019::2c984ad690b92fcd0190fdc0d90701b6,
房屋与住房,通知公告,市级,上海市住房和城乡建设管理委员会关于落实建筑外窗工程全面应用成品窗的通知,沪建建材〔2024〕369号,上海市住房和城乡建设管理委员会,2024-07-18,有效,统一政策发布平台,https://www.shanghai.gov.cn/zhengce/detail/0011::34e9ecf4a87c4ddc9f1dacc1d20393d0,
房屋与住房,通知公告,市级,关于明确本市保障性租赁住房项目生活垃圾处理收费事宜的通知,沪房保障〔2024〕92号,上海市房屋管理局,2024-07-17,有效,统一政策发布平台,https://www.shanghai.gov.cn/zhengce/detail/0013::478c296820ee47de91e4387a9ca3f6b9,
房屋与住房,通知公告,市级,上海市住房和城乡建设管理委员会关于批准《排水管道通用图集》为上海市建筑标准设计的通知,沪建标定〔2024〕348号,上海市住房和城乡建设管理委员会,2024-07-10,有效,统一政策发布平台,https://www.shanghai.gov.cn/zhengce/detail/0011::716aefb18cf649ddbbd4a40de83fc934,
房屋与住房,规定,市级,关于印发《关于保障房房源管理的若干规定》的通知,沪房规范〔2024〕6号,上海市房屋管理局,2024-07-02,有效,统一政策发布平台,https://www.shanghai.gov.cn/zhengce/detail/0013::44eae05cdcac4d0a9f1cd64dfa534c5b,docs/房屋与住房/关于印发《关于保障房房源管理的若干规定》的通知.md
房屋与住房,规定,市级,上海市房屋管理局关于印发《关于公有居住房屋变更、分列租赁户名的若干规定》的通知,沪房规范〔2024〕5号,上海市房屋管理局,2024-06-28,有效,统一政策发布平台,https://www.shanghai.gov.cn/zhengce/detail/0013::6dacf817b61a47c693eb269bcedc4fa3,docs/房屋与住房/上海市房屋管理局关于印发《关于公有居住房屋变更、分列租赁户名的若干规定》的通知.md
房屋与住房,办法,市级,上海市房屋管理局关于延长《上海市廉租住房申请对象住房面积核查办法》等2个规范性文件有效期的通知,沪房规范〔2024〕4号,上海市房屋管理局,2024-06-28,有效,统一政策发布平台,https://www.shanghai.gov.cn/zhengce/detail/0013::891eb268ed8049a498f3cd147a7ebb7a,docs/房屋与住房/上海市房屋管理局关于延长《上海市廉租住房申请对象住房面积核查办法》等2个规范性文件有效期的通知.md
房屋与住房,实施意见,市级,上海市房屋管理局关于印发《上海市房屋管理局空气重污染应急工作方案》的通知,沪房更新〔2024〕64号,上海市房屋管理局,2024-06-13,有效,统一政策发布平台,https://www.shanghai.gov.cn/zhengce/detail/0013::9c282465aeae40a5b8d1bc290ffc1a08,
房屋与住房,通知公告,市级,上海市住房和城乡建设管理委员会关于批准《装配式混凝土结构连接节点构造及构件图集》为上海市建筑标准设计的通知,沪建标定〔2024〕290号,上海市住房和城乡建设管理委员会,2024-06-11,有效,统一政策发布平台,https://www.shanghai.gov.cn/zhengce/detail/0011::5ef0552898f94c838be87f60d08c267d,
房屋与住房,通知公告,市级,关于优化本市房地产市场平稳健康发展政策措施的通知,沪建房管联〔2024〕258号,上海市住房和城乡建设管理委员会,2024-05-27,有效,统一政策发布平台,https://www.shanghai.gov.cn/zhengce/detail/0011::37a5b3f8faad46df8deb82583a4a7fe2,
房屋与住房,通知公告,市级,关于调整本市住房公积金个人住房贷款最高贷款额度和最低首付款比例的通知,沪公积金管委会〔2024〕3号,上海市住房公积金管理委员会,2024-05-27,有效,统一政策发布平台,https://www.shanghai.gov.cn/zhengce/detail/0064::eaaa4b8f56b24c1b93c083203ef81fa2,
房屋与住房,技术规定与导则,市级,上海市住房和城乡建设管理委员会等部门关于印发《上海市既有住宅承重结构损坏及修复检测鉴定技术导则》（试行）、《上海市既有住宅承重结构损坏修复技术导则》（试行）的通知,沪建城管联〔2024〕180号,上海市住房和城乡建设管理委员会,2024-05-24,有效,统一政策发布平台,https://www.shanghai.gov.cn/zhengce/detail/0011::6d57dd92dfb343009eae055cae58d607,docs/房屋与住房/上海市住房和城乡建设管理委员会等部门关于印发《上海市既有住宅承重结构损坏及修复检测鉴定技术导则》（试.md
房屋与住房,技术规定与导则,市级,关于印发《上海市保障性住房（大型居住社区）配套建设管理导则（基地内市政公建配套）（2024年修订版）》的通知,沪建房管联〔2024〕243号,上海市住房和城乡建设管理委员会,2024-05-22,有效,统一政策发布平台,https://www.shanghai.gov.cn/zhengce/detail/0011::939717ffe7414ae4a491d6c795c5c094,docs/房屋与住房/关于印发《上海市保障性住房（大型居住社区）配套建设管理导则（基地内市政公建配套）（2024年修订版）.md
房屋与住房,通知公告,市级,上海市住房和城乡建设管理委员会关于批准《太阳能热水系统应用图集》为上海市建筑标准设计的通知,沪建标定〔2024〕245号,上海市住房和城乡建设管理委员会,2024-05-21,有效,统一政策发布平台,https://www.shanghai.gov.cn/zhengce/detail/0011::900d3fb4d7404ac6b91eb162e0bf0140,
房屋与住房,通知公告,区级,浦东新区人民政府关于延长《浦东新区国有土地上非居住房屋按期搬迁奖励费标准》有效期的通知,浦府规〔2024〕2号,上海市浦东新区人民政府,2024-05-17,有效,统一政策发布平台,https://www.shanghai.gov.cn/zhengce/detail/0070::0070327443,
房屋与住房,通知公告,市级,上海市房屋管理局关于做好本市房屋白蚁防治工作的通知,沪房物业〔2024〕62号,上海市房屋管理局,2024-05-09,有效,统一政策发布平台,https://www.shanghai.gov.cn/zhengce/detail/0013::2dff38454e8b4babb36c343c5134147f,
房屋与住房,办法,其他,关于印发《中国（上海）自由贸易试验区临港新片区保障性租赁住房数据收集管理办法》的通知,沪自贸临管委〔2024〕43号,中国（上海）自由贸易试验区临港新片区管理委员会,2024-05-10,有效,统一政策发布平台,https://www.shanghai.gov.cn/zhengce/detail/0058::d3e548aa96514a58969b0971ccd24c3a,docs/房屋与住房/关于印发《中国（上海）自由贸易试验区临港新片区保障性租赁住房数据收集管理办法》的通知.md
房屋与住房,规定,市级,关于印发《上海市征收集体土地房屋补偿评估管理规定》的通知,沪规划资源规〔2024〕3号,上海市规划和自然资源局,2024-05-08,有效,统一政策发布平台,https://www.shanghai.gov.cn/zhengce/detail/0032::1311f4d4157041f1b367ea8bb7e98d29,docs/房屋与住房/关于印发《上海市征收集体土地房屋补偿评估管理规定》的通知.md
房屋与住房,通知公告,市级,上海市市场监督管理局关于发布《住宅电梯安全管理规范》等11项地方标准的公告,沪市监标技〔2024〕143号,上海市市场监督管理局,2024-04-02,有效,统一政策发布平台,https://www.shanghai.gov.cn/zhengce/detail/0019::2c984ad68ef4a48b018f4bdff0281cc8,
房屋与住房,实施意见,街镇级,关于印发《关于进一步完善吴淞街道经营性资产租赁管理的若干意见》的通知,宝吴街办〔2024〕2号,上海市宝山区吴淞街道办事处,2024-04-18,有效,统一政策发布平台,https://www.shanghai.gov.cn/zhengce/detail/0078::5c76a5a0-4a75-473c-a5bc-a4d6d1facdf1,
房屋与住房,通知公告,市级,关于本市住房公积金提取偿还长三角异地住房公积金贷款有关政策的通知,沪公积金管委会〔2024〕2号,上海市住房公积金管理委员会,2024-04-17,有效,统一政策发布平台,https://www.shanghai.gov.cn/zhengce/detail/0064::64b32adc9ba5449a99663d4c83157f2d,
房屋与住房,通知公告,区级,关于进一步完善浦东新区老旧住宅电梯更新改造相关工作的通知,浦建委物管〔2024〕31号,上海市浦东新区建设和交通委员会（国防动员办公室、人民防空办公室、住房保障和房屋管理局）,2024-04-09,有效,统一政策发布平台,https://www.shanghai.gov.cn/zhengce/detail/0070::0070326207,
房屋与住房,规划与计划,市级,上海市商务委员会 上海市规划和自然资源局 上海市住房和城乡建设管理委员会 上海市财政局 上海市文化和旅游局 上海市市场监督管理局 上海市绿化和市容管理局关于印发《上海市商圈能级提升三年行动方案（2024-2026年）》的通知,沪商商贸〔2024〕57号,上海市商务委员会,2024-04-08,有效,统一政策发布平台,https://www.shanghai.gov.cn/zhengce/detail/0023::fd00c1f5afe24e4d8a101df1e647cf7a,
房屋与住房,办法,市级,关于废止规范性文件《上海市大型居住社区征收安置房源价格管理办法》的通知,沪房规范〔2024〕3号,上海市房屋管理局,2024-03-28,有效,统一政策发布平台,https://www.shanghai.gov.cn/zhengce/detail/0013::442b29b153354bbfb638c66449695186,docs/房屋与住房/关于废止规范性文件《上海市大型居住社区征收安置房源价格管理办法》的通知.md
房屋与住房,规定,市级,上海市生态环境局、市住房城乡建设管理委、市交通委关于印发《上海市扬尘在线监测数据执法应用规定》的通知,沪环规〔2024〕2号,上海市生态环境局,2024-03-14,有效,统一政策发布平台,https://www.shanghai.gov.cn/zhengce/detail/0024::dd41454704264c18a1dde324a7d1006f,docs/房屋与住房/上海市生态环境局、市住房城乡建设管理委、市交通委关于印发《上海市扬尘在线监测数据执法应用规定》的通知.md
房屋与住房,实施意见,区级,上海市青浦区住房保障和房屋管理局关于印发《青浦区老旧小区综合改造实施方案》的通知,青房管〔2024〕1号,上海市青浦区住房保障和房屋管理局,2024-03-04,有效,统一政策发布平台,https://www.shanghai.gov.cn/zhengce/detail/0083::00831343674,
房屋与住房,办法,街镇级,张庙街道住宅小区物业工作考核办法,宝张街〔2024〕3号,上海市宝山区张庙街道办事处,2024-03-08,有效,统一政策发布平台,https://www.shanghai.gov.cn/zhengce/detail/0078::37e64a06f5534285931e558e9534b748,docs/房屋与住房/张庙街道住宅小区物业工作考核办法.md
房屋与住房,通知公告,市级,上海市房屋管理局关于旧区改造安置住房、旧住房成套改造项目、“城中村”改造项目免缴城市基础设施配套费的通知,沪房规范〔2024〕2号,上海市房屋管理局,2024-02-29,有效,统一政策发布平台,https://www.shanghai.gov.cn/zhengce/detail/0013::e9da5dd0980f46e4a3885ea6dbba927c,
房屋与住房,通知公告,市级,上海市房屋管理局关于加强物业服务企业履行住宅装修管理职责的通知,沪房规范〔2024〕1号,上海市房屋管理局,2024-02-29,有效,统一政策发布平台,https://www.shanghai.gov.cn/zhengce/detail/0013::a03420d81639493db42343592087bb91,
房屋与住房,实施意见,区级,关于印发《松江区农村住房建筑活动管理试点工作方案》的通知,沪松建管〔2024〕21号,上海市松江区建设和管理委员会,2024-02-29,有效,统一政策发布平台,https://www.shanghai.gov.cn/zhengce/detail/0082::004d0d9495744a299504df402bc13d0f,
房屋与住房,办法,市级,上海市住房和城乡建设管理委员会关于修订印发《上海市房屋建筑和市政基础设施工程施工招标评标办法》的通知,沪建规范〔2024〕5号,上海市住房和城乡建设管理委员会,2024-02-23,有效,统一政策发布平台,https://www.shanghai.gov.cn/zhengce/detail/0011::e567e12c4000457cb907b231d9189cb6,docs/房屋与住房/上海市住房和城乡建设管理委员会关于修订印发《上海市房屋建筑和市政基础设施工程施工招标评标办法》的通知.md
房屋与住房,通知公告,市级,上海市住房和城乡建设管理委员会关于调整本市城市基础设施养护维修工程规费项目设置及费用计算等相关事项的通知,沪建标定〔2024〕84号,上海市住房和城乡建设管理委员会,2024-02-08,有效,统一政策发布平台,https://www.shanghai.gov.cn/zhengce/detail/0011::d7befcd89c67489abd533f9c4b38f118,
房屋与住房,实施意见,市级,上海市民政局关于开展本市困难群众加装电梯帮扶工作的指导意见,沪民救发〔2024〕4号,上海市民政局,2024-02-06,有效,统一政策发布平台,https://www.shanghai.gov.cn/zhengce/detail/0034::3baf2caa8a214ec1887a1434a5578ba5,
房屋与住房,通知公告,市级,关于优化本市住房限购政策的通知,沪建房管联〔2024〕58号,上海市住房和城乡建设管理委员会,2024-01-30,有效,统一政策发布平台,https://www.shanghai.gov.cn/zhengce/detail/0011::72fefd1e07db4c9992e9536d4a9ff0dc,
房屋与住房,通知公告,市级,上海市住房和城乡建设管理委员会关于印发《上海市养护维修工程估算指标编制指南》的通知,沪建标定〔2024〕36号,上海市住房和城乡建设管理委员会,2024-01-19,有效,统一政策发布平台,https://www.shanghai.gov.cn/zhengce/detail/0011::6f335fda86c744e5bfc3c91991db02c8,
房屋与住房,规定,市级,关于印发《上海市集中出租房屋安全管理规定》的通知,沪公行规〔2024〕1号,上海市公安局,2024-01-09,有效,统一政策发布平台,https://www.shanghai.gov.cn/zhengce/detail/0033::GKXX-20240115115232728--1635,docs/房屋与住房/关于印发《上海市集中出租房屋安全管理规定》的通知.md
房屋与住房,技术规定与导则,市级,关于印发嘉定、青浦、松江、奉贤、南汇新城《绿色生态规划建设导则》的通知,沪建建材联〔2023〕561号,上海市住房和城乡建设管理委员会,2024-01-02,有效,统一政策发布平台,https://www.shanghai.gov.cn/zhengce/detail/0011::c392f04e37334fecaa027efc119cfee8,docs/房屋与住房/关于印发嘉定、青浦、松江、奉贤、南汇新城《绿色生态规划建设导则》的通知.md
房屋与住房,实施细则,区级,关于印发《浦东新区公共租赁住房供应管理实施细则》的通知,浦建委规〔2024〕1号,上海市浦东新区建设和交通委员会（国防动员办公室、人民防空办公室、住房保障和房屋管理局）,2024-01-02,有效,统一政策发布平台,https://www.shanghai.gov.cn/zhengce/detail/0070::0070321748,docs/房屋与住房/关于印发《浦东新区公共租赁住房供应管理实施细则》的通知.md
房屋与住房,规定,市级,上海市住房和城乡建设管理委员会关于印发《上海市施工作业保护燃气管道管理规定》的通知,,上海市住房和城乡建设管理委员会,2023-10,有效,市住建委规范性文件,https://zjw.sh.gov.cn/gfxwj/20231025/67f997ac4c194aacb57cb6b4b42fde84.html,docs/房屋与住房/上海市住房和城乡建设管理委员会关于印发《上海市施工作业保护燃气管道管理规定》的通知.md
房屋与住房,通知公告,市级,上海市住房和城乡建设管理委员会关于进一步完善本市建筑工程拖欠农民工工资管理工作的通知,,上海市住房和城乡建设管理委员会,2023-03,有效,市住建委规范性文件,https://zjw.sh.gov.cn/gfxwj/20230328/004855a61f5b4ec1920d1c75013b7e3c.html,
房屋与住房,通知公告,市级,上海市住房和城乡建设管理委员会关于进一步加强本市瓶装液化石油气用户安全管理的通知,沪建设施〔2023〕543号,上海市住房和城乡建设管理委员会,2023-10-19,有效,统一政策发布平台,https://www.shanghai.gov.cn/zhengce/detail/0011::9f084bc5b2974fa7a4b54bfbec86dbfb,
房屋与住房,通知公告,市级,关于做好本市建筑工地务工人员健康管理的通知,沪建质安联〔2023〕471号,上海市住房和城乡建设管理委员会,2023-10-08,有效,统一政策发布平台,https://www.shanghai.gov.cn/zhengce/detail/0011::2d0f30f2c1b14ee292dfd69e4c079ab0,
房屋与住房,通知公告,市级,关于进一步加强本市住宅小区排水管网专业化疏通养护工作的通知,沪水务〔2023〕1113号,上海市水务局,2023-12-29,有效,统一政策发布平台,https://www.shanghai.gov.cn/zhengce/detail/0004::b9196699306a4d1aa2e2d1ac954343f8,
房屋与住房,实施意见,市级,关于印发《“一江一河”儿童友好滨水空间建设指导意见》的通知,沪建浦江联〔2023〕637号,上海市住房和城乡建设管理委员会,2023-12-13,有效,统一政策发布平台,https://www.shanghai.gov.cn/zhengce/detail/0011::b5bd636762dc4b8e9cc348f0b9c8319f,
房屋与住房,通知公告,市级,上海市经济信息化委 市财政局 市发展改革委 市科委 市交通委 市住房城乡建设管理委关于开展2023年度上海市燃料电池汽车示范应用项目申报工作的通知,沪经信制〔2023〕1266号,上海市经济和信息化委员会,2023-12-29,有效,统一政策发布平台,https://www.shanghai.gov.cn/zhengce/detail/0020::b0ff1cb0fe9c4f8eb1d60d6a3191338a,
房屋与住房,规定,区级,浦东新区人民政府关于印发《浦东新区住宅小区房屋应急维修服务管理若干规定》的通知,浦府管规〔2023〕7号,上海市浦东新区人民政府,2023-12-29,有效,统一政策发布平台,https://www.shanghai.gov.cn/zhengce/detail/0070::0070321642,docs/房屋与住房/浦东新区人民政府关于印发《浦东新区住宅小区房屋应急维修服务管理若干规定》的通知.md
房屋与住房,通知公告,市级,上海市房屋管理局关于废止部分规范性文件的通知,沪房规范〔2023〕5号,上海市房屋管理局,2023-10-31,有效,统一政策发布平台,https://www.shanghai.gov.cn/zhengce/detail/0013::5d72d8d302da430dae0750a905a05603,
房屋与住房,实施细则,市级,上海市住房和城乡建设管理委员会关于印发《上海市智慧工地场景试验室建设实施细则（试行）》的通知,沪建质安〔2023〕701号,上海市住房和城乡建设管理委员会,2023-12-27,有效,统一政策发布平台,https://www.shanghai.gov.cn/zhengce/detail/0011::2efac07cf2d247178212f1ac564a68de,docs/房屋与住房/上海市住房和城乡建设管理委员会关于印发《上海市智慧工地场景试验室建设实施细则（试行）》的通知.md
房屋与住房,通知公告,市级,上海市房屋管理局关于进一步做好本市住房租赁和房地产经纪行业从业人员实名从业的工作通知,沪房市场〔2023〕162号,上海市房屋管理局,2023-12-21,有效,统一政策发布平台,https://www.shanghai.gov.cn/zhengce/detail/0013::5fa5005eedbf417cae05398065976322,
房屋与住房,通知公告,街镇级,关于印发《吴泾镇规模化居住租赁场所长效管理工作制度》的通知,闵吴府发〔2023〕17号,上海市闵行区吴泾镇人民政府,2023-12-27,有效,统一政策发布平台,https://www.shanghai.gov.cn/zhengce/detail/0079::8d31263c-5830-44f0-b42b-0d843ef91b65,
房屋与住房,通知公告,区级,闵行区人民政府关于印发《闵行区征收集体土地非居住房屋停产停业损失补偿标准》的通知,闵府规发〔2023〕5号,上海市闵行区人民政府办公室（闵行区政府研究室、闵行区政府外事办公室、闵行区政府合作交流办公室）,2023-12-25,有效,统一政策发布平台,https://www.shanghai.gov.cn/zhengce/detail/0079::8a283cd1-d92e-4d82-b4c8-73d6a644cdba,
房屋与住房,实施意见,市级,关于印发《苏州河中心城段文旅功能提升工作方案（近期）》的通知,沪建浦江联〔2023〕616号,上海市住房和城乡建设管理委员会,2023-12-21,有效,统一政策发布平台,https://www.shanghai.gov.cn/zhengce/detail/0011::df58009ea16f4fcc8de2dcb032fbf89a,
房屋与住房,规定,市级,上海市房屋管理局关于延长《上海市国有土地上房屋征收评估报告鉴定若干规定》《关于贯彻〈住房城乡建设部关于进一步规范房地产估价机构管理工作的通知〉的实施意见》有效期的通知,沪房规范〔2023〕9号,上海市房屋管理局,2023-12-07,有效,统一政策发布平台,https://www.shanghai.gov.cn/zhengce/detail/0013::f4178069186648fb92b47856c1994186,docs/房屋与住房/上海市房屋管理局关于延长《上海市国有土地上房屋征收评估报告鉴定若干规定》《关于贯彻〈住房城乡建设部关.md
房屋与住房,实施意见,区级,关于印发《上海市崇明区旧住房成套改造实施方案》的通知,沪崇房管规〔2023〕1号,上海市崇明区住房保障和房屋管理局,2023-11-30,有效,统一政策发布平台,https://www.shanghai.gov.cn/zhengce/detail/0085::aa465c8f-9d2c-4b09-a428-dc52863da118,
房屋与住房,实施意见,区级,关于印发《关于进一步加强金山区住宅小区物业承接查验管理工作的指导意见》的通知,金房管规〔2023〕1号,上海市金山区住房保障和房屋管理局,2023-12-01,有效,统一政策发布平台,https://www.shanghai.gov.cn/zhengce/detail/0081::0081bd133b2897eae6f555301b9374f6a7dd,
房屋与住房,通知公告,市级,关于做好既有多层住宅加装电梯供水配套服务的通知,沪水务〔2023〕927号,上海市水务局,2023-11-17,有效,统一政策发布平台,https://www.shanghai.gov.cn/zhengce/detail/0004::43e893834b774503abb1c1a914a1281b,
房屋与住房,办法,市级,上海市房屋管理局关于印发《上海市优秀历史建筑修缮（装修改造）设计方案审批管理办法》的通知,沪房规范〔2023〕8号,上海市房屋管理局,2023-11-01,有效,统一政策发布平台,https://www.shanghai.gov.cn/zhengce/detail/0013::8eeb3c796868448dac5aa4a8adcaca59,docs/房屋与住房/上海市房屋管理局关于印发《上海市优秀历史建筑修缮（装修改造）设计方案审批管理办法》的通知.md
房屋与住房,办法,区级,金山区人民政府关于印发《金山区征收集体土地房屋补偿实施办法》的通知,金府规发〔2023〕3号,上海市金山区人民政府,2023-10-26,有效,统一政策发布平台,https://www.shanghai.gov.cn/zhengce/detail/0081::00816c2d5b648f915787a2ece814a2581fc0,docs/房屋与住房/金山区人民政府关于印发《金山区征收集体土地房屋补偿实施办法》的通知.md
房屋与住房,通知公告,市级,关于优化本市住房公积金个人住房贷款套数认定标准的通知,沪公积金管委会〔2023〕12号,上海市住房公积金管理委员会,2023-10-17,有效,统一政策发布平台,https://www.shanghai.gov.cn/zhengce/detail/0064::6f06666fc92b4d50a08d9d655fa27ee6,
房屋与住房,规定,市级,上海市房屋管理局关于延长《〈上海市新建住宅交付使用许可规定〉实施细则》有效期的通知,沪房规范〔2023〕7号,上海市房屋管理局,2023-09-28,有效,统一政策发布平台,https://www.shanghai.gov.cn/zhengce/detail/0013::2f4e6f2e1b8945989c2b31e766370c5c,docs/房屋与住房/上海市房屋管理局关于延长《〈上海市新建住宅交付使用许可规定〉实施细则》有效期的通知.md
房屋与住房,实施意见,区级,关于印发《虹口区住宅小区物业服务达标奖励实施意见》的通知,虹房管规〔2023〕1号,上海市虹口区住房保障和房屋管理局,2023-10-07,有效,统一政策发布平台,https://www.shanghai.gov.cn/zhengce/detail/0076::a5f7151d-5a00-434e-bac4-a2bb5e21d984,
房屋与住房,实施意见,市级,关于印发《上海市全面推进建筑信息模型技术深化应用的实施意见》的通知,沪住建规范联〔2023〕14号,上海市住房和城乡建设管理委员会,2023-09-25,有效,统一政策发布平台,https://www.shanghai.gov.cn/zhengce/detail/0011::d441d385ef104f348b4eda37a8f7966e,
房屋与住房,实施意见,市级,上海市住房和城乡建设管理委员会关于印发《上海市城镇燃气安全专项整治燃气管理部门专项实施方案》的通知,沪建设施〔2023〕478号,上海市住房和城乡建设管理委员会,2023-09-12,有效,统一政策发布平台,https://www.shanghai.gov.cn/zhengce/detail/0011::22ed349a9a7c435fa29829e64bc19f3c,
房屋与住房,通知公告,市级,上海市市场监督管理局关于发布《既有多层住宅加装电梯使用管理规范》等10项地方标准的公告,沪市监标技〔2023〕409号,上海市市场监督管理局,2023-08-21,有效,统一政策发布平台,https://www.shanghai.gov.cn/zhengce/detail/0019::2c984ad68a6a2807018a6cd8f26900a3,
房屋与住房,通知公告,市级,上海市住房和城乡建设管理委员会关于进一步加强对本市建筑工地燃气及危险化学品安全防范工作的通知,沪建质安〔2023〕462号,上海市住房和城乡建设管理委员会,2023-09-05,有效,统一政策发布平台,https://www.shanghai.gov.cn/zhengce/detail/0011::1e85cb5710b34e4db848d442688d1852,
房屋与住房,通知公告,市级,关于优化我市个人住房贷款中住房套数认定标准的通知,沪建房管联〔2023〕446号,上海市住房和城乡建设管理委员会,2023-09-01,有效,统一政策发布平台,https://www.shanghai.gov.cn/zhengce/detail/0011::e71ae5af68cd4d54841e485f4266e480,
房屋与住房,通知公告,市级,上海市房屋管理局关于印发《上海市住宅修缮、拆房工地安全突发事件应急预案》的通知,沪房更新〔2023〕107号,上海市房屋管理局,2023-08-16,有效,统一政策发布平台,https://www.shanghai.gov.cn/zhengce/detail/0013::edaa256c70fb414a838f6f6361fbac8f,
房屋与住房,规定,市级,上海市房屋管理局关于印发《上海市住房租赁公共服务平台管理规定》的通知,沪房规范〔2023〕6号,上海市房屋管理局,2023-08-11,有效,统一政策发布平台,https://www.shanghai.gov.cn/zhengce/detail/0013::6cd9c2f7248141d9b311b178477be73b,docs/房屋与住房/上海市房屋管理局关于印发《上海市住房租赁公共服务平台管理规定》的通知.md
房屋与住房,通知公告,市级,关于调整本市住房公积金购买存量住房最长贷款期限的通知,沪公积金管委会〔2023〕10号,上海市住房公积金管理委员会,2023-08-14,有效,统一政策发布平台,https://www.shanghai.gov.cn/zhengce/detail/0064::03e33ae2431047bb81d482e740c3d4b8,
房屋与住房,实施意见,区级,关于印发《宝山区国资委（集资委）关于进一步完善区管企业不动产租赁管理的实施意见》的通知,宝国资委〔2023〕40号,上海市宝山区国有资产监督管理委员会,2023-08-01,有效,统一政策发布平台,https://www.shanghai.gov.cn/zhengce/detail/0078::ad1b913c-a874-492b-aa49-f12f7ce73355,
房屋与住房,技术规定与导则,市级,上海市住房和城乡建设管理委员会关于印发《上海市既有建筑玻璃幕墙区级巡查工作导则》的通知,沪建质安〔2023〕385号,上海市住房和城乡建设管理委员会,2023-07-31,有效,统一政策发布平台,https://www.shanghai.gov.cn/zhengce/detail/0011::12e58e9dc3814e748be53b241c45ad12,docs/房屋与住房/上海市住房和城乡建设管理委员会关于印发《上海市既有建筑玻璃幕墙区级巡查工作导则》的通知.md
房屋与住房,办法,街镇级,周浦镇住宅小区物业服务补贴达标考核奖励实施办法,浦周府规〔2023〕1号,上海市浦东新区周浦镇人民政府,2023-07-10,有效,统一政策发布平台,https://www.shanghai.gov.cn/zhengce/detail/0070::0070318892,docs/房屋与住房/周浦镇住宅小区物业服务补贴达标考核奖励实施办法.md
房屋与住房,通知公告,区级,上海市徐汇区人民政府关于规范本区征地房屋补偿事务中各类补贴标准的通知,徐府发规〔2023〕6号,上海市徐汇区人民政府,2023-06-15,有效,统一政策发布平台,https://www.shanghai.gov.cn/zhengce/detail/0073::0073120,
房屋与住房,实施意见,市级,市安委会办公室市交通委市住房城乡建设管理委市水务局市国资委民航华东地区管理局上海铁路监管局中国铁路上海局集团有限公司关于进一步加强隧道工程安全管理的实施意见,沪安委办〔2023〕22号,上海市应急管理局,2023-06-12,有效,统一政策发布平台,https://www.shanghai.gov.cn/zhengce/detail/0037::411a77445a314eef83756a4066931df1,
房屋与住房,通知公告,区级,上海市徐汇区人民政府关于调整本区征地房屋补偿土地使用权基价及价格补贴的通知,徐府发规〔2023〕5号,上海市徐汇区人民政府办公室,2023-06-15,有效,统一政策发布平台,https://www.shanghai.gov.cn/zhengce/detail/0073::0073121,
房屋与住房,办法,区级,关于印发《杨浦区保障住宅电梯安全管理办法》的通知,杨市监规范〔2023〕1号,上海市杨浦区市场监督管理局,2023-06-14,有效,统一政策发布平台,https://www.shanghai.gov.cn/zhengce/detail/0077::0077f2659feaf9dccebb36da66ca28c8f738,docs/房屋与住房/关于印发《杨浦区保障住宅电梯安全管理办法》的通知.md
房屋与住房,实施意见,区级,虹口区既有多层住宅加装电梯工程 联合执法检查与处罚工作方案,虹房管〔2023〕16号,上海市虹口区住房保障和房屋管理局,2023-06-12,有效,统一政策发布平台,https://www.shanghai.gov.cn/zhengce/detail/0076::75c6131a-d4e9-4bb7-90c5-d4fcab48c450,
房屋与住房,通知公告,市级,关于推行使用《上海市前期物业服务合同示范文本（2023版酬金制）》等四个示范文本的通知,沪房物业〔2023〕65号,上海市房屋管理局,2023-05-22,有效,统一政策发布平台,https://www.shanghai.gov.cn/zhengce/detail/0013::82d5f514ee5d40bd9444dd810459d3ac,
房屋与住房,通知公告,市级,上海市住房和城乡建设管理委员会关于批准《户外招牌结构设计与安装》为上海市建筑标准设计的通知,沪建标定〔2023〕272号,上海市住房和城乡建设管理委员会,2023-06-01,有效,统一政策发布平台,https://www.shanghai.gov.cn/zhengce/detail/0011::793f26531c6349f4aa6dbc347f8c2ff8,
房屋与住房,实施意见,其他,关于印发《中国（上海）自由贸易试验区临港新片区征收安置住房建设管理实施意见》的通知,沪自贸临管规范〔2023〕8号,中国（上海）自由贸易试验区临港新片区管理委员会,2023-05-29,有效,统一政策发布平台,https://www.shanghai.gov.cn/zhengce/detail/0058::97f7e80c9b3f4fa0ba306e1d69f9aa36,
房屋与住房,通知公告,市级,关于取消不符合评审条件企业新增汽车租赁专用额度的公告,沪道运客〔2023〕79号,上海市道路运输管理局,2023-05-22,有效,统一政策发布平台,https://www.shanghai.gov.cn/zhengce/detail/0010::2022f8bbecee4a7ca3da5bc9ed39e05d,
房屋与住房,实施细则,市级,上海市房屋管理局关于印发《上海市在沪住宅修缮企业信用评价实施细则》的通知,沪房规范〔2023〕4号,上海市房屋管理局,2023-05-06,有效,统一政策发布平台,https://www.shanghai.gov.cn/zhengce/detail/0013::1633f65618014d669a5cd16baf09e9f6,docs/房屋与住房/上海市房屋管理局关于印发《上海市在沪住宅修缮企业信用评价实施细则》的通知.md
房屋与住房,实施意见,区级,关于印发《浦东新区征收安置住房建设管理实施意见》的通知,浦建委规〔2023〕2号,上海市浦东新区建设和交通委员会（国防动员办公室、人民防空办公室、住房保障和房屋管理局）,2023-04-30,有效,统一政策发布平台,https://www.shanghai.gov.cn/zhengce/detail/0070::0070309979,
房屋与住房,办法,区级,关于印发《松江区住宅电梯评估大修改造更新管理办法》的通知,松市监规〔2023〕2号,上海市松江区市场监督管理局,2023-04-25,有效,统一政策发布平台,https://www.shanghai.gov.cn/zhengce/detail/0082::fb4f1a9ce6df481593c094997cbeb2f4,docs/房屋与住房/关于印发《松江区住宅电梯评估大修改造更新管理办法》的通知.md
房屋与住房,实施意见,市级,关于印发《推进本市新建住宅二次供水设施移交接管工作的实施意见》的通知,沪水务规范〔2023〕9号,上海市水务局,2023-04-21,有效,统一政策发布平台,https://www.shanghai.gov.cn/zhengce/detail/0004::0f423e1f01074d2c9a83d01ca61e3018,
房屋与住房,通知公告,市级,上海市住房和城乡建设管理委员会关于公布上海市超低能耗建筑项目第三方测评机构的通知,沪建建材〔2023〕199号,上海市住房和城乡建设管理委员会,2023-04-17,有效,统一政策发布平台,https://www.shanghai.gov.cn/zhengce/detail/0011::262d6e19c29e40b3b924a9b9a02ad62b,
房屋与住房,办法,市级,上海市住房和城乡建设管理委员会关于印发《上海市超低能耗建筑项目第三方测评机构管理办法（试行）》的通知,沪建建材〔2023〕197号,上海市住房和城乡建设管理委员会,2023-04-14,有效,统一政策发布平台,https://www.shanghai.gov.cn/zhengce/detail/0011::e7efa2d5fada4a9198548bd3bde5185a,docs/房屋与住房/上海市住房和城乡建设管理委员会关于印发《上海市超低能耗建筑项目第三方测评机构管理办法（试行）》的通知.md
房屋与住房,通知公告,市级,上海市住房和城乡建设管理委员会关于印发《上海市智慧工地建设指引（试行）》的通知,沪建质安〔2023〕186号,上海市住房和城乡建设管理委员会,2023-04-10,有效,统一政策发布平台,https://www.shanghai.gov.cn/zhengce/detail/0011::0f0d4a06c24c4fbdaf9e929eeb770a0c,
房屋与住房,政府规章,市级,上海市住房公积金缴存管理办法,沪公积金管委会〔2023〕3号,上海市住房公积金管理委员会,2023-03-31,有效,统一政策发布平台,https://www.shanghai.gov.cn/zhengce/detail/0064::03d6f8b173fb4927b9a475f0e764b9dd,docs/房屋与住房/上海市住房公积金缴存管理办法.md
房屋与住房,办法,市级,上海市住房公积金个人住房贷款管理办法,沪公积金管委会〔2023〕5号,上海市住房公积金管理委员会,2023-03-31,有效,统一政策发布平台,https://www.shanghai.gov.cn/zhengce/detail/0064::e8070af1316846878857d286fcf71540,docs/房屋与住房/上海市住房公积金个人住房贷款管理办法.md
房屋与住房,通知公告,市级,关于本市实施多子女家庭住房公积金支持政策的通知,沪公积金管委会〔2023〕7号,上海市住房公积金管理委员会,2023-03-31,有效,统一政策发布平台,https://www.shanghai.gov.cn/zhengce/detail/0064::0c80c70a96b5474c850a864075ea80e3,
房屋与住房,通知公告,市级,关于本市住房公积金提取业务月提取限额等事项的通知,沪公积金管委会〔2023〕6号,上海市住房公积金管理委员会,2023-03-31,有效,统一政策发布平台,https://www.shanghai.gov.cn/zhengce/detail/0064::d612c88a5b474261b71e017c6557d7f7,
房屋与住房,政府规章,市级,上海市住房公积金提取管理办法,沪公积金管委会〔2023〕4号,上海市住房公积金管理委员会,2023-03-31,有效,统一政策发布平台,https://www.shanghai.gov.cn/zhengce/detail/0064::3b0cf5b5f852454c8ed04f26f51c3397,docs/房屋与住房/上海市住房公积金提取管理办法.md
房屋与住房,规划与计划,市级,上海市交通委员会、上海市发展和改革委员会、上海市规划和自然资源局、上海市住房和城乡建设管理委员会、上海市公安局印发《关于加快实施本市道路交通基础设施全生命周期管理的意见》的通知,沪交道运 〔2023〕219号,上海市交通委员会,2023-03-31,有效,统一政策发布平台,https://www.shanghai.gov.cn/zhengce/detail/0010::b89f2f8588a24fc9be9e2f26dadff20e,
房屋与住房,办法,街镇级,关于印发《东明路街道老旧住宅小区物业达标补贴实施办法》的通知,浦东明规〔2023〕1号,上海市浦东新区人民政府东明路街道办事处,2023-03-15,有效,统一政策发布平台,https://www.shanghai.gov.cn/zhengce/detail/0070::0070308573,docs/房屋与住房/关于印发《东明路街道老旧住宅小区物业达标补贴实施办法》的通知.md
房屋与住房,通知公告,其他,关于进一步加强临港新片区征收安置住房项目建设和管理工作的通知,沪自贸临管委〔2023〕40号,中国（上海）自由贸易试验区临港新片区管理委员会,2023-03-15,有效,统一政策发布平台,https://www.shanghai.gov.cn/zhengce/detail/0058::44ac7cf6028d4b7abbfaab8a46834070,
房屋与住房,通知公告,市级,关于对2022年度上海市物业管理行业职业技能竞赛前十名选手予以表扬的通报,沪房物业〔2023〕29号,上海市房屋管理局,2023-02-24,有效,统一政策发布平台,https://www.shanghai.gov.cn/zhengce/detail/0013::9baaf65c57d243c6918348b5a97dbcfc,
房屋与住房,通知公告,市级,上海市住房和城乡建设管理委员会关于印发《上海市建筑工地务工人员现场居住环境提升标准》的通知,沪建质安〔2023〕93号,上海市住房和城乡建设管理委员会,2023-02-21,有效,统一政策发布平台,https://www.shanghai.gov.cn/zhengce/detail/0011::654bd35039ad45c18e96824f5270bf87,
房屋与住房,通知公告,市级,上海市房屋管理局关于印发《上海市物业服务企业和项目经理失信行为记分规则》的通知,沪房规范〔2023〕3号,上海市房屋管理局,2023-01-28,有效,统一政策发布平台,https://www.shanghai.gov.cn/zhengce/detail/0013::f6d6a3c1b7c94a61a4d15b1360226671,
房屋与住房,办法,市级,上海市房屋管理局关于印发《上海市物业服务企业和项目经理信用信息管理办法》的通知,沪房规范〔2023〕2号,上海市房屋管理局,2023-01-28,有效,统一政策发布平台,https://www.shanghai.gov.cn/zhengce/detail/0013::b7f16d2b3b56469b95a8e74229835d5b,docs/房屋与住房/上海市房屋管理局关于印发《上海市物业服务企业和项目经理信用信息管理办法》的通知.md
房屋与住房,办法,市级,上海市房屋管理局关于印发《上海市旧住房成套改造和拆除重建实施管理办法（试行）》的通知,沪房规范〔2023〕1号,上海市房屋管理局,2023-01-10,有效,统一政策发布平台,https://www.shanghai.gov.cn/zhengce/detail/0013::f7c01aac7749490e938ad9bd514edeb7,docs/房屋与住房/上海市房屋管理局关于印发《上海市旧住房成套改造和拆除重建实施管理办法（试行）》的通知.md
房屋与住房,通知公告,市级,关于在沪工作的香港澳门台湾居民住房公积金个人住房贷款若干问题的通知,沪公积金管委会〔2023〕1号,上海市住房公积金管理委员会,2023-01-19,有效,统一政策发布平台,https://www.shanghai.gov.cn/zhengce/detail/0064::dd2b915e37cc4f76ae0fef7ad6211ea8,
房屋与住房,办法,市级,上海市住房公积金个人购买征收安置住房贷款管理办法,沪公积金管委会〔2023〕2号,上海市住房公积金管理委员会,2023-01-19,有效,统一政策发布平台,https://www.shanghai.gov.cn/zhengce/detail/0064::1b0c4717705445de91bcdbe921ecaf0f,docs/房屋与住房/上海市住房公积金个人购买征收安置住房贷款管理办法.md
房屋与住房,通知公告,市级,上海市住房和城乡建设管理委员会关于本市《建筑施工特种作业操作资格证》电子证书启用全国一体化政务服务平台标准的通知,沪建质安〔2023〕27号,上海市住房和城乡建设管理委员会,2023-01-17,有效,统一政策发布平台,https://www.shanghai.gov.cn/zhengce/detail/0011::e60a4e4d3a4844ba9a18971ef7fc26ce,
房屋与住房,其他,市级,上海市住房公积金领域轻微违法行为依法不予行政处罚清单,沪公积金管委会〔2022〕8号,上海市住房公积金管理委员会,2023-01-04,有效,统一政策发布平台,https://www.shanghai.gov.cn/zhengce/detail/0064::667ee79e42f54aae9f1ab7460f3fd799,
房屋与住房,办法,市级,关于印发《上海市保障性租赁住房租赁管理办法（试行）》的通知,,上海市住房和城乡建设管理委员会,2022-07,有效,市住建委规范性文件,https://zjw.sh.gov.cn/gfxwj/20220705/be9dd899a2c2414ab95a97aa0bbce279.html,docs/房屋与住房/关于印发《上海市保障性租赁住房租赁管理办法（试行）》的通知.md
房屋与住房,办法,市级,​关于印发《上海市保障性租赁住房项目认定办法（试行）》的通知,,上海市住房和城乡建设管理委员会,2022-11,有效,市住建委规范性文件,https://zjw.sh.gov.cn/gfxwj/20221114/4c72275a82664949a72f32208a366eaf.html,docs/房屋与住房/​关于印发《上海市保障性租赁住房项目认定办法（试行）》的通知.md
房屋与住房,通知公告,市级,关于印发《本市新建住宅工程“业主房屋质量预看房”制度（试行）》的通知,,上海市住房和城乡建设管理委员会,2022-07,有效,市住建委规范性文件,https://zjw.sh.gov.cn/gfxwj/20220705/e8d1b09ff6f0419e8a2a1153f57000c0.html,
房屋与住房,规定,市级,上海市住房和城乡建管理委员会关于印发《关于加强超低能耗建筑项目管理的相关规定》的通知,沪建建材〔2022〕613号,上海市住房和城乡建设管理委员会,2022-11-09,有效,统一政策发布平台,https://www.shanghai.gov.cn/zhengce/detail/0011::ae2810c3a2b149a48ec9804c40a6482d,docs/房屋与住房/上海市住房和城乡建管理委员会关于印发《关于加强超低能耗建筑项目管理的相关规定》的通知.md
房屋与住房,通知公告,市级,上海市房屋管理局关于印发《上海市共有产权保障住房申请户选房工作规则》的通知,沪房规范〔2022〕8号,上海市房屋管理局,2022-12-30,有效,统一政策发布平台,https://www.shanghai.gov.cn/zhengce/detail/0013::0130f1fb7617442d8832bdede6f3ff31,
房屋与住房,通知公告,市级,上海市房屋管理局关于印发《上海市共有产权保障住房申请户排序工作规则》的通知,沪房规范〔2022〕7号,上海市房屋管理局,2022-12-30,有效,统一政策发布平台,https://www.shanghai.gov.cn/zhengce/detail/0013::c0a4f44006e942c988ee5211bcf8b018,
房屋与住房,规定,市级,上海市房屋管理局关于延长《上海市国有土地上房屋征收评估管理规定》和《上海市国有土地上房屋征收评估技术规范》有效期的通知,沪房规范〔2022〕4号,上海市房屋管理局,2022-12-13,失效,统一政策发布平台,https://www.shanghai.gov.cn/zhengce/detail/0013::30e31aa0841346dcbd28b4328cd92fd1,docs/房屋与住房/上海市房屋管理局关于延长《上海市国有土地上房屋征收评估管理规定》和《上海市国有土地上房屋征收评估技术.md
房屋与住房,通知公告,市级,关于深化新城区域建筑信息模型技术应用的通知,沪精细化办〔2022〕15号,上海市住房和城乡建设管理委员会,2022-12-30,有效,统一政策发布平台,https://www.shanghai.gov.cn/zhengce/detail/0011::fee355d95c0b47c594c24af60f6d8f89,
房屋与住房,实施细则,区级,徐汇区关于贯彻执行《上海市国有土地上房屋征收与补偿实施细则》中居住房屋补偿的实施意见,徐府发规〔2022〕3号,上海市徐汇区人民政府办公室,2022-12-21,有效,统一政策发布平台,https://www.shanghai.gov.cn/zhengce/detail/0073::0073119,docs/房屋与住房/徐汇区关于贯彻执行《上海市国有土地上房屋征收与补偿实施细则》中居住房屋补偿的实施意见.md
房屋与住房,通知公告,市级,关于同意上海江南旅游服务有限公司等994家企业新增新能源汽车租赁车辆专用营运额度的通知,沪道运客〔2022〕223号,上海市道路运输管理局,2022-12-30,有效,统一政策发布平台,https://www.shanghai.gov.cn/zhengce/detail/0010::fd284fcff53f469591f55e72068c4b5d,
房屋与住房,规定,区级,上海市嘉定区人民政府关于贯彻《上海市征收集体土地房屋补偿规定》若干意见的通知,嘉府规〔2022〕7号,区政府,2022-12-29,有效,统一政策发布平台,https://www.shanghai.gov.cn/zhengce/detail/0080::5_161946,docs/房屋与住房/上海市嘉定区人民政府关于贯彻《上海市征收集体土地房屋补偿规定》若干意见的通知.md
房屋与住房,规定,市级,关于印发《关于购买共有产权保障住房（经济适用住房）满五年后续相关不动产登记技术规定》的通知,沪规划资源规〔2022〕11号,上海市规划和自然资源局,2022-12-28,有效,统一政策发布平台,https://www.shanghai.gov.cn/zhengce/detail/0032::5f56ede00285413e99f9ad01a83460ac,docs/房屋与住房/关于印发《关于购买共有产权保障住房（经济适用住房）满五年后续相关不动产登记技术规定》的通知.md
房屋与住房,通知公告,区级,上海市嘉定区人民政府关于确定本区国有土地上房屋征收与补偿相关标准的通知,嘉府规〔2022〕6号,区政府,2022-12-21,有效,统一政策发布平台,https://www.shanghai.gov.cn/zhengce/detail/0080::5_160890,
房屋与住房,办法,市级,上海市住房公积金个人贷款受托机构管理办法,沪公积金管委会〔2022〕7号,上海市住房公积金管理委员会,2022-12-16,有效,统一政策发布平台,https://www.shanghai.gov.cn/zhengce/detail/0064::2bf58c9d69cd4faf92dd794c86f7ce9e,docs/房屋与住房/上海市住房公积金个人贷款受托机构管理办法.md
房屋与住房,实施意见,区级,关于做好虹口区既有多层住宅加装电梯涉及 燃气管道保护和配合搬迁工作的指导意见,虹房管〔2022〕29号,上海市虹口区住房保障和房屋管理局,2022-12-13,有效,统一政策发布平台,https://www.shanghai.gov.cn/zhengce/detail/0076::c4d4a12c-03bd-4e09-bece-d5d0a7f3baed,
房屋与住房,实施意见,区级,关于做好虹口区既有多层住宅加装电梯涉及 供水管道保护和配合迁移工作的指导意见,虹房管〔2022〕28号,上海市虹口区住房保障和房屋管理局,2022-12-12,有效,统一政策发布平台,https://www.shanghai.gov.cn/zhengce/detail/0076::cbb2715d-5326-408c-8c2b-3aa84013c51b,
房屋与住房,通知公告,市级,上海市房屋管理局关于印发《上海市优秀历史建筑调查评估工作操作指南（试行）》的通知,沪房历保〔2022〕140号,上海市房屋管理局,2022-11-24,有效,统一政策发布平台,https://www.shanghai.gov.cn/zhengce/detail/0013::59348d2c46b34a939385e39fd5578c0a,
房屋与住房,技术规定与导则,市级,上海市水务局关于印发《上海市新建居民住宅饮用水高品质入户工程技术规程》的通知,沪水务〔2022〕1034号,上海市水务局,2022-12-02,有效,统一政策发布平台,https://www.shanghai.gov.cn/zhengce/detail/0004::cdedd1001f624b9287f49baf6fcd71bc,docs/房屋与住房/上海市水务局关于印发《上海市新建居民住宅饮用水高品质入户工程技术规程》的通知.md
房屋与住房,实施意见,市级,关于印发《上海市城乡建设领域碳达峰实施方案》的通知,沪建建材联〔2022〕545号,上海市住房和城乡建设管理委员会,2022-01-01,有效,统一政策发布平台,https://www.shanghai.gov.cn/zhengce/detail/0011::88f4035ebce8431b955f413b4ce72526,
房屋与住房,规定,市级,关于印发《上海市旧住房更新有关行政调解和决定的若干规定》的通知,沪房规范〔2022〕5号,上海市房屋管理局,2022-10-25,有效,统一政策发布平台,https://www.shanghai.gov.cn/zhengce/detail/0013::077e196f9447463a880cdd6504512044,docs/房屋与住房/关于印发《上海市旧住房更新有关行政调解和决定的若干规定》的通知.md
房屋与住房,办法,区级,浦东新区人民政府关于印发《浦东新区住宅小区建筑物外墙墙面以及建筑附属构件脱落隐患治理办法》的通知,浦府管规〔2022〕2号,上海市浦东新区人民政府,2022-10-28,有效,统一政策发布平台,https://www.shanghai.gov.cn/zhengce/detail/0070::0070303858,docs/房屋与住房/浦东新区人民政府关于印发《浦东新区住宅小区建筑物外墙墙面以及建筑附属构件脱落隐患治理办法》的通知.md
房屋与住房,通知公告,市级,上海市住房和城乡建设管理委员会关于印发《上海市城市网格化综合管理标准》的通知,沪建城管〔2022〕433号,上海市住房和城乡建设管理委员会,2022-08-30,有效,统一政策发布平台,https://www.shanghai.gov.cn/zhengce/detail/0011::685586bbd7914d0a9dc07db5218b2c1d,
房屋与住房,实施意见,市级,上海市住房和城乡建设管理委员会关于印发《加强本市装配式建筑混凝土预制构件管理的实施意见》的通知,沪建建材〔2022〕430号,上海市住房和城乡建设管理委员会,2022-08-30,有效,统一政策发布平台,https://www.shanghai.gov.cn/zhengce/detail/0011::6b5643b1ada64a27920f1620aa0a5186,
房屋与住房,通知公告,市级,关于印发《市级方舱医院和隔离用房建设项目结算指引》的通知,沪建标定联〔2022〕383号,上海市住房和城乡建设管理委员会,2022-08-30,有效,统一政策发布平台,https://www.shanghai.gov.cn/zhengce/detail/0011::cd166f2ee93746fca68568454567d1ba,
房屋与住房,通知公告,市级,关于印发《关于进一步强化住建领域安全生产责任落实坚决防范遏制重特大事故的具体措施》的通知,沪建质安联〔2022〕423号,上海市住房和城乡建设管理委员会,2022-08-24,有效,统一政策发布平台,https://www.shanghai.gov.cn/zhengce/detail/0011::d1196772b9384150aad2b591720d2090,
房屋与住房,规定,市级,上海市房屋管理局关于转发《住房和城乡建设部关于修改〈 房地产开发企业资质管理规定〉的决定》的通知,沪房市场〔2022〕70号,上海市房屋管理局,2022-07-20,有效,统一政策发布平台,https://www.shanghai.gov.cn/zhengce/detail/0013::704655900cda4542bc24d00276470ad3,docs/房屋与住房/上海市房屋管理局关于转发《住房和城乡建设部关于修改〈 房地产开发企业资质管理规定〉的决定》的通知.md
房屋与住房,通知公告,市级,关于印发《本市建设项目涉及土地房屋征收工作程序》的通知,沪规划资源规〔2022〕7号,上海市规划和自然资源局,2022-08-24,有效,统一政策发布平台,https://www.shanghai.gov.cn/zhengce/detail/0032::14cfde8370124041a93fae9c3b7619d9,
房屋与住房,通知公告,市级,关于转发《国家发展改革委 住房城乡建设部 国家能源局关于开展水电气暖领域涉企违规收费自查自纠工作的通知》的通知,沪发改价管〔2022〕31号,上海市发展和改革委员会,2022-08-19,有效,统一政策发布平台,https://www.shanghai.gov.cn/zhengce/detail/0025::e1de3bfbf9a541f39a898073b731ce30,
房屋与住房,规定,街镇级,关于印发《周浦镇农村村民住房建设管理行政审批事项相关规定》的通知,浦周府规〔2022〕1号,上海市浦东新区周浦镇人民政府,2022-07-14,有效,统一政策发布平台,https://www.shanghai.gov.cn/zhengce/detail/0070::007029316,docs/房屋与住房/关于印发《周浦镇农村村民住房建设管理行政审批事项相关规定》的通知.md
房屋与住房,办法,区级,关于印发《虹口区国有土地上房屋征收范围内未经登记的建筑调查认定和处理办法》的通知,虹房管规〔2022〕1号,上海市虹口区住房保障和房屋管理局,2022-08-11,有效,统一政策发布平台,https://www.shanghai.gov.cn/zhengce/detail/0076::5e565875-d1f5-40d2-bd7c-1088c746c63b,docs/房屋与住房/关于印发《虹口区国有土地上房屋征收范围内未经登记的建筑调查认定和处理办法》的通知.md
房屋与住房,其他,市级,关于做好既有多层住宅加装电梯管线搬迁配套相关工作的意见,沪房更新〔2022〕75号,上海市房屋管理局,2022-07-21,有效,统一政策发布平台,https://www.shanghai.gov.cn/zhengce/detail/0013::220c6f19f9e64e2e8c6112987a0857a4,
房屋与住房,办法,区级,嘉定区公共租赁住房管理办法,,区房管局,2022-08-04,有效,统一政策发布平台,https://www.shanghai.gov.cn/zhengce/detail/0080::6d557599b34a4fae9bc8a882e3ee0d3f,docs/房屋与住房/嘉定区公共租赁住房管理办法.md
房屋与住房,通知公告,市级,关于进一步加强本市住房和城乡建设行业职业技能提升工作的通知,沪建科信联〔2022〕269号,上海市住房和城乡建设管理委员会,2022-07-25,有效,统一政策发布平台,https://www.shanghai.gov.cn/zhengce/detail/0011::5d437771d0c448138b4a866bacaae7f3,
房屋与住房,实施细则,区级,关于印发《关于加强崇明区区管国有（城镇集体）企业资产租赁管理的实施细则》的通知,沪崇国资委规〔2022〕1号,上海市崇明区人民政府办公室,2022-07-22,有效,统一政策发布平台,https://www.shanghai.gov.cn/zhengce/detail/0085::b965c49e-ba55-4498-a3f9-97700a2da952,docs/房屋与住房/关于印发《关于加强崇明区区管国有（城镇集体）企业资产租赁管理的实施细则》的通知.md
房屋与住房,通知公告,市级,上海市住房和城乡建设管理委员会关于在本市民用和工业建筑中进一步加快绿色低碳建材推广应用的通知（试行）,沪建建材〔2022〕312号,上海市住房和城乡建设管理委员会,2022-07-15,有效,统一政策发布平台,https://www.shanghai.gov.cn/zhengce/detail/0011::7f84805ebcb14caea230ff9078cb0353,
房屋与住房,实施细则,市级,关于印发《关于贯彻执行〈上海市国有土地上房屋征收与补偿实施细则〉的若干意见》的通知,沪房规范〔2022〕3号,上海市房屋管理局,2022-06-30,有效,统一政策发布平台,https://www.shanghai.gov.cn/zhengce/detail/0013::9f3122753a184cc3b86398ef169ad52b,docs/房屋与住房/关于印发《关于贯彻执行〈上海市国有土地上房屋征收与补偿实施细则〉的若干意见》的通知.md
房屋与住房,通知公告,市级,上海市住房和城乡建设管理委员会关于向上海建工集团股份有限公司等六支应急抢险队伍授旗的通知,沪建应急〔2022〕296号,上海市住房和城乡建设管理委员会,2022-06-30,有效,统一政策发布平台,https://www.shanghai.gov.cn/zhengce/detail/0011::21c6942adad644a78a7b6631123d7dcf,
房屋与住房,通知公告,区级,上海市崇明区人民政府关于印发本区国有土地上房屋征收补偿标准的通知,沪崇府规〔2022〕5号,上海市崇明区人民政府办公室,2022-07-01,有效,统一政策发布平台,https://www.shanghai.gov.cn/zhengce/detail/0085::e94bbfbf-e882-48d8-a0c2-875a3409840d,
房屋与住房,通知公告,市级,上海市房屋管理局关于印发《上海市房产面积测算规范》的通知,沪房市场〔2022〕49号,上海市房屋管理局,2022-06-15,有效,统一政策发布平台,https://www.shanghai.gov.cn/zhengce/detail/0013::625681b8a2994896b81de1da99f9b09f,
房屋与住房,通知公告,市级,上海市住房和城乡建设管理委员会关于印发《上海市房屋建筑工程施工现场技能工人配备标准（试行）》的通知,沪建质安〔2022〕254号,上海市住房和城乡建设管理委员会,2022-06-17,有效,统一政策发布平台,https://www.shanghai.gov.cn/zhengce/detail/0011::989e95cdcd534c1da8539204188ef92d,
房屋与住房,通知公告,市级,上海市住房和城乡建设管理委员会关于开展使用天然气的餐饮用户安装燃气报警装置的通知,沪建设施〔2022〕244号,上海市住房和城乡建设管理委员会,2022-06-13,有效,统一政策发布平台,https://www.shanghai.gov.cn/zhengce/detail/0011::811a7bcd2ba043aeb7f4633a717eaec6,
房屋与住房,通知公告,市级,上海市房屋管理局关于做好本市保障性租赁住房项目市场租金评估工作的通知,沪房市场〔2022〕40号,上海市房屋管理局,2022-05-22,有效,统一政策发布平台,https://www.shanghai.gov.cn/zhengce/detail/0013::250fa6cbdb1242aea8bc45932749f9ce,
房屋与住房,规定,区级,上海市奉贤区人民政府关于印发《奉贤区关于贯彻〈上海市征收集体土地房屋补偿规定〉的实施意见》的通知,沪奉府规〔2022〕3号,上海市奉贤区人民政府,2022-06-08,有效,统一政策发布平台,https://www.shanghai.gov.cn/zhengce/detail/0084::0084452,docs/房屋与住房/上海市奉贤区人民政府关于印发《奉贤区关于贯彻〈上海市征收集体土地房屋补偿规定〉的实施意见》的通知.md
房屋与住房,通知公告,市级,上海市房屋管理局关于2022年住宅项目缴纳城市基础设施配套费有关事项的通知,沪房计财〔2022〕44号,上海市房屋管理局,2022-06-01,有效,统一政策发布平台,https://www.shanghai.gov.cn/zhengce/detail/0013::addcc81bfc994e7687899c747a78e95d,
房屋与住房,通知公告,其他,关于进一步加强临港新片区房地产项目预售资金监管工作的通知,沪自贸临管委〔2022〕46号,中国（上海）自由贸易试验区临港新片区管理委员会,2022-03-23,有效,统一政策发布平台,https://www.shanghai.gov.cn/zhengce/detail/0058::73220a1407d34f3b837262d9d1916359,
房屋与住房,通知公告,市级,上海市住房和城乡建设管理委员会关于印发《进一步加强本市建设用砂管理的意见》的通知,沪建建材〔2022〕162号,上海市住房和城乡建设管理委员会,2022-03-11,有效,统一政策发布平台,https://www.shanghai.gov.cn/zhengce/detail/0011::2a7fae763dec47a18b108607122e4537,
房屋与住房,通知公告,市级,关于保障性租赁住房免缴城市基础设施配套费的通知,沪房规范〔2022〕2号,上海市房屋管理局,2022-03-03,有效,统一政策发布平台,https://www.shanghai.gov.cn/zhengce/detail/0013::f1f09d0413174e01bf66abb855b7407e,
房屋与住房,实施意见,市级,上海市住房和城乡建设管理委员会关于印发《本市地下燃气管线安全排查和整治工作方案》的通知,沪建设施〔2022〕120号,上海市住房和城乡建设管理委员会,2022-02-23,有效,统一政策发布平台,https://www.shanghai.gov.cn/zhengce/detail/0011::fa8e7141385b4743a954915cebc6b684,
房屋与住房,办法,市级,关于修订《上海市征收安置住房管理办法》的通知,沪房规范〔2022〕1号,上海市房屋管理局,2022-02-22,有效,统一政策发布平台,https://www.shanghai.gov.cn/zhengce/detail/0013::0fbf9570d82b4a7eb7e5786c740c8b21,docs/房屋与住房/关于修订《上海市征收安置住房管理办法》的通知.md
房屋与住房,通知公告,市级,上海市住房和城乡建设管理委员会关于批准《预制拼装桥梁结构标准设计图》为上海市建筑标准设计的通知,沪建标定〔2022〕85号,上海市住房和城乡建设管理委员会,2022-01-29,有效,统一政策发布平台,https://www.shanghai.gov.cn/zhengce/detail/0011::099e98e1ceb4421f9ef06a515935cd8d,
房屋与住房,通知公告,其他,关于印发《中国（上海）自由贸易试验区临港新片区高品质住宅物业服务管控大纲（试行）》的通知,沪自贸临管委〔2022〕22号,中国（上海）自由贸易试验区临港新片区管理委员会,2022-01-29,有效,统一政策发布平台,https://www.shanghai.gov.cn/zhengce/detail/0058::b4d47b66c06d464f871f537e20c5e824,
房屋与住房,实施意见,区级,关于加强金山区既有多层住宅加装电梯运维管理的指导意见,金房管〔2022〕8号,上海市金山区住房保障和房屋管理局,2022-01-29,有效,统一政策发布平台,https://www.shanghai.gov.cn/zhengce/detail/0081::0081639aa863cc40f2038ff11daaba3362cd,
房屋与住房,通知公告,区级,关于加强金山区既有多层住宅加装电梯代建单位管理的通知,金房管〔2022〕7号,上海市金山区住房保障和房屋管理局,2022-01-29,有效,统一政策发布平台,https://www.shanghai.gov.cn/zhengce/detail/0081::0081294e7604f92850ee5d4b33c70a9e9f8e,
房屋与住房,通知公告,市级,上海市住房和城乡建设管理委员会关于批准《轨道交通兼顾设防工程防护设备选用图集》为上海市建筑标准设计的通知,沪建标定〔2022〕80号,上海市住房和城乡建设管理委员会,2022-01-28,有效,统一政策发布平台,https://www.shanghai.gov.cn/zhengce/detail/0011::9dec254e2c9d4c4aa3289ff3213a86a4,
房屋与住房,实施意见,区级,上海市奉贤区人民政府关于印发《关于进一步规范本区国有土地上房屋协议置换工作实施意见》的通知,沪奉府规〔2022〕2号,上海市奉贤区人民政府,2022-01-21,有效,统一政策发布平台,https://www.shanghai.gov.cn/zhengce/detail/0084::0084d0be91e78730e61976b31d75d1798481,
房屋与住房,实施细则,市级,关于印发《关于本市保障性租赁住房规划土地管理细则》通知,沪规划资源用〔2022〕20号,上海市规划和自然资源局,2022-01-19,有效,统一政策发布平台,https://www.shanghai.gov.cn/zhengce/detail/0032::5f18725db2b749b993ba244febf86b92,docs/房屋与住房/关于印发《关于本市保障性租赁住房规划土地管理细则》通知.md
房屋与住房,规划与计划,市级,上海市经济信息化委 市规划资源局 市房屋管理局关于印发《产业园区产业类项目配套建设保障性租赁住房建设指引（试行）》的通知,沪经信产〔2022〕40号,上海市经济和信息化委员会,2022-01-18,有效,统一政策发布平台,https://www.shanghai.gov.cn/zhengce/detail/0020::fcbdecbe076d4a2b9f7b106aa008a074,
房屋与住房,办法,市级,关于印发《上海市燃料电池汽车加氢站建设运营管理办法》的通知,沪住建规范联〔2021〕11号,上海市住房和城乡建设管理委员会,2022-01-17,有效,统一政策发布平台,https://www.shanghai.gov.cn/zhengce/detail/0011::72ac663916d54f4dad4eacb9d61e9060,docs/房屋与住房/关于印发《上海市燃料电池汽车加氢站建设运营管理办法》的通知.md
房屋与住房,办法,区级,上海市奉贤区人民政府关于印发《奉贤区公共租赁住房管理办法》的通知,沪奉府规〔2022〕1号,上海市奉贤区人民政府,2022-01-17,有效,统一政策发布平台,https://www.shanghai.gov.cn/zhengce/detail/0084::0084449,docs/房屋与住房/上海市奉贤区人民政府关于印发《奉贤区公共租赁住房管理办法》的通知.md
房屋与住房,实施细则,市级,上海市个人建造、翻建、大修自住住房公积金贷款实施细则,沪公积金管委会〔2021〕16号,上海市住房公积金管理委员会,2022-01-04,有效,统一政策发布平台,https://www.shanghai.gov.cn/zhengce/detail/0064::55f6a1e4c3c948cf8dd108f279f96084,docs/房屋与住房/上海市个人建造、翻建、大修自住住房公积金贷款实施细则.md
房屋与住房,实施细则,市级,上海市住房公积金个人购买共有产权保障住房贷款实施细则,沪公积金管委会〔2021〕15号,上海市住房公积金管理委员会,2022-01-04,有效,统一政策发布平台,https://www.shanghai.gov.cn/zhengce/detail/0064::b575d415a62c47a39c1844409c16991a,docs/房屋与住房/上海市住房公积金个人购买共有产权保障住房贷款实施细则.md
房屋与住房,办法,市级,上海市公积金管理中心住房公积金信息公开办法,沪公积金管委会〔2021〕13号,上海市住房公积金管理委员会,2022-01-04,有效,统一政策发布平台,https://www.shanghai.gov.cn/zhengce/detail/0064::32995bdcca7d4a0aa1fa9736047b952c,docs/房屋与住房/上海市公积金管理中心住房公积金信息公开办法.md
房屋与住房,办法,市级,上海市住房公积金个人住房贴息贷款管理办法,沪公积金管委会〔2021〕17号,上海市住房公积金管理委员会,2022-01-04,有效,统一政策发布平台,https://www.shanghai.gov.cn/zhengce/detail/0064::2b36aefb5a074589961d4f662cbe1f35,docs/房屋与住房/上海市住房公积金个人住房贴息贷款管理办法.md
房屋与住房,通知公告,市级,关于继续执行本市住房公积金个人住房贷款政策的通知,沪公积金管委会〔2021〕14号,上海市住房公积金管理委员会,2022-01-04,有效,统一政策发布平台,https://www.shanghai.gov.cn/zhengce/detail/0064::0c97d392104c470ab02e069b2cf30ed3,
房屋与住房,政府规章,市级,上海市住房公积金行政执法管理办法,沪公积金管委会〔2021〕12号,上海市住房公积金管理委员会,2022-01-04,有效,统一政策发布平台,https://www.shanghai.gov.cn/zhengce/detail/0064::eb8ca156e0e540f888f6535039aa9611,docs/房屋与住房/上海市住房公积金行政执法管理办法.md
房屋与住房,通知公告,市级,关于本市城市基础设施配套费征收标准和使用范围等有关事项的通知,,上海市住房和城乡建设管理委员会,2021-11,有效,市住建委规范性文件,https://zjw.sh.gov.cn/gfxwj/20211109/c3bbd05093f24a398f673b3420618e3e.html,
房屋与住房,实施细则,市级,上海市住房和城乡建设管理委员会关于印发《上海市绿色建筑标识管理实施细则》的通知,,上海市住房和城乡建设管理委员会,2021-11,有效,市住建委规范性文件,https://zjw.sh.gov.cn/gfxwj/20211108/a271e15a61a94fdbbe93e665333ac5ab.html,docs/房屋与住房/上海市住房和城乡建设管理委员会关于印发《上海市绿色建筑标识管理实施细则》的通知.md
房屋与住房,通知公告,市级,关于公布部分规范性文件清理结果的通知,,上海市住房和城乡建设管理委员会,2021-11,有效,市住建委规范性文件,https://zjw.sh.gov.cn/gfxwj/20211123/e3c99861a1544531b2eac13035bebe92.html,
房屋与住房,办法,市级,上海市气象局 上海市住房和城乡建设管理委员会关于印发《上海市建（构）筑物防雷管理实施办法》的通知,沪气规发〔2021〕3号,上海市气象局,2021-11-22,有效,统一政策发布平台,https://www.shanghai.gov.cn/zhengce/detail/0111::af0f656b97a749baa2d6b52496292980,docs/房屋与住房/上海市气象局 上海市住房和城乡建设管理委员会关于印发《上海市建（构）筑物防雷管理实施办法》的通知.md
房屋与住房,技术规定与导则,市级,关于发布《道路人行天桥加装电梯导则（试行）》的通知,沪交道运 〔2021〕533号,上海市交通委员会,2021-07-16,有效,统一政策发布平台,https://www.shanghai.gov.cn/zhengce/detail/0010::77a9ee288b5342f3818be1b529bf7fce,docs/房屋与住房/关于发布《道路人行天桥加装电梯导则（试行）》的通知.md
房屋与住房,实施意见,市级,关于加强区属征收安置住房建设和管理工作的若干意见,沪房建管〔2021〕207号,上海市房屋管理局,2021-12-31,有效,统一政策发布平台,https://www.shanghai.gov.cn/zhengce/detail/0013::edfd9aadf3fa4e698877d21170eddf5d,
房屋与住房,通知公告,市级,上海市房屋管理局关于住宅物业项目物业服务收费实行酬金制物业服务计费方式有关事项的通知,沪房规范〔2021〕15号,上海市房屋管理局,2021-12-31,有效,统一政策发布平台,https://www.shanghai.gov.cn/zhengce/detail/0013::bebd74abf09147cab651c33452e6a887,
房屋与住房,规划与计划,市级,上海市经济信息化委 市规划资源局 市生态环境局市住房城乡建设管理委 市交通委 市应急管理局关于印发《上海市成品油零售经营管理工作指引》的通知,沪经信规范〔2021〕9号,上海市经济和信息化委员会,2021-12-31,有效,统一政策发布平台,https://www.shanghai.gov.cn/zhengce/detail/0020::790c88498477485dbd2ad8e3d31c96b0,
房屋与住房,规定,市级,关于印发《关于规范本市房屋短租管理的若干规定》的通知,沪文旅规〔2021〕2号,上海市文化和旅游局,2021-12-31,有效,统一政策发布平台,https://www.shanghai.gov.cn/zhengce/detail/0022::d6bb50c1a27145f8ac9402c3cbb06b50,docs/房屋与住房/关于印发《关于规范本市房屋短租管理的若干规定》的通知.md
房屋与住房,通知公告,市级,上海市住房和城乡建设管理委员会关于公布2022年度上海市建筑废弃混凝土再生处理场所名录的通知,沪建建材〔2021〕870号,上海市住房和城乡建设管理委员会,2021-12-31,有效,统一政策发布平台,https://www.shanghai.gov.cn/zhengce/detail/0011::def0274eabcb457ba093ee642ea8f229,
房屋与住房,通知公告,市级,上海市住房和城乡建设管理委员会办公室关于印发《贯彻落实 分工方案》的通知,沪建办〔2021〕17号,上海市住房和城乡建设管理委员会,2021-12-29,有效,统一政策发布平台,https://www.shanghai.gov.cn/zhengce/detail/0011::347f2859e8a944b999f5372ffe6bf709,
房屋与住房,审查与许可规则,市级,关于加强本市新建住宅交付使用许可管理工作的通知,沪房规范〔2021〕14号,上海市房屋管理局,2021-12-29,有效,统一政策发布平台,https://www.shanghai.gov.cn/zhengce/detail/0013::d11ce9e8a59948a08cceb9f61a77fc6f,docs/房屋与住房/关于加强本市新建住宅交付使用许可管理工作的通知.md
房屋与住房,审查与许可规则,市级,上海市住房和城乡建设管理委员会关于本市实施二级造价工程师注册电子化审批的通知,沪建建管〔2021〕851号,上海市住房和城乡建设管理委员会,2021-12-28,有效,统一政策发布平台,https://www.shanghai.gov.cn/zhengce/detail/0011::63214fb08f0e4df288b7ffae8c1fd3e5,docs/房屋与住房/上海市住房和城乡建设管理委员会关于本市实施二级造价工程师注册电子化审批的通知.md
房屋与住房,通知公告,市级,上海市人民政府关于调整本市廉租住房相关政策标准的通知,沪府规〔2021〕17号,上海市人民政府,2021-12-20,有效,统一政策发布平台,https://www.shanghai.gov.cn/zhengce/detail/0001::ccd7652e4d72419987bd30192355646a,
房屋与住房,实施意见,市级,上海市自然灾害防治委员会办公室关于印发 上海市地震易发区房屋设施加固工程 实施方案(修订稿)的通知,沪灾防委办〔2021〕19号,上海市应急管理局,2021-12-22,有效,统一政策发布平台,https://www.shanghai.gov.cn/zhengce/detail/0037::43a547101bcc486ea3607ac168c8a374,
房屋与住房,技术规定与导则,市级,上海市住房和城乡建设管理委员会关于批准《电动汽车充电基础设施建设技术标准》局部修订的通知,沪建标定〔2021〕843号,上海市住房和城乡建设管理委员会,2021-12-24,有效,统一政策发布平台,https://www.shanghai.gov.cn/zhengce/detail/0011::c0fef928a00f4efc87dff57bfa2c3f74,docs/房屋与住房/上海市住房和城乡建设管理委员会关于批准《电动汽车充电基础设施建设技术标准》局部修订的通知.md
房屋与住房,实施细则,市级,关于印发《上海市共有产权保障住房供后管理实施细则》的通知,沪房规范〔2021〕13号,上海市房屋管理局,2021-12-01,有效,统一政策发布平台,https://www.shanghai.gov.cn/zhengce/detail/0013::484934a3ccdb4ed988e2c2e4d7004d83,docs/房屋与住房/关于印发《上海市共有产权保障住房供后管理实施细则》的通知.md
房屋与住房,通知公告,市级,上海市住房和城乡建设管理委员会关于批准《光纤到户工程设计安装图集》为上海市建筑标准设计的通知,沪建标定〔2021〕792号,上海市住房和城乡建设管理委员会,2021-12-02,有效,统一政策发布平台,https://www.shanghai.gov.cn/zhengce/detail/0011::cb43985b923a42129eee182ef0ff3a2d,
房屋与住房,通知公告,市级,上海市住房和城乡建设管理委员会关于贯彻落实本市清理规范城镇燃气行业收费促进行业高质量发展相关工作的通知,沪建设施〔2021〕779号,上海市住房和城乡建设管理委员会,2021-12-01,有效,统一政策发布平台,https://www.shanghai.gov.cn/zhengce/detail/0011::c639b37988164a0c87d0f4cf6120fb3a,
房屋与住房,通知公告,市级,关于印发《上海市住房和城乡建设管理委员会应对雨雪冰冻灾害应急预案》的通知,沪建应急〔2021〕765号,上海市住房和城乡建设管理委员会,2021-11-29,有效,统一政策发布平台,https://www.shanghai.gov.cn/zhengce/detail/0011::cf3f2a94c29e409794aa13870d2ca663,
房屋与住房,实施意见,市级,上海市人民政府办公厅印发《关于加快发展本市保障性租赁住房的实施意见》的通知,沪府办规〔2021〕12号,上海市人民政府办公厅,2021-11-10,有效,统一政策发布平台,https://www.shanghai.gov.cn/zhengce/detail/0001::da0fae1c47224e5c8f91b8c7276d2ea6,
房屋与住房,通知公告,市级,关于调整本市新建住宅建筑区划红线内供水配套工程收费标准的通知,沪发改价管〔2021〕53号,上海市发展和改革委员会,2021-11-18,有效,统一政策发布平台,https://www.shanghai.gov.cn/zhengce/detail/0025::10d7593e04074aab96c910a88e036d26,
房屋与住房,办法,区级,关于印发《上海市崇明区区筹公共租赁住房管理办法》的通知,沪崇房管规〔2021〕1号,上海市崇明区住房保障和房屋管理局,2021-11-22,失效,统一政策发布平台,https://www.shanghai.gov.cn/zhengce/detail/0085::f3226b0a-cd4e-4f61-89ae-21283426edde,docs/房屋与住房/关于印发《上海市崇明区区筹公共租赁住房管理办法》的通知.md
房屋与住房,通知公告,市级,关于进一步加强住宅小区雨污混接改造施工现场管理工作的通知,沪房物业〔2021〕37号,上海市房屋管理局,2021-02-26,有效,统一政策发布平台,https://www.shanghai.gov.cn/zhengce/detail/0013::f8b613b436ea466788abc20bdea909df,
房屋与住房,通知公告,市级,关于印发《苏州河沿岸街区建筑立面整治设计要求》的通知,沪房更新〔2021〕175号,上海市房屋管理局,2021-10-22,有效,统一政策发布平台,https://www.shanghai.gov.cn/zhengce/detail/0013::6d3f04a598c6488a9157a852597fc6b9,
房屋与住房,通知公告,市级,上海市经济信息化委 市住房城乡建设管理委 市交通委关于严禁在各类工地非法使用通讯信号放大器的通知,沪经信基〔2021〕871号,上海市经济和信息化委员会,2021-11-05,有效,统一政策发布平台,https://www.shanghai.gov.cn/zhengce/detail/0020::04030d89970445d487a5a5778215d090,
房屋与住房,规划与计划,市级,上海市住房和城乡建设管理委员会关于印发《上海市绿色建筑“十四五”规划》的通知,沪建建材〔2021〕694号,上海市住房和城乡建设管理委员会,2021-11-03,有效,统一政策发布平台,https://www.shanghai.gov.cn/zhengce/detail/0011::d4b85b4ab0f94c108b58b01c27b1fa91,
房屋与住房,通知公告,市级,市发展改革委、市财政局、市经济信息化委、市住房城乡建设管理委、市交通委、市科委印发《关于支持本市燃料电池汽车产业发展若干政策》的通知,沪发改规范〔2021〕10号,上海市发展和改革委员会,2021-11-02,有效,统一政策发布平台,https://www.shanghai.gov.cn/zhengce/detail/0025::f687a6f8dd604ac49f88655d90cbfc10,
房屋与住房,通知公告,市级,关于开展本市共有产权保障住房违规使用行为专项整治工作的通知,沪房保障〔2021〕179号,上海市房屋管理局,2021-10-28,有效,统一政策发布平台,https://www.shanghai.gov.cn/zhengce/detail/0013::14c960ad93ba479a96bdeeec2f64edf2,
房屋与住房,实施细则,区级,浦东新区人民政府关于印发《浦东新区农村村民住房建设管理实施细则》的通知,浦府规〔2021〕5号,上海市浦东新区人民政府,2021-11-01,有效,统一政策发布平台,https://www.shanghai.gov.cn/zhengce/detail/0070::0070236168,docs/房屋与住房/浦东新区人民政府关于印发《浦东新区农村村民住房建设管理实施细则》的通知.md
房屋与住房,规定,市级,上海市人民政府关于印发《上海市征收集体土地房屋补偿规定》的通知,沪府规〔2021〕13号,上海市人民政府,2021-09-30,有效,统一政策发布平台,https://www.shanghai.gov.cn/zhengce/detail/0001::f525dadcf5254cd5973b7b9950f134ba,docs/房屋与住房/上海市人民政府关于印发《上海市征收集体土地房屋补偿规定》的通知.md
房屋与住房,实施意见,市级,上海市住房和城乡建设管理委员会等10部门关于印发《上海市持续整治规范房地产市场秩序工作方案》的通知,沪建房管联〔2021〕631号,上海市住房和城乡建设管理委员会,2021-10-27,有效,统一政策发布平台,https://www.shanghai.gov.cn/zhengce/detail/0011::6ffe369b94e44473ba904ca5df810b39,
房屋与住房,通知公告,市级,上海市市场监督管理局关于发布《住宅无障碍改造技术指南》等10项地方标准的公告,沪市监标技〔2021〕479号,上海市市场监督管理局,2021-09-14,有效,统一政策发布平台,https://www.shanghai.gov.cn/zhengce/detail/0019::2c9bf2f67c2c6f4e017c8236568637a5,
房屋与住房,办法,区级,静安区公共租赁住房申请供应和租后管理办法 （2021版）,静房管规〔2021〕1号,上海市静安区住房保障和房屋管理局,2021-10-14,有效,统一政策发布平台,https://www.shanghai.gov.cn/zhengce/detail/0072::97faa4c1731246548c790d66e0b05198,docs/房屋与住房/静安区公共租赁住房申请供应和租后管理办法 （2021版）.md
房屋与住房,实施细则,市级,上海市住房和城乡建设管理委员会关于延长《上海市燃气配套管线工程管理实施细则》有效期的通知,沪建法规〔2021〕628号,上海市住房和城乡建设管理委员会,2021-10-03,有效,统一政策发布平台,https://www.shanghai.gov.cn/zhengce/detail/0011::de9b07f0d504429dba649efc9b58ecc2,docs/房屋与住房/上海市住房和城乡建设管理委员会关于延长《上海市燃气配套管线工程管理实施细则》有效期的通知.md
房屋与住房,通知公告,市级,上海市市场监督管理局 上海市发展和改革委员会 上海市经济和信息化委员会 上海市商务委员会 上海市国有资产监督管理委员会 上海市房屋管理局 国网上海市电力公司关于进一步规范本市非电网直供电价格行为的通知,沪市监垄价〔2021〕508号,上海市市场监督管理局,2021-09-26,有效,统一政策发布平台,https://www.shanghai.gov.cn/zhengce/detail/0019::2c9bf2f67c2c6f4e017c34fd0af46d9b,
房屋与住房,办法,区级,《长宁区区筹公共租赁住房管理办法》,长房管规〔2021〕1号,上海市长宁区住房保障和房屋管理局,2021-09-30,有效,统一政策发布平台,https://www.shanghai.gov.cn/zhengce/detail/0074::007413629,docs/房屋与住房/《长宁区区筹公共租赁住房管理办法》.md
房屋与住房,办法,市级,关于印发《上海市征地房屋补偿争议协调和处理办法》的通知,沪规划资源规〔2021〕7号,上海市规划和自然资源局,2021-09-30,有效,统一政策发布平台,https://www.shanghai.gov.cn/zhengce/detail/0032::5ba5748a8bc94b958aaf1b22a4a71307,docs/房屋与住房/关于印发《上海市征地房屋补偿争议协调和处理办法》的通知.md
房屋与住房,实施细则,区级,黄浦区人民政府关于印发修订后的《黄浦区贯彻执行<上海市国有土地上房屋征收与补偿实施细则>的若干意见》的通知,黄府规〔2021〕2号,上海市黄浦区人民政府,2021-09-22,有效,统一政策发布平台,https://www.shanghai.gov.cn/zhengce/detail/0071::e4ec246e-525b-4992-9377-f684f1b6ce8a,docs/房屋与住房/黄浦区人民政府关于印发修订后的《黄浦区贯彻执行_上海市国有土地上房屋征收与补偿实施细则_的若干意见》.md
房屋与住房,通知公告,市级,上海市住房和城乡建设管理委员会关于加强本市外墙外保温系统及材料使用管理的通知,沪建建材〔2021〕586号,上海市住房和城乡建设管理委员会,2021-09-15,有效,统一政策发布平台,https://www.shanghai.gov.cn/zhengce/detail/0011::200c59be42104b5c8cd6452fe4c9c7e6,
房屋与住房,办法,区级,关于印发《浦东新区建筑装饰装修工程管理办法》的通知,浦建委规〔2021〕1号,上海市浦东新区建设和交通委员会（国防动员办公室、人民防空办公室、住房保障和房屋管理局）,2021-09-09,有效,统一政策发布平台,https://www.shanghai.gov.cn/zhengce/detail/0070::0070235572,docs/房屋与住房/关于印发《浦东新区建筑装饰装修工程管理办法》的通知.md
房屋与住房,办法,市级,关于印发《上海市互联网租赁自行车服务质量评价及动态调整实施办法》的通知,沪交道运 〔2021〕650号,上海市交通委员会,2021-08-27,有效,统一政策发布平台,https://www.shanghai.gov.cn/zhengce/detail/0010::deea747769b64e8b9b8a3e7a7c1dcdfd,docs/房屋与住房/关于印发《上海市互联网租赁自行车服务质量评价及动态调整实施办法》的通知.md
房屋与住房,实施意见,市级,上海市住房和城乡建设管理委员会等关于印发《关于加强本市城市地下市政基础设施建设的实施意见》的通知,沪建设施联〔2021〕461号,上海市住房和城乡建设管理委员会,2021-08-09,有效,统一政策发布平台,https://www.shanghai.gov.cn/zhengce/detail/0011::9d8ec5c579f14316b16545a7721a4016,
房屋与住房,规定,市级,关于印发《上海市住宅物业管理区域机动车停放管理规定》的通知,沪房规范〔2021〕11号,上海市房屋管理局,2021-08-31,有效,统一政策发布平台,https://www.shanghai.gov.cn/zhengce/detail/0013::dba44d90510b4216b4be4cbe779dbf8d,docs/房屋与住房/关于印发《上海市住宅物业管理区域机动车停放管理规定》的通知.md
房屋与住房,办法,市级,关于印发《上海市廉租住房保障家庭复核管理办法》的通知,沪房规范〔2021〕12号,上海市房屋管理局,2021-08-30,失效,统一政策发布平台,https://www.shanghai.gov.cn/zhengce/detail/0013::ca1c929795954d1b8af6d6c454fc25c9,docs/房屋与住房/关于印发《上海市廉租住房保障家庭复核管理办法》的通知.md
房屋与住房,办法,市级,关于修订《上海市共有产权保障住房价格管理办法》的通知,沪发改规范〔2021〕9号,上海市发展和改革委员会,2021-08-30,有效,统一政策发布平台,https://www.shanghai.gov.cn/zhengce/detail/0025::8e1bd8818a7c408f9389551fda8c4f9f,docs/房屋与住房/关于修订《上海市共有产权保障住房价格管理办法》的通知.md
房屋与住房,通知公告,市级,关于规范本市新建住宅建筑区划红线内供电配套工程收费标准的通知,沪发改价管〔2021〕39号,上海市发展和改革委员会,2021-08-26,有效,统一政策发布平台,https://www.shanghai.gov.cn/zhengce/detail/0025::cc7037ae624641d7a73b745b85a9b10f,
房屋与住房,办法,区级,上海市普陀区人民政府关于印发《上海市普陀区公共租赁住房实施办法》的通知,普府规范〔2021〕1号,上海市普陀区人民政府,2021-08-31,有效,统一政策发布平台,https://www.shanghai.gov.cn/zhengce/detail/0075::007590789,docs/房屋与住房/上海市普陀区人民政府关于印发《上海市普陀区公共租赁住房实施办法》的通知.md
房屋与住房,通知公告,市级,关于本市部分房车租赁企业车辆额度超期失效的公告,沪道运客〔2021〕245号,上海市道路运输管理局,2021-08-26,有效,统一政策发布平台,https://www.shanghai.gov.cn/zhengce/detail/0010::a948124645bb425e9432f52f69d0847b,
房屋与住房,通知公告,市级,上海市生态环境局、市住房城乡建设管理委、 市交通委、市市场监管局关于完善扬尘和噪声在线监测设备运行维护与监督管理的通知,沪环监测〔2021〕185号,上海市生态环境局,2021-08-12,有效,统一政策发布平台,https://www.shanghai.gov.cn/zhengce/detail/0024::5a30f52c13ac47d4ae40e3ef325a8b69,
房屋与住房,规划与计划,市级,上海市人民政府办公厅关于印发《上海市住房发展“十四五”规划》的通知,沪府办发〔2021〕19号,上海市人民政府办公厅,2021-07-28,有效,统一政策发布平台,https://www.shanghai.gov.cn/zhengce/detail/0001::ff7b1822347941db810af5a9b44083b8,
房屋与住房,通知公告,街镇级,关于印发《古美路街道办事处漕宝路快速路新建工程项目国有土地上非居住房屋协商搬迁补偿方案》的通知,闵古办〔2021〕28号,上海市闵行区人民政府古美路街道办事处,2021-08-11,有效,统一政策发布平台,https://www.shanghai.gov.cn/zhengce/detail/0079::B7F52F0E-3697-11ED-90FC-70624028CFED,
房屋与住房,通知公告,市级,上海市住房和城乡建设管理委员会关于批准《建筑浮筑楼板保温隔声系统构造》为上海市建筑标准设计的通知,沪建标定〔2021〕512号,上海市住房和城乡建设管理委员会,2021-08-10,有效,统一政策发布平台,https://www.shanghai.gov.cn/zhengce/detail/0011::22c4f8b87dd34c56a6b73f53c2cbc9b6,
房屋与住房,办法,市级,关于印发《上海市住房和城乡建设管理委员会科研项目管理办法》的通知,沪建科信〔2021〕472号,上海市住房和城乡建设管理委员会,2021-07-20,有效,统一政策发布平台,https://www.shanghai.gov.cn/zhengce/detail/0011::3de93a87fc8b44e58eb87d75a45188d5,docs/房屋与住房/关于印发《上海市住房和城乡建设管理委员会科研项目管理办法》的通知.md
房屋与住房,通知公告,市级,上海市生态环境局、市经济信息化委、市住房城乡建设管理委、市市场监管局关于禁止六溴环十二烷生产、使用有关工作的通知,沪环土〔2021〕179号,上海市生态环境局,2021-08-06,有效,统一政策发布平台,https://www.shanghai.gov.cn/zhengce/detail/0024::3c319fe9428449fc96d2ee20dbc1d923,
房屋与住房,实施意见,区级,上海市宝山区人民政府办公室转发区国资委制订的《关于进一步加强房屋征收监管工作的实施方案》的通知,宝府办〔2021〕40号,上海市宝山区人民政府办公室,2021-07-30,有效,统一政策发布平台,https://www.shanghai.gov.cn/zhengce/detail/0078::79738c6d-e12d-4493-b6fb-1e30c1fb9706,
房屋与住房,审查与许可规则,市级,关于实施本市互联网租赁自行车备案管理的通知,沪道运设运〔2021〕231号,上海市道路运输管理局,2021-07-26,有效,统一政策发布平台,https://www.shanghai.gov.cn/zhengce/detail/0010::ff6125bea08e45568434eb8ca8fd147e,docs/房屋与住房/关于实施本市互联网租赁自行车备案管理的通知.md
房屋与住房,通知公告,市级,关于加强住房赠与管理的通知,沪建房管联〔2021〕476号,上海市住房和城乡建设管理委员会,2021-07-23,有效,统一政策发布平台,https://www.shanghai.gov.cn/zhengce/detail/0011::6f48704829384ab1b399e0c81315c847,
房屋与住房,审查与许可规则,市级,上海市房屋管理局关于对房地产估价机构备案部分事项实行告知承诺管理的通知,沪房市场〔2021〕109号,上海市房屋管理局,2021-07-22,有效,统一政策发布平台,https://www.shanghai.gov.cn/zhengce/detail/0013::1a130c7471d34461b5e045ab74bffbda,docs/房屋与住房/上海市房屋管理局关于对房地产估价机构备案部分事项实行告知承诺管理的通知.md
房屋与住房,通知公告,市级,上海市经济信息化委 市商务委 市住房和城乡建设管理委市交通委 市公安局关于发布上海市非营运二手新能源汽车申领专用牌照相关操作流程的通知,沪经信制〔2021〕513号,上海市经济和信息化委员会,2021-07-07,有效,统一政策发布平台,https://www.shanghai.gov.cn/zhengce/detail/0020::321ba00e416e4adf9001b2dbda5c8f5f,
房屋与住房,实施意见,其他,关于印发《关于加强临港新片区住宅小区通信配套设施建设与管理的实施意见（试行）》的通知,沪自贸临管委〔2021〕577号,中国（上海）自由贸易试验区临港新片区管理委员会,2021-07-02,有效,统一政策发布平台,https://www.shanghai.gov.cn/zhengce/detail/0058::a9a7cfa5e7dc4530b5e587dcc97dacc1,
房屋与住房,实施意见,街镇级,关于印发《吴泾镇城镇房屋安全隐患排查整治工作方案》的通知,闵吴府发〔2021〕5号,上海市闵行区吴泾镇人民政府,2021-07-02,有效,统一政策发布平台,https://www.shanghai.gov.cn/zhengce/detail/0079::3178a437-6789-44b7-a6b8-3313144d503c,
房屋与住房,规划与计划,区级,黄浦区人民政府办公室关于印发黄浦区旧区改造和重大项目“十四五”规划的通知,黄府办发〔2021〕23号,上海市黄浦区人民政府办公室,2021-06-30,有效,统一政策发布平台,https://www.shanghai.gov.cn/zhengce/detail/0071::cfc92f5d-825d-4037-8aff-58dbeb7b1f3a,
房屋与住房,办法,市级,关于印发《上海市共有产权保障住房销售差额资金管理办法》的通知,沪房规范〔2021〕9号,上海市房屋管理局,2021-06-25,有效,统一政策发布平台,https://www.shanghai.gov.cn/zhengce/detail/0013::6c8a3f8d6646459da2e971a2cce3b939,docs/房屋与住房/关于印发《上海市共有产权保障住房销售差额资金管理办法》的通知.md
房屋与住房,实施意见,区级,关于印发《关于加强宝山区征收安置住房建设管理的实施意见》的通知,宝房管〔2021〕5号,上海市宝山区住房保障和房屋管理局,2021-06-23,有效,统一政策发布平台,https://www.shanghai.gov.cn/zhengce/detail/0078::a8fbe69b-48f4-414c-b180-e22f42f69a9c,
房屋与住房,规定,市级,关于印发《关于进一步贯彻实施〈上海市住宅物业管理规定〉的若干意见》的通知,沪房规范〔2021〕6号,上海市房屋管理局,2021-06-22,有效,统一政策发布平台,https://www.shanghai.gov.cn/zhengce/detail/0013::c01bf90254bb4429826e5ee4771e580b,docs/房屋与住房/关于印发《关于进一步贯彻实施〈上海市住宅物业管理规定〉的若干意见》的通知.md
房屋与住房,通知公告,市级,关于住宅小区专项维修资金、公共收益的收支情况以及业主委员会工作经费年度审计工作有关问题的通知,沪房规范〔2021〕8号,上海市房屋管理局,2021-06-22,失效,统一政策发布平台,https://www.shanghai.gov.cn/zhengce/detail/0013::207a991103d74cdbb04c5f5c46146bc5,
房屋与住房,通知公告,市级,上海市房屋管理局关于印发《本市建设单位、业主大会选聘物业服务企业的相关示范文本》的通知,沪房物业〔2021〕97号,上海市房屋管理局,2021-06-05,有效,统一政策发布平台,https://www.shanghai.gov.cn/zhengce/detail/0013::1264a1d85dfc43d79edf5e3361bf1339,
房屋与住房,办法,区级,上海市崇明区人民政府关于印发本区农村村民住房建设管理办法的通知,沪崇府规〔2021〕2号,上海市崇明区人民政府办公室,2021-05-31,有效,统一政策发布平台,https://www.shanghai.gov.cn/zhengce/detail/0085::abf6c905-02b2-4f43-acb8-f8cade6b76a4,docs/房屋与住房/上海市崇明区人民政府关于印发本区农村村民住房建设管理办法的通知.md
房屋与住房,办法,街镇级,关于印发《新虹街道农村集体资产租赁管理办法》的通知,闵新办〔2021〕44号,上海市闵行区人民政府新虹街道办事处,2021-05-26,有效,统一政策发布平台,https://www.shanghai.gov.cn/zhengce/detail/0079::8AD22E83-3697-11ED-963E-B25BB2113FFC,docs/房屋与住房/关于印发《新虹街道农村集体资产租赁管理办法》的通知.md
房屋与住房,办法,区级,区房管局关于印发《金山区区属征收安置住房管理办法》的通知,金房管规〔2021〕1号,上海市金山区住房保障和房屋管理局,2021-05-12,有效,统一政策发布平台,https://www.shanghai.gov.cn/zhengce/detail/0081::00814223199ecced3d84ce238a06e654feae,docs/房屋与住房/区房管局关于印发《金山区区属征收安置住房管理办法》的通知.md
房屋与住房,通知公告,市级,上海市房屋管理局关于做好房屋交易核验相关工作的通知,沪房市场〔2021〕55号,上海市房屋管理局,2021-04-16,有效,统一政策发布平台,https://www.shanghai.gov.cn/zhengce/detail/0013::558d0d421fe74c92b98fb98bd320f327,
房屋与住房,办法,区级,关于印发《关于加强宝山区农民相对集中居住住宅质量安全管控的管理办法》的通知,宝建〔2021〕18号,上海市宝山区建设和管理委员会,2021-04-06,有效,统一政策发布平台,https://www.shanghai.gov.cn/zhengce/detail/0078::07363c08-07e0-46b7-a649-5199af5cb6a8,docs/房屋与住房/关于印发《关于加强宝山区农民相对集中居住住宅质量安全管控的管理办法》的通知.md
房屋与住房,通知公告,区级,上海市崇明区人民政府关于印发本区征收集体土地房屋补偿标准意见的通知,沪崇府规〔2021〕1号,上海市崇明区人民政府办公室,2021-03-28,有效,统一政策发布平台,https://www.shanghai.gov.cn/zhengce/detail/0085::c0fc0a84-1eec-4d8b-9834-8dda36a54bc1,
房屋与住房,通知公告,市级,关于进一步加强本市房地产市场管理的通知,沪建房管联〔2021〕129号,上海市住房和城乡建设管理委员会,2021-03-03,有效,统一政策发布平台,https://www.shanghai.gov.cn/zhengce/detail/0011::d258f80d07d44356b3f24cc829c34ae3,
房屋与住房,通知公告,市级,上海市房屋管理局关于公布既有多层住宅加装电梯业主出资比例指导标准的通知,沪房更新〔2021〕18号,上海市房屋管理局,2021-02-19,有效,统一政策发布平台,https://www.shanghai.gov.cn/zhengce/detail/0013::cba507e1614a41f9b843d06470bda9ed,
房屋与住房,通知公告,市级,关于本市业主共有房地产及公益性公共服务设施房地产认定工作有关问题的通知,沪房规范〔2021〕2号,上海市房屋管理局,2021-02-23,有效,统一政策发布平台,https://www.shanghai.gov.cn/zhengce/detail/0013::3c6028af2994466087403fc983666429,
房屋与住房,办法,市级,关于印发《上海市住宅修缮工程管理办法》的通知,沪房规范〔2021〕1号,上海市房屋管理局,2021-01-15,有效,统一政策发布平台,https://www.shanghai.gov.cn/zhengce/detail/0013::4aa46ca3e9c34f53bb18e4e7e0c56815,docs/房屋与住房/关于印发《上海市住宅修缮工程管理办法》的通知.md
房屋与住房,实施意见,区级,关于印发《虹口区明确廉租住房申请审核的指导意见》及《虹口区明确共有产权保障住房申请审核的指导意见》的通知,虹房管〔2021〕24号,上海市虹口区住房保障和房屋管理局,2021-02-05,有效,统一政策发布平台,https://www.shanghai.gov.cn/zhengce/detail/0076::16fa401b-2425-4038-aefb-8e67c5b1f3ad,
房屋与住房,通知公告,市级,关于印发《上海市融资租赁公司、商业保理公司涉个人客户相关业务规范指引》的通知,沪金规〔2021〕1号,上海市地方金融监督管理局,2021-01-22,失效,统一政策发布平台,https://www.shanghai.gov.cn/zhengce/detail/0031::79858587481045e496af51c22bce34f0,
房屋与住房,通知公告,市级,关于转发《住房和城乡建设部等部门印发》的通知,沪分减联办〔2021〕1号,上海市绿化和市容管理局,2021-01-06,有效,统一政策发布平台,https://www.shanghai.gov.cn/zhengce/detail/0039::d1d3d2c3-d33d-42f8-815d-3bae49eb928b,
房屋与住房,办法,市级,关于延长《上海市危险性较大的分部分项工程专家论证管理办法》有效期的通知,,上海市住房和城乡建设管理委员会,2020-11,有效,市住建委规范性文件,https://zjw.sh.gov.cn/gfxwj/20201110/c0f32e92a784437b96d843b0580c6f13.html,docs/房屋与住房/关于延长《上海市危险性较大的分部分项工程专家论证管理办法》有效期的通知.md
房屋与住房,办法,市级,关于印发《上海市在沪建筑业企业信用评价管理办法》的通知,,上海市住房和城乡建设管理委员会,2020-08,有效,市住建委规范性文件,https://zjw.sh.gov.cn/gfxwj/20200824/00e163b360604ea8a7c94808665d6ae7.html,docs/房屋与住房/关于印发《上海市在沪建筑业企业信用评价管理办法》的通知.md
房屋与住房,规定,市级,上海市住房和城乡建设管理委员会关于印发《上海市建筑施工机械安全监督管理规定》的通知,,上海市住房和城乡建设管理委员会,2020-06,有效,市住建委规范性文件,https://zjw.sh.gov.cn/gfxwj/20200615/facee835090648dc8dee2f3cbc2b6366.html,docs/房屋与住房/上海市住房和城乡建设管理委员会关于印发《上海市建筑施工机械安全监督管理规定》的通知.md
房屋与住房,通知公告,市级,关于印发《上海市共有产权保障住房准入标准和供应标准》的通知,,上海市住房和城乡建设管理委员会,2020-06,有效,市住建委规范性文件,https://zjw.sh.gov.cn/gfxwj/20200602/7f9f9a0726454cd7adba048bcf068629.html,
房屋与住房,办法,市级,关于印发《上海市建筑装饰装修工程管理实施办法》的通知,,上海市住房和城乡建设管理委员会,2020-11,有效,市住建委规范性文件,https://zjw.sh.gov.cn/gfxwj/20201110/301a5c4dd02d4345bb7dc2269eb29070.html,docs/房屋与住房/关于印发《上海市建筑装饰装修工程管理实施办法》的通知.md
房屋与住房,办法,市级,关于印发《上海市二级造价工程师职业资格管理办法》的通知,,上海市住房和城乡建设管理委员会,2020-11,有效,市住建委规范性文件,https://zjw.sh.gov.cn/gfxwj/20201110/f3a1c88853074de5b9a82bd0a7f412c2.html,docs/房屋与住房/关于印发《上海市二级造价工程师职业资格管理办法》的通知.md
房屋与住房,实施意见,区级,关于印发《崇明区既有住宅加装电梯后续管理指导意见》的通知,沪崇住综管联办发〔2020〕1号,上海市崇明区住房保障和房屋管理局,2020-01-20,有效,统一政策发布平台,https://www.shanghai.gov.cn/zhengce/detail/0085::3d9c7e99-a4fa-421f-9ab0-6ae072ab2912,
房屋与住房,通知公告,市级,上海市住房和城乡建设管理委员会关于批准发布《上海市建筑和装饰工程概算定额（SH01-21-2020）》《上海市市政工程概算定额（SHA1-21-2020）》等4本工程概算定额的通知,沪建标定〔2020〕795号,上海市住房和城乡建设管理委员会,2020-12-23,有效,统一政策发布平台,https://www.shanghai.gov.cn/zhengce/detail/0011::3fc4508325254b79b08c2b41aa6c6117,
房屋与住房,通知公告,市级,关于本市开展对部分个人住房征收房产税试点若干问题的通知,沪财发〔2020〕18号,上海市财政局,2020-12-31,有效,统一政策发布平台,https://www.shanghai.gov.cn/zhengce/detail/0017::xxfbdf0000016357,
房屋与住房,规定,市级,上海市房屋管理局关于印发《上海市公有住房承租权转让合同网签操作规定》的通知,沪房市场〔2020〕150号,上海市房屋管理局,2020-12-17,有效,统一政策发布平台,https://www.shanghai.gov.cn/zhengce/detail/0013::0ca032f31b834b639a190754a47f7c0c,docs/房屋与住房/上海市房屋管理局关于印发《上海市公有住房承租权转让合同网签操作规定》的通知.md
房屋与住房,规定,市级,上海市房屋管理局关于印发《上海市房屋权属调查工作规定》的通知,沪房规范〔2020〕11号,上海市房屋管理局,2020-12-22,有效,统一政策发布平台,https://www.shanghai.gov.cn/zhengce/detail/0013::42e4e5dc321d439e936c9642b13d5f76,docs/房屋与住房/上海市房屋管理局关于印发《上海市房屋权属调查工作规定》的通知.md
房屋与住房,规定,市级,上海市房屋管理局关于印发《上海市房屋权属调查成果管理规定》的通知,沪房规范〔2020〕12号,上海市房屋管理局,2020-12-22,有效,统一政策发布平台,https://www.shanghai.gov.cn/zhengce/detail/0013::12e7f936ce034ef7bbbee771532b6e94,docs/房屋与住房/上海市房屋管理局关于印发《上海市房屋权属调查成果管理规定》的通知.md
房屋与住房,通知公告,市级,上海市房屋管理局关于进一步规范本市住宅小区公共收益使用管理相关工作的通知,沪房规范〔2020〕14号,上海市房屋管理局,2020-12-23,失效,统一政策发布平台,https://www.shanghai.gov.cn/zhengce/detail/0013::e55ef99c23d2469f8aa03c559dd54c8c,
房屋与住房,实施意见,区级,上海市崇明区人民政府办公室关于印发本区农村房屋安全隐患排查整治工作方案的通知,沪崇府办发〔2020〕26号,上海市崇明区人民政府办公室,2020-12-21,有效,统一政策发布平台,https://www.shanghai.gov.cn/zhengce/detail/0085::0cc2c694-1000-4840-993a-b62e58fb3e62,
房屋与住房,办法,区级,上海市奉贤区人民政府关于印发《奉贤区农村村民住房建设管理办法》的通知,沪奉府规〔2020〕6号,上海市奉贤区人民政府,2020-12-16,有效,统一政策发布平台,https://www.shanghai.gov.cn/zhengce/detail/0084::0084447,docs/房屋与住房/上海市奉贤区人民政府关于印发《奉贤区农村村民住房建设管理办法》的通知.md
房屋与住房,通知公告,市级,关于推进实施廉租房申请“一件事”改革工作的通知,沪房保障〔2020〕123号,上海市房屋管理局,2020-09-25,有效,统一政策发布平台,https://www.shanghai.gov.cn/zhengce/detail/0013::552d3213bc874577bd049fc4eaabd38b,
房屋与住房,办法,区级,浦东新区人民政府关于废止《临港地区限价商品住房供应管理工作实施办法》的通知,浦府规〔2020〕4号,上海市浦东新区人民政府,2020-10-09,有效,统一政策发布平台,https://www.shanghai.gov.cn/zhengce/detail/0070::0070236096,docs/房屋与住房/浦东新区人民政府关于废止《临港地区限价商品住房供应管理工作实施办法》的通知.md
房屋与住房,实施意见,街镇级,关于征收集体所有土地村（居）农民房屋 补偿安置实施意见,宝月委〔2020〕62号,上海市宝山区月浦镇人民政府,2020-08-04,有效,统一政策发布平台,https://www.shanghai.gov.cn/zhengce/detail/0078::9f864545-3760-4782-9d98-124ce6e5217d,
房屋与住房,通知公告,区级,关于印发《黄浦区既有多层住宅加装电梯工作流程》的通知,黄房管发〔2020〕22号,上海市黄浦区住房保障和房屋管理局,2020-05-21,有效,统一政策发布平台,https://www.shanghai.gov.cn/zhengce/detail/0071::db7949ac-32cf-4f36-bf51-10472726d0ba,
房屋与住房,其他,区级,闵行区维修资金(公共收益)管理制度（2020年3月修订）,闵房管〔2020〕100号,上海市闵行区住房保障和房屋管理局,2020-04-10,有效,统一政策发布平台,https://www.shanghai.gov.cn/zhengce/detail/0079::B4481F81-3697-11ED-BE73-539C7EFE7EE3,
房屋与住房,通知公告,市级,上海市房屋管理局关于调整优化部分市筹公租房供应区域范围和供应标准的通知,沪房保障〔2020〕22号,上海市房屋管理局,2020-03-12,有效,统一政策发布平台,https://www.shanghai.gov.cn/zhengce/detail/0013::2e43a4a94980445d8a952394b8cd53c5,
房屋与住房,通知公告,区级,黄浦区人民政府关于同意确认黄浦区新昌路1号地块南块旧城区改建项目房屋征收范围的批复,黄府发〔2020〕003号,上海市黄浦区人民政府,2020-02-20,有效,统一政策发布平台,https://www.shanghai.gov.cn/zhengce/detail/0071::9508952f-7e05-4720-9c00-4f97f8f7c0ab,
房屋与住房,通知公告,区级,黄浦区人民政府关于同意确认黄浦区新昌路7号地块旧城区改建项目房屋征收范围的批复,黄府发〔2020〕005号,上海市黄浦区人民政府,2020-02-20,有效,统一政策发布平台,https://www.shanghai.gov.cn/zhengce/detail/0071::a7020713-7acd-406a-a0e9-17826f031f73,
房屋与住房,通知公告,区级,黄浦区人民政府关于同意确认黄浦区新昌路1号地块北块旧城区改建项目房屋征收范围的批复,黄府发〔2020〕004号,上海市黄浦区人民政府,2020-02-20,有效,统一政策发布平台,https://www.shanghai.gov.cn/zhengce/detail/0071::30a03179-450c-4a0e-b258-ea8f4bc6962d,
房屋与住房,办法,市级,上海市人民政府关于批转市住房城乡建设管理委 市财政局制订的《上海市市级城市维护项目管理办法》的通知,沪府规〔2020〕1号,上海市人民政府,2020-01-14,失效,统一政策发布平台,https://www.shanghai.gov.cn/zhengce/detail/0001::0001-12344_63443,docs/房屋与住房/上海市人民政府关于批转市住房城乡建设管理委 市财政局制订的《上海市市级城市维护项目管理办法》的通知.md
房屋与住房,通知公告,市级,关于启用《上海市新建住宅质量保证书》（2020年版）和《上海市新建住宅使用说明书》（2020年版）的通知,沪建房管联〔2020〕31号,上海市住房和城乡建设管理委员会,2020-01-14,有效,统一政策发布平台,https://www.shanghai.gov.cn/zhengce/detail/0011::72e50af3fda24b47b75b92286dbfe891,
房屋与住房,办法,市级,关于印发《上海市共有产权保障住房申请对象住房面积核查办法》的通知,,上海市住房和城乡建设管理委员会,2019-12,有效,市住建委规范性文件,https://zjw.sh.gov.cn/gfxwj/20191230/6975adb19ca9487bb3368633c514d7cc.html,docs/房屋与住房/关于印发《上海市共有产权保障住房申请对象住房面积核查办法》的通知.md
房屋与住房,办法,市级,关于印发《关于共有产权保障住房预（出）售合同网上备案和登记的实施办法》 的通知,,上海市住房和城乡建设管理委员会,2019-12,有效,市住建委规范性文件,https://zjw.sh.gov.cn/gfxwj/20191230/85b0a8c7f2034cd6970ae2049abf66e7.html,docs/房屋与住房/关于印发《关于共有产权保障住房预（出）售合同网上备案和登记的实施办法》 的通知.md
房屋与住房,规定,市级,关于印发《上海市房地产估价报告网上备案管理规定》的通知,,上海市住房和城乡建设管理委员会,2019-12,有效,市住建委规范性文件,https://zjw.sh.gov.cn/gfxwj/20191230/1dd8f6dd76d142eb90e43d97169971c8.html,docs/房屋与住房/关于印发《上海市房地产估价报告网上备案管理规定》的通知.md
房屋与住房,通知公告,市级,关于单位保留使用权的成套住房处理有关问题的通知,,上海市住房和城乡建设管理委员会,2019-12,有效,市住建委规范性文件,https://zjw.sh.gov.cn/gfxwj/20191223/766761f95bb243bab50c2aaa33270283.html,
房屋与住房,通知公告,市级,关于加强本市住宅物业管理区域物业服务企业履行装修管理工作职责的通知,,上海市住房和城乡建设管理委员会,2019-12,有效,市住建委规范性文件,https://zjw.sh.gov.cn/gfxwj/20191223/9849dc90284b4f32b8c754298f88ab35.html,
房屋与住房,规定,市级,关于印发《上海市住房租赁合同网签备案操作规定》的通知,,上海市住房和城乡建设管理委员会,2019-12,有效,市住建委规范性文件,https://zjw.sh.gov.cn/gfxwj/20191223/89d3934ea38049dc97617146444966af.html,docs/房屋与住房/关于印发《上海市住房租赁合同网签备案操作规定》的通知.md
房屋与住房,实施意见,区级,关于印发《关于推进崇明区住宅加装电梯施工相关工作指导意见》的通知,沪崇住综管联办发〔2019〕2号,上海市崇明区住房保障和房屋管理局,2019-07-08,有效,统一政策发布平台,https://www.shanghai.gov.cn/zhengce/detail/0085::44ed799d-c4dc-46fa-9495-dddc21075791,
房屋与住房,实施细则,市级,关于印发修订后的《上海市共有产权保障住房和廉租住房申请家庭经济状况核对实施细则》的通知,沪民规〔2019〕13号,上海市民政局,2019-12-25,有效,统一政策发布平台,https://www.shanghai.gov.cn/zhengce/detail/0034::MZ_zhuzhan2739_47633,docs/房屋与住房/关于印发修订后的《上海市共有产权保障住房和廉租住房申请家庭经济状况核对实施细则》的通知.md
房屋与住房,通知公告,市级,关于进一步加强本市房地产市场监管规范商品住房预销售行为的通知,沪房规范〔2019〕20号,上海市房屋管理局,2019-12-31,有效,统一政策发布平台,https://www.shanghai.gov.cn/zhengce/detail/0013::bd9cbbc559b54d558f89dabf59717a43,
房屋与住房,办法,市级,上海市房屋管理局关于印发《上海市廉租住房申请对象住房面积核查办法》的通知,沪房规范〔2019〕19号,上海市房屋管理局,2019-12-31,有效,统一政策发布平台,https://www.shanghai.gov.cn/zhengce/detail/0013::2cd7e755c6f44e5f8ac3a29ab18b706e,docs/房屋与住房/上海市房屋管理局关于印发《上海市廉租住房申请对象住房面积核查办法》的通知.md
房屋与住房,通知公告,市级,上海市房屋管理局关于推行使用《上海市非沪籍共有产权保障住房供后房屋使用管理协议示范文本（2019版）》的通知,沪房保障〔2019〕193号,上海市房屋管理局,2019-12-25,有效,统一政策发布平台,https://www.shanghai.gov.cn/zhengce/detail/0013::eaed3771206d4e63b4c9d97da38948ec,
房屋与住房,办法,市级,上海市房屋管理局关于印发《上海市共有产权保障住房申请对象住房面积核查办法》的通知,沪房规范〔2019〕17号,上海市房屋管理局,2019-12-20,有效,统一政策发布平台,https://www.shanghai.gov.cn/zhengce/detail/0013::13745bfeb59f47e5a991bbb243eaf3b9,docs/房屋与住房/上海市房屋管理局关于印发《上海市共有产权保障住房申请对象住房面积核查办法》的通知.md
房屋与住房,办法,市级,关于印发《上海市新建住宅市政（公建）配套工程咨询评估管理办法》的通知,沪房建管〔2019〕190 号,上海市房屋管理局,2019-12-19,有效,统一政策发布平台,https://www.shanghai.gov.cn/zhengce/detail/0013::bb00c745aba2446682a6aba90de8fb0e,docs/房屋与住房/关于印发《上海市新建住宅市政（公建）配套工程咨询评估管理办法》的通知.md
房屋与住房,规定,市级,上海市房屋管理局关于印发《上海市房地产估价报告网上备案管理规定》的通知,沪房规范〔2019〕15号,上海市房屋管理局,2019-12-17,有效,统一政策发布平台,https://www.shanghai.gov.cn/zhengce/detail/0013::b8237617c54844529003709d7653cfbb,docs/房屋与住房/上海市房屋管理局关于印发《上海市房地产估价报告网上备案管理规定》的通知.md
房屋与住房,办法,市级,关于印发《〈上海市公有住房差价交换办法〉操作业务指南》的通知,沪房市场〔2019〕184 号,上海市房屋管理局,2019-11-26,有效,统一政策发布平台,https://www.shanghai.gov.cn/zhengce/detail/0013::1bb750a675c74b778a19eea64cbd1c3e,docs/房屋与住房/关于印发《〈上海市公有住房差价交换办法〉操作业务指南》的通知.md
房屋与住房,办法,市级,上海市人民政府关于印发《上海市公有住房差价交换办法》的通知,沪府发〔2019〕19号,上海市人民政府,2019-10-10,有效,统一政策发布平台,https://www.shanghai.gov.cn/zhengce/detail/0001::0001-12344_62943,docs/房屋与住房/上海市人民政府关于印发《上海市公有住房差价交换办法》的通知.md
房屋与住房,办法,市级,上海市房屋管理局关于印发《上海市共有产权保障住房预售申请和审核实施办法》的通知,沪房规范〔2019〕6号,上海市房屋管理局,2019-11-01,有效,统一政策发布平台,https://www.shanghai.gov.cn/zhengce/detail/0013::d0ade1ad9e614f9797c7137b3ae91ee0,docs/房屋与住房/上海市房屋管理局关于印发《上海市共有产权保障住房预售申请和审核实施办法》的通知.md
房屋与住房,通知公告,市级,上海市发展和改革委员会关于调整本市新建住宅建筑区划红线内地下管网燃气工程安装费的通知,沪发改价管〔2019〕51号,上海市发改委信息公开,2019-10-31,有效,统一政策发布平台,https://www.shanghai.gov.cn/zhengce/detail/0025::c2f936807b39412898d62094e82ea224,
房屋与住房,规定,市级,关于印发《关于公有居住房屋变更、分列租赁户名的若干规定》的通知,沪房规范〔2019〕3号,上海市房屋管理局,2019-08-15,失效,统一政策发布平台,https://www.shanghai.gov.cn/zhengce/detail/0013::2aa8b540c7fc490b8b776fb65c77bd61,docs/房屋与住房/关于印发《关于公有居住房屋变更、分列租赁户名的若干规定》的通知.md
房屋与住房,通知公告,区级,关于印发《松江区人民政府关于本区国有土地上房屋征收与补偿相关标准的决定》的通知,沪松府规〔2019〕16号,上海市松江区人民政府办公室,2019-07-28,有效,统一政策发布平台,https://www.shanghai.gov.cn/zhengce/detail/0082::80d35a5b-c8c1-436d-baf1-dd3e933f9c74,
房屋与住房,办法,区级,上海市青浦区人民政府关于印发青浦区公共租赁住房管理实施办法的通知,青府规发〔2019〕2号,上海市青浦区人民政府,2019-05-07,失效,统一政策发布平台,https://www.shanghai.gov.cn/zhengce/detail/0083::0083510672,docs/房屋与住房/上海市青浦区人民政府关于印发青浦区公共租赁住房管理实施办法的通知.md
房屋与住房,实施意见,区级,黄浦区人民政府办公室关于转发区房管局制订的黄浦区老旧住宅小区物业综合管理实施意见（试行）的通知,黄府办发〔2019〕009号,上海市黄浦区人民政府办公室,2019-04-17,有效,统一政策发布平台,https://www.shanghai.gov.cn/zhengce/detail/0071::59a22f44-636a-49c8-95ef-49f60fc2d479,
房屋与住房,通知公告,区级,关于切实加强罗店老街地区出租出借房屋及经营场所安全管控工作的通知,宝国资委〔2019〕13号,上海市宝山区国有资产监督管理委员会,2019-04-04,有效,统一政策发布平台,https://www.shanghai.gov.cn/zhengce/detail/0078::d81ab521-a856-4537-82b5-55971c1c7e4b,
房屋与住房,通知公告,区级,黄浦区人民政府关于同意确认黄浦区乔家路地块旧城区改建项目房屋征收范围的批复,黄府发〔2019〕008号,上海市黄浦区人民政府,2019-01-30,有效,统一政策发布平台,https://www.shanghai.gov.cn/zhengce/detail/0071::c5c48d30-20d8-48aa-9f65-91e3f20dd2a5,
房屋与住房,通知公告,区级,黄浦区人民政府关于同意确认黄浦区505街坊旧城区改建项目房屋征收范围的批复,黄府发〔2019〕004号,上海市黄浦区人民政府,2019-01-25,有效,统一政策发布平台,https://www.shanghai.gov.cn/zhengce/detail/0071::8f0f010b-d0f1-457e-a820-06e334ee6dd0,
房屋与住房,通知公告,区级,黄浦区人民政府关于同意确认黄浦区79街坊旧城区改建项目房屋征收范围的批复,黄府发〔2019〕006号,上海市黄浦区人民政府,2019-01-25,有效,统一政策发布平台,https://www.shanghai.gov.cn/zhengce/detail/0071::6d9313fc-3b45-4c0b-83c4-548e8baf46bc,
房屋与住房,通知公告,区级,黄浦区人民政府关于同意确认黄浦区厅西路地块旧城区改建项目房屋征收范围的批复,黄府发〔2019〕007号,上海市黄浦区人民政府,2019-01-25,有效,统一政策发布平台,https://www.shanghai.gov.cn/zhengce/detail/0071::50744d6b-bce0-48d1-a0ed-0c3542f5d158,
房屋与住房,通知公告,区级,黄浦区人民政府关于同意确认黄浦区金陵东路地块旧城区改建项目房屋征收范围的批复,黄府发〔2019〕003号,上海市黄浦区人民政府,2019-01-25,有效,统一政策发布平台,https://www.shanghai.gov.cn/zhengce/detail/0071::14b2d38e-6d7d-4c57-8e94-24ccb7cc40df,
房屋与住房,通知公告,区级,黄浦区人民政府关于同意确认黄浦区563街坊旧城区改建项目房屋征收范围的批复,黄府发〔2019〕002号,上海市黄浦区人民政府,2019-01-25,有效,统一政策发布平台,https://www.shanghai.gov.cn/zhengce/detail/0071::fbc8702a-9407-4a3c-ab81-7fc3e2334741,
房屋与住房,通知公告,区级,黄浦区人民政府关于同意确认黄浦区504街坊旧城区改建项目房屋征收范围的批复,黄府发〔2019〕005号,上海市黄浦区人民政府,2019-01-25,有效,统一政策发布平台,https://www.shanghai.gov.cn/zhengce/detail/0071::76b50db2-f7d3-4729-aba0-97af62d841de,
房屋与住房,通知公告,市级,上海市房屋管理局关于廉租住房申请审核实行“全市通办”的通知,沪房保障〔2018〕207号,上海市房屋管理局,2018-12-28,有效,统一政策发布平台,https://www.shanghai.gov.cn/zhengce/detail/0013::685b75274cdc4245a87b6c21b631f894,
房屋与住房,实施意见,市级,上海市房屋管理局关于贯彻《住房城乡建设部关于进一步规范房地产估价机构管理工作的通知》的实施意见,沪房规范〔2018〕11号,上海市房屋管理局,2018-12-29,有效,统一政策发布平台,https://www.shanghai.gov.cn/zhengce/detail/0013::76583cd1c67e4099939a9fa6e14f855a,
房屋与住房,规定,市级,上海市房屋管理局关于印发《上海市国有土地上房屋征收评估报告鉴定若干规定》的通知,沪房规范〔2018〕10号,上海市房屋管理局,2018-12-29,有效,统一政策发布平台,https://www.shanghai.gov.cn/zhengce/detail/0013::2e1cda3393d1435a99b4fb87fd713442,docs/房屋与住房/上海市房屋管理局关于印发《上海市国有土地上房屋征收评估报告鉴定若干规定》的通知.md
房屋与住房,办法,市级,上海市人民政府关于《上海市人民政府关于印发〈上海市开展对部分个人住房征收房产税试点的暂行办法〉的通知》继续有效的通知,沪府规〔2018〕23号,上海市人民政府,2018-12-05,有效,统一政策发布平台,https://www.shanghai.gov.cn/zhengce/detail/0001::0001-42945_57590,docs/房屋与住房/上海市人民政府关于《上海市人民政府关于印发〈上海市开展对部分个人住房征收房产税试点的暂行办法〉的通知.md
房屋与住房,通知公告,区级,上海市宝山区人民政府办公室关于加强征收（拆迁）基地现场管理工作的通知,宝府办〔2018〕54号,上海市宝山区人民政府办公室,2018-09-05,有效,统一政策发布平台,https://www.shanghai.gov.cn/zhengce/detail/0078::e4c9ac81-2abe-4e78-a943-c4d0d6885f05,
房屋与住房,通知公告,区级,黄浦区人民政府关于同意确认黄浦区老西门689街坊旧城区改建项目房屋征收范围的批复,黄府发〔2018〕012号,上海市黄浦区人民政府,2018-08-31,有效,统一政策发布平台,https://www.shanghai.gov.cn/zhengce/detail/0071::6d0720aa-0f5d-4b15-976c-a015ef00465c,
房屋与住房,规定,市级,上海市房屋管理局关于印发修订后的《〈上海市新建住宅交付使用许可规定〉实施细则》的通知,沪房建管〔2018〕102 号,上海市房屋管理局,2018-07-16,有效,统一政策发布平台,https://www.shanghai.gov.cn/zhengce/detail/0013::37f9da2af98a4352972770c7095ad45a,docs/房屋与住房/上海市房屋管理局关于印发修订后的《〈上海市新建住宅交付使用许可规定〉实施细则》的通知.md
房屋与住房,通知公告,区级,关于下发《闵行区维修资金（公共收益）管理制度（试行）》的通知,闵房管〔2018〕240号,上海市闵行区住房保障和房屋管理局,2018-05-28,有效,统一政策发布平台,https://www.shanghai.gov.cn/zhengce/detail/0079::b78c1d73-f1b1-4766-bc17-4041f5d48529,
房屋与住房,实施意见,区级,黄浦区人民政府印发关于加强黄浦区互联网租赁自行车停放管理的实施意见的通知,黄府发〔2018〕005号,上海市黄浦区人民政府,2018-04-03,有效,统一政策发布平台,https://www.shanghai.gov.cn/zhengce/detail/0071::ee72b79c-3ff7-40a5-bfa4-cf721e130af2,
房屋与住房,通知公告,市级,上海市房屋管理局关于公共租赁住房租赁总年限期满退出相关政策口径的通知,沪房保障〔2018〕45号,上海市房屋管理局,2018-03-19,有效,统一政策发布平台,https://www.shanghai.gov.cn/zhengce/detail/0013::c1894a188d7c481fbd83f18cc84e81a5,
房屋与住房,通知公告,市级,关于推行使用《上海市共有产权保障住房预（出）售、买卖合同示范文本（2018版）》的通知,沪房保障〔2018〕28号,上海市房屋管理局,2018-02-08,有效,统一政策发布平台,https://www.shanghai.gov.cn/zhengce/detail/0013::61517163905a4e32a93c1bdead0e3bf1,
房屋与住房,通知公告,市级,关于印发《上海市共有产权保障住房申请户排序工作规则》的通知,沪房规范〔2018〕2号,上海市房屋管理局,2018-01-18,失效,统一政策发布平台,https://www.shanghai.gov.cn/zhengce/detail/0013::4a5a5a91333b4db8b2c8986e6b70866b,
房屋与住房,办法,市级,关于印发《市筹公共租赁住房准入资格申请审核实施办法》的通知,沪房规范〔2017〕1号,上海市房屋管理局,2017-12-15,失效,统一政策发布平台,https://www.shanghai.gov.cn/zhengce/detail/0013::ed603032c81f4113b08e72c4ad5399c6,docs/房屋与住房/关于印发《市筹公共租赁住房准入资格申请审核实施办法》的通知.md
房屋与住房,通知公告,区级,上海市普陀区人民政府关于同意《俞家弄地块征收集体土地居住房屋补偿方案》等三个文件的批复,普府〔2017〕41号,上海市普陀区人民政府,2017-06-08,有效,统一政策发布平台,https://www.shanghai.gov.cn/zhengce/detail/0075::007589597,
房屋与住房,规定,区级,上海市宝山区人民政府批转区住房保障房屋管理局关于深入贯彻落实《关于进一步贯彻实施＜上海市住宅物业管理规定＞的若干意见》的通知,宝府〔2017〕8号,上海市宝山区人民政府办公室,2017-02-13,有效,统一政策发布平台,https://www.shanghai.gov.cn/zhengce/detail/0078::1102e179-6546-4d3d-99a5-e5c42f6350af,docs/房屋与住房/上海市宝山区人民政府批转区住房保障房屋管理局关于深入贯彻落实《关于进一步贯彻实施＜上海市住宅物业管理.md
房屋与住房,通知公告,市级,上海市住房和城乡建设管理委员会关于进一步完善单位整体租赁公共租赁住房审核配租工作机制的通知,沪建保障〔2017〕182号,上海市住房和城乡建设管理委员会,2017-02-14,有效,统一政策发布平台,https://www.shanghai.gov.cn/zhengce/detail/0011::0011-27302,
房屋与住房,通知公告,区级,黄浦区人民政府关于同意确认黄浦区南浦地块旧城区改建房屋征收范围的批复,黄府发〔2017〕002号,上海市黄浦区人民政府,2017-01-03,有效,统一政策发布平台,https://www.shanghai.gov.cn/zhengce/detail/0071::2109e220-c364-43ef-8619-62794f0ac9af,
房屋与住房,通知公告,市级,上海市住房和城乡建设管理委员会关于住房限购审核前置有关问题的通知,沪建房管〔2016〕567号,上海市住房和城乡建设管理委员会,2016-07-20,有效,统一政策发布平台,https://www.shanghai.gov.cn/zhengce/detail/0011::69e12460f1a149e5babf994e1a346973,
房屋与住房,通知公告,区级,上海市青浦区人民政府办公室关于转发区住房保障房屋管理局关于青浦区区属动迁安置房商业配套设施建设与管理意见的通知,青府办发〔2016〕93号,上海市青浦区人民政府办公室,2016-08-02,失效,统一政策发布平台,https://www.shanghai.gov.cn/zhengce/detail/0083::0083510297,
房屋与住房,通知公告,区级,上海市静安区人民政府关于印发《静安区征收集体土地房屋补偿暂行标准》的通知,静府发〔2016〕8号,上海市静安区人民政府,2016-04-15,有效,统一政策发布平台,https://www.shanghai.gov.cn/zhengce/detail/0072::96b01440-7f93-4afb-a204-ddcd9b7d46dd,
房屋与住房,实施意见,市级,上海市人民政府办公厅转发市住房城乡建设管理委等四部门关于进一步完善本市住房市场体系和保障体系促进房地产市场平稳健康发展若干意见的通知,沪府办发〔2016〕11号,上海市人民政府办公厅,2016-03-24,有效,统一政策发布平台,https://www.shanghai.gov.cn/zhengce/detail/0001::0001-39426_46965,
房屋与住房,实施意见,区级,上海市宝山区人民政府办公室转发区住房保障房屋管理局关于加强宝山区动迁安置房建设管理实施意见的通知,宝府办〔2015〕79号,上海市宝山区人民政府办公室,2015-12-03,有效,统一政策发布平台,https://www.shanghai.gov.cn/zhengce/detail/0078::d8697caa-d800-48f9-9eca-c7edbf59a24d,
房屋与住房,通知公告,区级,上海市普陀区人民政府关于同意《红旗村地块征收集体土地居住房屋补偿方案》等三个文件的批复,普府〔2015〕128号,上海市普陀区人民政府,2015-12-07,有效,统一政策发布平台,https://www.shanghai.gov.cn/zhengce/detail/0075::007589367,
房屋与住房,实施意见,其他,崇明县人民政府办公室转发县住房保障房屋管理局制定的关于加强本县住宅小区综合治理工作实施意见的通知,崇府办发〔2015〕42号,崇明县人民政府办公室,2015-09-14,有效,统一政策发布平台,https://www.shanghai.gov.cn/zhengce/detail/0085::3cd77100-d299-4bfc-b996-eb42fc0ec36d,
房屋与住房,规划与计划,其他,崇明县人民政府办公室关于转发县住房保障房屋管理局制定的本县加强住宅小区综合治理三年行动计划（2015—2017年）的通知,崇府办发〔2015〕43号,崇明县人民政府办公室,2015-09-14,有效,统一政策发布平台,https://www.shanghai.gov.cn/zhengce/detail/0085::98b4d46e-1974-4d50-90ac-e18589c49728,
房屋与住房,实施意见,其他,崇明县人民政府办公室转发县住房保障房屋管理局等四部门制定的关于加强本县老旧住房安全隐患处置工作实施意见的通知,崇府办发〔2015〕1号,崇明县人民政府办公室,2015-01-05,有效,统一政策发布平台,https://www.shanghai.gov.cn/zhengce/detail/0085::a31ba0f7-7f4b-4e8f-841c-56939bec5ab6,
房屋与住房,实施意见,区级,上海市宝山区人民政府办公室转发区水务局等四部门关于继续推进我区居民住宅二次供水设施改造和理顺管理体制工作实施意见的通知,宝府办〔2014〕85号,上海市宝山区人民政府办公室,2014-09-10,有效,统一政策发布平台,https://www.shanghai.gov.cn/zhengce/detail/0078::7f190853-12bf-47d5-8b49-0c5cdff3a3ae,
房屋与住房,通知公告,区级,黄浦区人民政府关于同意确认21街坊北块旧城区改建项目房屋征收范围的批复,黄府发〔2014〕030号,上海市黄浦区人民政府,2014-06-23,有效,统一政策发布平台,https://www.shanghai.gov.cn/zhengce/detail/0071::c91e767e-037f-4bc3-8156-819fe80a3c34,
房屋与住房,通知公告,区级,黄浦区人民政府关于同意确认118街坊旧城区改建项目房屋征收范围的批复,黄府发〔2014〕024号,上海市黄浦区人民政府,2014-05-23,有效,统一政策发布平台,https://www.shanghai.gov.cn/zhengce/detail/0071::bd6af9f0-b0ed-4ea0-8fe0-64b74e9d06e6,
房屋与住房,通知公告,区级,黄浦区人民政府关于同意确认200街坊（部分）地块旧城区改建项目房屋征收范围的批复,黄府发〔2014〕023号,上海市黄浦区人民政府,2014-05-23,有效,统一政策发布平台,https://www.shanghai.gov.cn/zhengce/detail/0071::e1ab926d-f36c-422b-8b61-f5930a2ddb20,
房屋与住房,通知公告,区级,浦东新区人民政府关于印发浦东新区国有土地上非居住房屋按期搬迁奖励费标准的通知,浦府〔2014〕90号,上海市浦东新区人民政府,2014-05-20,有效,统一政策发布平台,https://www.shanghai.gov.cn/zhengce/detail/0070::0070236060,
房屋与住房,通知公告,区级,黄浦区人民政府关于同意确认199街坊旧城区改建项目房屋征收范围的批复,黄府发〔2014〕022号,上海市黄浦区人民政府,2014-05-16,有效,统一政策发布平台,https://www.shanghai.gov.cn/zhengce/detail/0071::de0448a2-51fe-421e-a86f-abaf9472fedb,
房屋与住房,通知公告,区级,黄浦区人民政府关于同意确认198街坊旧城区改建项目房屋征收范围的批复,黄府发〔2014〕021号,上海市黄浦区人民政府,2014-05-16,有效,统一政策发布平台,https://www.shanghai.gov.cn/zhengce/detail/0071::1a9a7a3a-f57e-4d4f-b1ac-a0633b784cb4,
房屋与住房,通知公告,区级,黄浦区人民政府关于同意确认132街坊北块旧城区改建项目房屋征收范围的批复,黄府发〔2014〕018号,上海市黄浦区人民政府,2014-04-23,有效,统一政策发布平台,https://www.shanghai.gov.cn/zhengce/detail/0071::504832b0-c3d2-483a-900b-d4100325f901,
房屋与住房,通知公告,区级,黄浦区人民政府关于同意确认123地块旧城区改建项目房屋征收范围的批复,黄府发〔2014〕017号,上海市黄浦区人民政府,2014-04-22,有效,统一政策发布平台,https://www.shanghai.gov.cn/zhengce/detail/0071::ba4c39f3-27bf-4613-8dc0-049155c24580,
房屋与住房,实施意见,市级,上海市人民政府批转市住房保障房屋管理局等五部门关于本市廉租住房和公共租赁住房统筹建设、并轨运行、分类使用实施意见的通知,沪府发〔2013〕57号,上海市人民政府,2013-08-02,有效,统一政策发布平台,https://www.shanghai.gov.cn/zhengce/detail/0001::0001-30984_36823,
房屋与住房,其他,区级,关于废止有关征地拆迁的11件规范性文件的决定,杨府发〔2011〕23号,上海市杨浦区人民政府办公室,2011-12-08,有效,统一政策发布平台,https://www.shanghai.gov.cn/zhengce/detail/0077::0077fdfa0bcbafed419b4e398a4d6e4b1a17,
房屋与住房,办法,市级,上海市人民政府关于印发《上海市开展对部分个人住房征收房产税试点的暂行办法》的通知,沪府发〔2011〕3号,上海市人民政府,2011-01-27,有效,统一政策发布平台,https://www.shanghai.gov.cn/zhengce/detail/0001::0001-12344_24523,docs/房屋与住房/上海市人民政府关于印发《上海市开展对部分个人住房征收房产税试点的暂行办法》的通知.md
房屋与住房,实施意见,市级,上海市人民政府办公厅转发市住房保障房屋管理局关于加强本市住宅小区业主大会、业主委员会规范化建设若干意见的通知,沪府办发〔2009〕51号,上海市人民政府办公厅,2009-11-16,废止,统一政策发布平台,https://www.shanghai.gov.cn/zhengce/detail/0001::0001-22596_20136,
房屋与住房,政府规章,市级,上海市国有土地上房屋征收与补偿实施细则,,上海市人民政府,,有效,市政府规章库,https://www.shanghai.gov.cn/xxzfgzwj/20210608/aaa8933e942e4e9fb8df07559bce63e4.html,docs/房屋与住房/上海市国有土地上房屋征收与补偿实施细则.md
房屋与住房,政府规章,市级,上海市房屋使用安全管理办法,,上海市人民政府,,有效,市政府规章库,https://www.shanghai.gov.cn/xxzfgzwj/20210609/303bd986de724050bdc27f8fe38936f5.html,docs/房屋与住房/上海市房屋使用安全管理办法.md
房屋与住房,政府规章,市级,上海市居住房屋租赁管理办法,,上海市人民政府,,有效,市政府规章库,https://www.shanghai.gov.cn/xxzfgzwj/20210608/85d0e949835847649d84968c48c29405.html,docs/房屋与住房/上海市居住房屋租赁管理办法.md
房屋与住房,政府规章,市级,上海市共有产权保障住房管理办法,,上海市人民政府,,有效,市政府规章库,https://www.shanghai.gov.cn/xxzfgzwj/20210608/b55ae64d6fac437fb7638c77c56212a1.html,docs/房屋与住房/上海市共有产权保障住房管理办法.md
房屋与住房,政府规章,市级,上海市农村村民住房建设管理办法,,上海市人民政府,,有效,市政府规章库,https://www.shanghai.gov.cn/xxzfgzwj/20210609/86e4ebeb6a994b26b7d80173f51e6662.html,docs/房屋与住房/上海市农村村民住房建设管理办法.md
房屋与住房,政府规章,市级,上海市非居住房屋改建临时宿舍和施工工地临时宿舍安全使用管理规定,,上海市人民政府,,有效,市政府规章库,https://www.shanghai.gov.cn/xxzfgzwj/20210608/41c97ecf279644ff99498439bd716256.html,docs/房屋与住房/上海市非居住房屋改建临时宿舍和施工工地临时宿舍安全使用管理规定.md
房屋与住房,政府规章,市级,上海市商品住宅专项维修资金管理办法,,上海市人民政府,,有效,市政府规章库,https://www.shanghai.gov.cn/xxzfgzwj/20210608/b86cea398c3e492a8299c17734c14bc6.html,docs/房屋与住房/上海市商品住宅专项维修资金管理办法.md
房屋与住房,政府规章,市级,上海市国有土地租赁暂行办法,,上海市人民政府,,有效,市政府规章库,https://www.shanghai.gov.cn/xxzfgzwj/20210608/d1437bd14252450b968a41c941469205.html,docs/房屋与住房/上海市国有土地租赁暂行办法.md
房屋与住房,政府规章,市级,关于出售公有住房的暂行办法,,上海市人民政府,,有效,市政府规章库,https://www.shanghai.gov.cn/xxzfgzwj/20210608/c25316e4eb96493cbb00b7515c881f42.html,docs/房屋与住房/关于出售公有住房的暂行办法.md
房屋与住房,实施意见,街镇级,关于印发《莘庄镇住宅小区业委会规范化运作综合评估工作实施方案》的通知,,上海市闵行区莘庄镇人民政府,,有效,统一政策发布平台,https://www.shanghai.gov.cn/zhengce/detail/0079::fa6a0bf5-0220-4d36-bd6f-c4a4f9af1895,
房屋与住房,办法,街镇级,虹口区19、47、53、74、186、196、197、200、203、207、249街坊旧城区改建房屋征收范围内特殊困难人员补助办法,,上海市虹口区人民政府四川北路街道办事处,,有效,统一政策发布平台,https://www.shanghai.gov.cn/zhengce/detail/0076::11155454-b28a-488a-8ff4-4e4c36075d49,docs/房屋与住房/虹口区19、47、53、74、186、196、197、200、203、207、249街坊旧城区改建房.md
房屋与住房,其他,区级,康复辅具租赁补贴政策申请办理服务指南,,上海市青浦区民政局,,有效,统一政策发布平台,https://www.shanghai.gov.cn/zhengce/detail/0083::00831367234,
房屋与住房,规定,区级,上海市宝山区人民政府关于印发《上海市宝山区国有土地上房屋征收与补偿若干规定》的通知,宝府〔2012〕67号,上海宝山,,有效,统一政策发布平台,https://www.shanghai.gov.cn/zhengce/detail/0078::a2e27dd1-cf02-4ea3-b047-8e6934be7005,docs/房屋与住房/上海市宝山区人民政府关于印发《上海市宝山区国有土地上房屋征收与补偿若干规定》的通知.md
城市更新与历史保护,办法,市级,关于印发《上海市历史文化名镇申报办法》（试行）的通知,沪建村镇联〔2026〕204号,上海市住房和城乡建设管理委员会,2026-08-07,有效,统一政策发布平台,https://www.shanghai.gov.cn/zhengce/detail/0011::82a6b4255df04ccd97de310d1d5f9fa5,docs/城市更新与历史保护/关于印发《上海市历史文化名镇申报办法》（试行）的通知.md
城市更新与历史保护,规划与计划,区级,闵行区人民政府关于印发《闵行区城市更新“十五五”规划》的通知,闵府发〔2026〕26号,上海市闵行区人民政府,2026-07-28,有效,统一政策发布平台,https://www.shanghai.gov.cn/zhengce/detail/0079::9ce0e2a0-ff5a-41c8-9e91-341424340c4c,
城市更新与历史保护,规划与计划,区级,黄浦区人民政府办公室关于印发 《黄浦区城市更新“十五五”规划》的通知,黄府办发〔2026〕12号,上海市黄浦区人民政府办公室,2026-07-02,有效,统一政策发布平台,https://www.shanghai.gov.cn/zhengce/detail/0071::1183fecf-8084-4ada-9aef-3115e4f9deb6,
城市更新与历史保护,实施意见,区级,关于印发《2026年奉贤区城市体检工作方案》的通知,沪奉建发〔2026〕2号,上海市奉贤区建设和管理委员会（上海市奉贤区交通委员会）,2026-04-30,有效,统一政策发布平台,https://www.shanghai.gov.cn/zhengce/detail/0084::00844352,
城市更新与历史保护,通知公告,市级,关于加强本市优秀历史建筑管理的通知,沪房规范〔2025〕7号,上海市房屋管理局,2025-12-24,有效,统一政策发布平台,https://www.shanghai.gov.cn/zhengce/detail/0013::7523222ef8dc4a1b913992c6c1cd6efe,
城市更新与历史保护,规划与计划,市级,关于印发《关于加快转变发展方式 集中推进本市城市更新高质量发展的规划资源实施意见（2025版）》的通知,沪规划资源更〔2025〕281号,上海市规划和自然资源局,2025-07-25,有效,统一政策发布平台,https://www.shanghai.gov.cn/zhengce/detail/0032::bea5f654a3244b13ae1264704bbd9062,
城市更新与历史保护,规划与计划,区级,上海市松江区人民政府办公室关于转发区建设管理委制订的《松江区城市更新2025年度实施计划》的通知,沪松府办〔2025〕31号,上海市松江区人民政府办公室,2025-07-15,有效,统一政策发布平台,https://www.shanghai.gov.cn/zhengce/detail/0082::00fa808bacf14a3190ed1c245210d57f,
城市更新与历史保护,规定,市级,关于印发《上海市既有建筑物、构筑物拆除工程管理规定》的通知,沪房规范〔2025〕4号,上海市房屋管理局,2025-05-06,有效,统一政策发布平台,https://www.shanghai.gov.cn/zhengce/detail/0013::eb320a9845e14019b889202bc05ad1bf,docs/城市更新与历史保护/关于印发《上海市既有建筑物、构筑物拆除工程管理规定》的通知.md
城市更新与历史保护,实施意见,区级,关于印发《杨浦区历史风貌保护项目实施主体公开遴选实施意见》的通知,杨府办发〔2025〕5号,上海市杨浦区人民政府办公室,2025-04-14,有效,统一政策发布平台,https://www.shanghai.gov.cn/zhengce/detail/0077::0077b444680b86546fe6dd04b195c6708bd5,
城市更新与历史保护,实施细则,区级,黄浦区人民政府关于印发《黄浦区历史风貌保护项目实施主体公开遴选操作细则》的通知,黄府规〔2025〕2号,上海市黄浦区人民政府,2025-02-14,有效,统一政策发布平台,https://www.shanghai.gov.cn/zhengce/detail/0071::720c4018-de7b-4804-8dc0-ca13adc95828,docs/城市更新与历史保护/黄浦区人民政府关于印发《黄浦区历史风貌保护项目实施主体公开遴选操作细则》的通知.md
城市更新与历史保护,通知公告,市级,关于印发《关于在城市更新建设项目中设置“历史记忆”载体的工作要求（试行）》的通知,沪规划资源风〔2025〕9号,上海市规划和自然资源局,2025-01-15,有效,统一政策发布平台,https://www.shanghai.gov.cn/zhengce/detail/0032::c22bb7e615fd4d619c4541e5fc6c8f64,
城市更新与历史保护,规定,区级,上海市嘉定区文物局关于延长《嘉定区不可移动文物保护暂行规定》有效期的通知,嘉文物〔2024〕30号,上海市嘉定区文化和旅游局,2024-10-31,有效,统一政策发布平台,https://www.shanghai.gov.cn/zhengce/detail/0080::5_181851,docs/城市更新与历史保护/上海市嘉定区文物局关于延长《嘉定区不可移动文物保护暂行规定》有效期的通知.md
城市更新与历史保护,办法,市级,关于印发《上海市历史风貌保护及城市更新资金管理办法》的通知,沪财发〔2024〕8号,上海市财政局,2024-08-20,有效,统一政策发布平台,https://www.shanghai.gov.cn/zhengce/detail/0017::xxfboswf0000002958,docs/城市更新与历史保护/关于印发《上海市历史风貌保护及城市更新资金管理办法》的通知.md
城市更新与历史保护,办法,区级,关于印发《奉贤区文物保护单位（文物保护点）居民装修项目审批管理办法》的通知,沪奉文物〔2024〕10号,上海市奉贤区文化和旅游局,2024-07-23,有效,统一政策发布平台,https://www.shanghai.gov.cn/zhengce/detail/0084::0084i20240904-w6yagvti342htkzldq,docs/城市更新与历史保护/关于印发《奉贤区文物保护单位（文物保护点）居民装修项目审批管理办法》的通知.md
城市更新与历史保护,规划与计划,区级,关于印发《上海杨浦生活秀带国家文物保护利用示范区 深化建设三年行动计划（2024-2026年）》的通知,杨府发〔2024〕6号,上海市杨浦区人民政府办公室,2024-07-15,有效,统一政策发布平台,https://www.shanghai.gov.cn/zhengce/detail/0077::0077c16aebf998e07eec9e0460e30dd0f913,
城市更新与历史保护,通知公告,市级,上海市经济信息化委关于发布2024年度重点推进城市更新的产业区域的通知,沪经信产〔2024〕418号,上海市经济和信息化委员会,2024-06-25,有效,统一政策发布平台,https://www.shanghai.gov.cn/zhengce/detail/0020::82a901d035de4d2889f1485f540b022a,
城市更新与历史保护,实施意见,其他,关于印发《临港新片区城市体检实施方案（试行）》的通知,沪自贸临管委〔2024〕53号,中国（上海）自由贸易试验区临港新片区管理委员会,2024-05-18,有效,统一政策发布平台,https://www.shanghai.gov.cn/zhengce/detail/0058::e773fc6b5b41419ea9733b97260328e7,
城市更新与历史保护,规划与计划,市级,关于印发《上海市特色村落风貌保护传承专项规划》的通知,沪规划资源乡〔2024〕142号,上海市规划和自然资源局,2024-04-24,有效,统一政策发布平台,https://www.shanghai.gov.cn/zhengce/detail/0032::c0601fcd06754750840fa4bf84a87b50,
城市更新与历史保护,通知公告,区级,上海市静安区人民政府办公室关于转发区建设管理委《静安区“卓越城区”城市更新行动方案（2023-2025年）》的通知,静府办发〔2023〕13号,上海市静安区人民政府办公室,2023-12-18,有效,统一政策发布平台,https://www.shanghai.gov.cn/zhengce/detail/0072::dd78c255-3dae-4c0b-8883-dd8c287760e9,
城市更新与历史保护,通知公告,区级,关于印发《关于推进上海杨浦生活秀带国家文物保护利用示范区长效建设加强工业遗产保护传承活化利用的若干举措》的通知,杨府发〔2023〕10号,上海市杨浦区人民政府办公室,2023-10-23,有效,统一政策发布平台,https://www.shanghai.gov.cn/zhengce/detail/0077::0077d021f040ca9232d610dfb3c7556a02dd,
城市更新与历史保护,规划与计划,街镇级,上海市奉贤区柘林镇人民政府关于印发《柘林镇文物保护规划》的通知,奉柘府〔2023〕21号,奉贤区柘林镇人民政府,2023-10-13,有效,统一政策发布平台,https://www.shanghai.gov.cn/zhengce/detail/0084::0084i20231104-kf4zeeyuazagza6jfo,
城市更新与历史保护,办法,街镇级,上海市奉贤区柘林镇人民政府关于印发《柘林镇文物保护管理办法》的通知,奉柘府〔2023〕22号,奉贤区柘林镇人民政府,2023-10-13,有效,统一政策发布平台,https://www.shanghai.gov.cn/zhengce/detail/0084::0084i20231104-n785j0yf6consv93cn,docs/城市更新与历史保护/上海市奉贤区柘林镇人民政府关于印发《柘林镇文物保护管理办法》的通知.md
城市更新与历史保护,实施意见,区级,上海市嘉定区人民政府关于印发《关于推进嘉定区城市更新工作的实施意见》的通知,嘉府发〔2023〕20号,区政府,2023-07-17,有效,统一政策发布平台,https://www.shanghai.gov.cn/zhengce/detail/0080::5_172157,
城市更新与历史保护,办法,区级,黄浦区人民政府关于印发《黄浦区加强历史风貌区、优秀历史建筑和不可移动文物保护实施办法》的通知,黄府规〔2023〕1号,上海市黄浦区人民政府,2023-01-17,有效,统一政策发布平台,https://www.shanghai.gov.cn/zhengce/detail/0071::93fadc65-1af1-4637-af4a-3433b393c749,docs/城市更新与历史保护/黄浦区人民政府关于印发《黄浦区加强历史风貌区、优秀历史建筑和不可移动文物保护实施办法》的通知.md
城市更新与历史保护,通知公告,市级,关于印发《上海市城市更新操作规程（试行）》的通知,沪规划资源详〔2022〕505号,上海市规划和自然资源局,2022-12-30,有效,统一政策发布平台,https://www.shanghai.gov.cn/zhengce/detail/0032::fc81bd7e34ba4e5fbf9275685c225db4,
城市更新与历史保护,实施细则,市级,关于印发《上海市城市更新规划土地实施细则（试行）》通知,沪规划资源详〔2022〕506号,上海市规划和自然资源局,2022-12-30,有效,统一政策发布平台,https://www.shanghai.gov.cn/zhengce/detail/0032::820bdf5393054e9a84ea928d340376b9,docs/城市更新与历史保护/关于印发《上海市城市更新规划土地实施细则（试行）》通知.md
城市更新与历史保护,通知公告,市级,关于印发《上海市城市更新指引》的通知,沪规划资源规〔2022〕8号,上海市规划和自然资源局,2022-11-21,有效,统一政策发布平台,https://www.shanghai.gov.cn/zhengce/detail/0032::ff979992a2a047d59816fbc802031b51,
城市更新与历史保护,通知公告,市级,关于公布第七、八批全国重点文物保护单位和上海市文物保护单位（2014年公布）保护范围、建设控制地带（地下文物埋藏区）的通知,沪文物发〔2022〕3号,上海市文化和旅游局,2022-08-02,有效,统一政策发布平台,https://www.shanghai.gov.cn/zhengce/detail/0022::13a654f38a354578812e5f249eb09bf2,
城市更新与历史保护,规划与计划,市级,关于印发《上海市“十四五”文物保护利用规划》的通知,沪文物发〔2022〕5号,上海市文化和旅游局,2022-07-21,有效,统一政策发布平台,https://www.shanghai.gov.cn/zhengce/detail/0022::23b2d6be3795417f8913a1a2b7415e78,
城市更新与历史保护,办法,市级,关于印发《上海市优秀历史建筑调查评估工作实施办法》的通知,沪房更新〔2022〕38号,上海市房屋管理局,2022-05-16,有效,统一政策发布平台,https://www.shanghai.gov.cn/zhengce/detail/0013::df8f4436de3b49a683e10677f40ba052,docs/城市更新与历史保护/关于印发《上海市优秀历史建筑调查评估工作实施办法》的通知.md
城市更新与历史保护,规划与计划,区级,上海市静安区人民政府关于批转区规划资源局《静安区历史风貌保护项目实施主体公开遴选实施意见》的通知,静府发〔2022〕3号,上海市静安区人民政府,2022-03-21,有效,统一政策发布平台,https://www.shanghai.gov.cn/zhengce/detail/0072::f69e42ab-08fc-4b71-ac51-85110c3f4762,
城市更新与历史保护,规划与计划,区级,黄浦区人民政府办公室关于印发黄浦区衡复风貌区城市更新“十四五”规划的通知,黄府办发〔2022〕9号,上海市黄浦区人民政府办公室,2022-03-17,有效,统一政策发布平台,https://www.shanghai.gov.cn/zhengce/detail/0071::1595e6c8-c692-4360-8dfc-d45d01fd1775,
城市更新与历史保护,实施意见,区级,上海市崇明区人民政府办公室关于印发2021年本区城市体检工作方案的通知,沪崇府办发〔2021〕20号,上海市崇明区人民政府办公室,2021-09-09,有效,统一政策发布平台,https://www.shanghai.gov.cn/zhengce/detail/0085::3be98d42-f59c-4c0e-a130-7c5f918795c2,
城市更新与历史保护,规划与计划,区级,黄浦区人民政府办公室关于印发黄浦区历史风貌保护和利用“十四五”规划的通知,黄府办发〔2021〕28号,上海市黄浦区人民政府办公室,2021-07-20,有效,统一政策发布平台,https://www.shanghai.gov.cn/zhengce/detail/0071::dbf2cdd5-821e-4231-a93e-b66be159a285,
城市更新与历史保护,实施细则,市级,关于修改并重新印发《关于落实〈关于深化城市有机更新促进历史风貌保护工作的若干意见〉的规划土地管理实施细则》的通知,沪规划资源风〔2021〕176号,上海市规划和自然资源局,2021-05-17,有效,统一政策发布平台,https://www.shanghai.gov.cn/zhengce/detail/0032::7e03820884f84ec28cb5b9d4ab3e3f81,docs/城市更新与历史保护/关于修改并重新印发《关于落实〈关于深化城市有机更新促进历史风貌保护工作的若干意见〉的规划土地管理实施.md
城市更新与历史保护,实施意见,区级,上海市静安区人民政府关于批转区文化局《关于进一步加强静安区文物保护工作的实施意见》的通知,静府发〔2018〕1号,上海市静安区人民政府,2018-01-23,有效,统一政策发布平台,https://www.shanghai.gov.cn/zhengce/detail/0072::bfa1d2c0-6208-4ceb-aa52-0cab826b9d85,
城市更新与历史保护,实施意见,区级,虹口区人民政府办公室印发关于建立虹口区历史风貌区和优秀历史建筑防灾及风险排查机制实施意见的通知,虹府办发〔2014〕30号,上海市虹口区人民政府办公室,2014-08-18,有效,统一政策发布平台,https://www.shanghai.gov.cn/zhengce/detail/0076::b4fb4bde3c8b4cb39404675f393bdd49,
城市更新与历史保护,通知公告,市级,上海市人民政府关于核定并公布上海市文物保护单位的通知,沪府发〔2014〕29号,上海市人民政府,2014-04-15,有效,统一政策发布平台,https://www.shanghai.gov.cn/zhengce/detail/0001::0001-31810_38996,
绿色低碳与节能,实施意见,市级,关于印发《上海市零碳园区建设工作方案》的通知,沪发改环资〔2026〕130号,上海市发展和改革委员会,2026-09-07,有效,统一政策发布平台,https://www.shanghai.gov.cn/zhengce/detail/0025::4a6150c8589f48e9aac8256bc23b6dd7,
绿色低碳与节能,通知公告,市级,关于印发上海市2026年陆上风电、光伏电站开发建设方案的通知,沪发改能源〔2026〕137号,上海市发展和改革委员会,2026-07-13,有效,统一政策发布平台,https://www.shanghai.gov.cn/zhengce/detail/0025::27ca3c27046b414992b0182cf8ed47a8,
绿色低碳与节能,通知公告,市级,关于公布2026年第二批可再生能源和新能源专项资金目录的通知,沪发改能源〔2026〕139号,上海市发展和改革委员会,2026-07-16,有效,统一政策发布平台,https://www.shanghai.gov.cn/zhengce/detail/0025::0af86234ae78453a9b20f01dc113688b,
绿色低碳与节能,通知公告,市级,关于做好2026年可再生能源和新能源专项资金奖励项目申报和资金拨付工作的通知,沪发改能源〔2025〕249号,上海市发展和改革委员会,2025-12-12,有效,统一政策发布平台,https://www.shanghai.gov.cn/zhengce/detail/0025::254cbaecdcf84aa192176a61f5cb86f8,
绿色低碳与节能,通知公告,市级,关于进一步做好我市光伏发电管理的通知,沪发改能源〔2025〕189号,上海市发展和改革委员会,2025-10-16,有效,统一政策发布平台,https://www.shanghai.gov.cn/zhengce/detail/0025::3a388cc26089427fbe1a96e779e2890a,
绿色低碳与节能,通知公告,市级,关于增补和调整上海市2025年陆上风电、光伏电站开发建设方案的通知,沪发改能源〔2025〕201号,上海市发展和改革委员会,2025-10-21,有效,统一政策发布平台,https://www.shanghai.gov.cn/zhengce/detail/0025::e5d0c4f70b3b4bf096459e39c866ef84,
绿色低碳与节能,通知公告,市级,关于公布2025年第一批可再生能源和新能源专项资金目录的通知,沪发改能源〔2025〕175号,上海市发展和改革委员会,2025-09-10,有效,统一政策发布平台,https://www.shanghai.gov.cn/zhengce/detail/0025::706dd8df569d4de2be90393b77d21314,
绿色低碳与节能,实施意见,市级,关于公布《上海市2025年度“风光同场”海上光伏项目竞争配置工作方案》的通知,沪发改能源〔2025〕122号,上海市发展和改革委员会,2025-07-01,有效,统一政策发布平台,https://www.shanghai.gov.cn/zhengce/detail/0025::583fc2f3ffa8433a8d78c5b9151a987f,
绿色低碳与节能,通知公告,市级,关于印发上海市2025年陆上风电、光伏电站开发建设方案的通知,沪发改能源〔2025〕112号,上海市发展和改革委员会,2025-06-10,有效,统一政策发布平台,https://www.shanghai.gov.cn/zhengce/detail/0025::5c450e51be8744c197633a9bcd61b5fa,
绿色低碳与节能,通知公告,市级,关于加快推进上海校园和国有企业场址光伏开发建设的通知,沪发改能源〔2025〕96号,上海市发展和改革委员会,2025-05-16,有效,统一政策发布平台,https://www.shanghai.gov.cn/zhengce/detail/0025::0b655fd3da2e4c11989cef38a9bbb88a,
绿色低碳与节能,通知公告,其他,关于印发《临港新片区超低能耗建筑的工作要求》的通知,沪自贸临管委〔2025〕39号,中国（上海）自由贸易试验区临港新片区管理委员会,2025-05-13,有效,统一政策发布平台,https://www.shanghai.gov.cn/zhengce/detail/0058::9bd6d5bc1ab44fd3b22e84c84bab15fb,
绿色低碳与节能,实施意见,市级,关于印发《上海市粮仓光伏建设实施方案》的通知,沪粮仓〔2025〕18号,上海市粮食和物资储备局,2025-02-28,有效,统一政策发布平台,https://www.shanghai.gov.cn/zhengce/detail/0021::15f17483fbae4b37963cbc9be9a46c20,
绿色低碳与节能,通知公告,区级,关于印发《黄浦区可再生能源发展行动方案》的通知,黄发改委办〔2025〕5号,上海市黄浦区发展和改革委员会,2025-02-24,有效,统一政策发布平台,https://www.shanghai.gov.cn/zhengce/detail/0071::f86320dd-c542-41ce-bf54-56a77719313a,
绿色低碳与节能,通知公告,市级,关于做好2025年可再生能源和新能源专项资金奖励项目申报和资金拨付工作的通知,沪发改能源〔2025〕31号,上海市发展和改革委员会,2025-02-20,有效,统一政策发布平台,https://www.shanghai.gov.cn/zhengce/detail/0025::b00a81ca351b4d2696f75e8e45b94282,
绿色低碳与节能,办法,区级,关于印发《奉贤区绿色生态城区建设管理办法（试行）》的通知,沪奉建发〔2025〕2号,上海市奉贤区建设和管理委员会,2025-02-17,有效,统一政策发布平台,https://www.shanghai.gov.cn/zhengce/detail/0084::00841257,docs/绿色低碳与节能/关于印发《奉贤区绿色生态城区建设管理办法（试行）》的通知.md
绿色低碳与节能,通知公告,市级,关于做好2025年陆上风电、光伏电站开发建设方案申报工作的通知,沪发改能源〔2025〕18号,上海市发展和改革委员会,2025-01-26,有效,统一政策发布平台,https://www.shanghai.gov.cn/zhengce/detail/0025::5854edf0fc3b4da9bfefb2de805f30a4,
绿色低碳与节能,实施意见,区级,上海市普陀区人民政府办公室关于印发《普陀区海绵城市建设实施方案》的通知,普府办〔2025〕1号,上海市普陀区人民政府办公室,2025-01-03,有效,统一政策发布平台,https://www.shanghai.gov.cn/zhengce/detail/0075::0075193942,
绿色低碳与节能,通知公告,市级,关于做好上海市分布式光伏项目管理有关事项的通知,沪发改能源〔2024〕279号,上海市发展和改革委员会,2024-12-11,有效,统一政策发布平台,https://www.shanghai.gov.cn/zhengce/detail/0025::bc0c957ae6fb41daa8eb0be86f0a1364,
绿色低碳与节能,实施意见,市级,上海市发展和改革委员会关于公布《上海市2024年度“风光同场”海上光伏项目竞争配置工作方案》的通知,沪发改能源〔2024〕244号,上海市发展和改革委员会,2024-11-15,有效,统一政策发布平台,https://www.shanghai.gov.cn/zhengce/detail/0025::cfc19cac3aee47f081e3a77ae623bdf0,
绿色低碳与节能,实施意见,区级,上海市嘉定区人民政府办公室关于转发《嘉定区系统化全域推进海绵城市建设的实施方案》的通知,嘉府办发〔2024〕23号,区政府办公室,2024-10-10,有效,统一政策发布平台,https://www.shanghai.gov.cn/zhengce/detail/0080::5_182298,
绿色低碳与节能,通知公告,市级,关于公布2024年第一批可再生能源和新能源专项资金目录的通知,沪发改能源〔2024〕209号,上海市发展和改革委员会,2024-10-09,有效,统一政策发布平台,https://www.shanghai.gov.cn/zhengce/detail/0025::89eb5a5fd8174a349a71dc5740bba928,
绿色低碳与节能,通知公告,市级,关于做好2024年上海市可再生能源开发建设有关事项的通知,沪发改能源〔2024〕190号,上海市发展和改革委员会,2024-09-13,有效,统一政策发布平台,https://www.shanghai.gov.cn/zhengce/detail/0025::febdc0ce9db944cdaab5e8ad9d106311,
绿色低碳与节能,通知公告,市级,上海市生态环境局关于开展上海碳普惠分布式光伏发电减排项目申报工作的通知,沪环气候〔2024〕168号,上海市生态环境局,2024-08-30,有效,统一政策发布平台,https://www.shanghai.gov.cn/zhengce/detail/0024::6152812a74ee45609ebebd7f6e1beb24,
绿色低碳与节能,通知公告,市级,关于印发《上海市“风光同场”海上光伏开发建设方案》的通知,沪发改能源〔2024〕177号,上海市发展和改革委员会,2024-08-26,有效,统一政策发布平台,https://www.shanghai.gov.cn/zhengce/detail/0025::8167e275505e46cca1e942d2ec7c2d6b,
绿色低碳与节能,通知公告,市级,上海市生态环境局关于发布《上海市碳普惠减排项目方法学 分布式光伏发电》等六个碳普惠方法学的通知,沪环气候〔2024〕45号,上海市生态环境局,2024-03-11,有效,统一政策发布平台,https://www.shanghai.gov.cn/zhengce/detail/0024::96efcfffc04a42259de298d3bb45e560,
绿色低碳与节能,实施意见,市级,上海市人民政府办公厅关于印发《本市系统化全域推进海绵城市建设的实施意见》的通知,沪府办发〔2024〕3号,上海市人民政府办公厅,2024-02-05,有效,统一政策发布平台,https://www.shanghai.gov.cn/zhengce/detail/0001::e1e66aaef5744626802d06fa9bd706fa,
绿色低碳与节能,通知公告,市级,关于转发国家能源局《关于组织开展可再生能源发展试点示范的通知》的通知,沪发改能源〔2024〕33号,上海市发展和改革委员会,2024-02-20,有效,统一政策发布平台,https://www.shanghai.gov.cn/zhengce/detail/0025::9929729539824b2fb8739bdf9bc172b7,
绿色低碳与节能,办法,市级,上海市发展和改革委员会关于印发《上海市可再生能源项目竞争配置管理办法》的通知,沪发改规范〔2024〕2号,上海市发展和改革委员会,2024-02-19,有效,统一政策发布平台,https://www.shanghai.gov.cn/zhengce/detail/0025::0d6bf55fc254408a8fd0c84fbeb1bad4,docs/绿色低碳与节能/上海市发展和改革委员会关于印发《上海市可再生能源项目竞争配置管理办法》的通知.md
绿色低碳与节能,通知公告,市级,关于做好2024年可再生能源和新能源专项资金奖励项目申报和资金拨付工作的通知,沪发改能源〔2024〕20号,上海市发展和改革委员会,2024-02-01,有效,统一政策发布平台,https://www.shanghai.gov.cn/zhengce/detail/0025::46d9b2a193a942ba8192f3e55a0da62c,
绿色低碳与节能,办法,区级,关于印发《嘉定区绿色生态城区建设管理办法（试行）》的通知,嘉建管规范联〔2024〕1号,上海市嘉定区建设和管理委员会,2024-01-18,有效,统一政策发布平台,https://www.shanghai.gov.cn/zhengce/detail/0080::5_197503,docs/绿色低碳与节能/关于印发《嘉定区绿色生态城区建设管理办法（试行）》的通知.md
绿色低碳与节能,通知公告,市级,关于转发《关于开展全国可再生能源供暖（制冷）典型案例汇编（2023）工作的通知》的通知,沪发改能源〔2024〕8号,上海市发展和改革委员会,2024-01-10,有效,统一政策发布平台,https://www.shanghai.gov.cn/zhengce/detail/0025::a20c18a176fc4dc6b89cc48947bf980a,
绿色低碳与节能,实施意见,市级,关于印发《关于推进本市绿色生态城区建设的指导意见》的通知,,上海市住房和城乡建设管理委员会,2023-10,有效,市住建委规范性文件,https://zjw.sh.gov.cn/gfxwj/20231025/1444c1365e9240d58e3fab27e57ab111.html,
绿色低碳与节能,通知公告,市级,关于公布2023年第二批可再生能源和新能源专项资金目录的通知,沪发改能源〔2023〕296号,上海市发展和改革委员会,2023-12-25,有效,统一政策发布平台,https://www.shanghai.gov.cn/zhengce/detail/0025::adddae7c00fc4ed292986f8a9511918a,
绿色低碳与节能,实施意见,市级,关于印发《关于促进新建居住建筑光伏高质量发展的若干意见》的通知,沪发改规范〔2023〕15号,上海市发展和改革委员会,2023-11-29,有效,统一政策发布平台,https://www.shanghai.gov.cn/zhengce/detail/0025::f0ac72a6f36f455d8b7701b04be72d74,
绿色低碳与节能,实施意见,市级,关于印发《关于推进本市新建建筑可再生能源应用的实施意见》的通知,沪建建材联〔2022〕679号,上海市住房和城乡建设管理委员会,2023-02-06,有效,统一政策发布平台,https://www.shanghai.gov.cn/zhengce/detail/0011::ee9b9350175a477991e84de5f523b7a2,
绿色低碳与节能,通知公告,市级,关于印发上海市2023年陆上风电、光伏电站开发建设方案的通知,沪发改能源〔2023〕178号,上海市发展和改革委员会,2023-07-13,有效,统一政策发布平台,https://www.shanghai.gov.cn/zhengce/detail/0025::489709e3eb964cf79f9d138ff6ed31a2,
绿色低碳与节能,通知公告,市级,关于开展上海市可再生能源和新能源发展专项资金扶持项目线上申报试点工作的通知,沪发改能源〔2023〕174号,上海市发展和改革委员会,2023-07-07,有效,统一政策发布平台,https://www.shanghai.gov.cn/zhengce/detail/0025::910b8d2d4dcd4873a43f6b85759799b0,
绿色低碳与节能,通知公告,市级,上海市发展改革委关于公布2023年第一批可再生能源和新能源专项资金目录的通知,沪发改能源〔2023〕170号,上海市发展和改革委员会,2023-06-28,有效,统一政策发布平台,https://www.shanghai.gov.cn/zhengce/detail/0025::12fa5f95ddda418abb9d3a0683e60099,
绿色低碳与节能,实施意见,市级,上海市交通委员会、上海市发展和改革委员会关于印发《上海交通领域光伏推广应用实施方案》的通知,沪交科〔2023〕429号,上海市交通委员会、上海市发展和改革委员会,2023-06-27,有效,统一政策发布平台,https://www.shanghai.gov.cn/zhengce/detail/0010::1158498252d74a60a178254be594a432,
绿色低碳与节能,办法,其他,关于修订《中国（上海）自由贸易试验区临港新片区扶持光伏发电项目操作办法》的通知,沪自贸临管规范〔2023〕4号,中国（上海）自由贸易试验区临港新片区管理委员会,2023-04-19,有效,统一政策发布平台,https://www.shanghai.gov.cn/zhengce/detail/0058::9376d8a7c8d0498a8c7e68f305a225ef,docs/绿色低碳与节能/关于修订《中国（上海）自由贸易试验区临港新片区扶持光伏发电项目操作办法》的通知.md
绿色低碳与节能,通知公告,市级,关于做好2023年风电、光伏发电开发建设有关事项的通知,沪发改能源〔2023〕80号,上海市发展和改革委员会,2023-03-30,有效,统一政策发布平台,https://www.shanghai.gov.cn/zhengce/detail/0025::f7df427462464a35bc0edc35c45fa7b5,
绿色低碳与节能,办法,市级,关于印发《上海市可再生能源和新能源发展专项资金扶持办法》的通知,沪发改规范〔2022〕14号,上海市发展和改革委员会,2022-11-24,有效,统一政策发布平台,https://www.shanghai.gov.cn/zhengce/detail/0025::afdeb03a646a44f8bebc49e0c45870aa,docs/绿色低碳与节能/关于印发《上海市可再生能源和新能源发展专项资金扶持办法》的通知.md
绿色低碳与节能,通知公告,市级,上海市发展改革委关于公布2022年第二批可再生能源和新能源发展专项资金奖励目录的通知,沪发改能源〔2022〕213号,上海市发展和改革委员会,2022-09-28,有效,统一政策发布平台,https://www.shanghai.gov.cn/zhengce/detail/0025::881a9d3b822b4b2a92004badae5d75bc,
绿色低碳与节能,通知公告,其他,关于加强临港新片区太阳能光伏系统建设管理的通知,沪自贸临管委〔2022〕83号,中国（上海）自由贸易试验区临港新片区管理委员会,2022-08-10,有效,统一政策发布平台,https://www.shanghai.gov.cn/zhengce/detail/0058::d95c1369577e4beeb04801d9fb1996db,
绿色低碳与节能,通知公告,市级,上海市发展改革委关于公布2022年第一批可再生能源和新能源发展专项资金奖励目录的通知,沪发改能源〔2022〕37号,上海市发展和改革委员会,2022-02-07,有效,统一政策发布平台,https://www.shanghai.gov.cn/zhengce/detail/0025::7273b602ed294dde903d93257fa64e20,
绿色低碳与节能,通知公告,市级,关于印发2021年上海市整街道（镇、乡）屋顶分布式光伏开发试点名单的通知,沪发改能源〔2021〕210号,上海市发展和改革委员会,2021-10-11,有效,统一政策发布平台,https://www.shanghai.gov.cn/zhengce/detail/0025::f186a4d372c14ba88304457fab6d3b52,
绿色低碳与节能,通知公告,市级,上海市发展改革委关于公布2021年第一批可再生能源和新能源发展专项资金奖励目录的通知,沪发改能源〔2021〕135号,上海市发展和改革委员会,2021-07-01,有效,统一政策发布平台,https://www.shanghai.gov.cn/zhengce/detail/0025::efd9cd0539b447909b2f604d13576796,
绿色低碳与节能,办法,市级,关于印发《上海市建筑节能和绿色建筑示范项目专项扶持办法》的通知,,上海市住房和城乡建设管理委员会,2020-10,有效,市住建委规范性文件,https://zjw.sh.gov.cn/gfxwj/20201029/de75328ff70549a69e729a6132e1b8ad.html,docs/绿色低碳与节能/关于印发《上海市建筑节能和绿色建筑示范项目专项扶持办法》的通知.md
绿色低碳与节能,办法,市级,关于印发《上海市可再生能源和新能源发展专项资金扶持办法（2020版）》的通知,沪发改规范〔2020〕7号,上海市发展和改革委员会,2020-06-08,有效,统一政策发布平台,https://www.shanghai.gov.cn/zhengce/detail/0025::190e765b92e04236920f3d0e17785322,docs/绿色低碳与节能/关于印发《上海市可再生能源和新能源发展专项资金扶持办法（2020版）》的通知.md
绿色低碳与节能,实施意见,其他,关于印发《中国（上海）自由贸易试验区临港新片区管理委员会关于持续推进海绵城市建设的指导意见》的通知,沪自贸临管委〔2019〕72号,中国（上海）自由贸易试验区临港新片区管理委员会,2019-12-13,有效,统一政策发布平台,https://www.shanghai.gov.cn/zhengce/detail/0058::eafa26a036bf4564afafef1635d2e8f4,
绿色低碳与节能,技术规定与导则,市级,上海市水务局关于做好《上海市水务设施（厂/站）海绵城市建设技术导则》应用的通知,沪水务〔2018〕869号,上海市水务局,2018-08-28,有效,统一政策发布平台,https://www.shanghai.gov.cn/zhengce/detail/0004::c2bf1f2f32fe443984c94758d626bbaf,docs/绿色低碳与节能/上海市水务局关于做好《上海市水务设施（厂_站）海绵城市建设技术导则》应用的通知.md
绿色低碳与节能,技术规定与导则,市级,关于印发《上海市水务设施（厂/站）海绵城市建设技术导则》的通知,沪水务〔2018〕664号,上海市水务局,2018-07-23,有效,统一政策发布平台,https://www.shanghai.gov.cn/zhengce/detail/0004::f04562de51c04e0f87b58fc4864a546d,docs/绿色低碳与节能/关于印发《上海市水务设施（厂_站）海绵城市建设技术导则》的通知.md
绿色低碳与节能,通知公告,区级,关于印发《宝山区交通建设装配式技术应用推广方案》的通知,宝建〔2017〕121号,上海市宝山区建设和管理委员会,2017-12-20,有效,统一政策发布平台,https://www.shanghai.gov.cn/zhengce/detail/0078::d7169aa9-ab8b-44f9-8c76-253b6a58369f,
市政与基础设施,通知公告,市级,上海市交通委员会关于印发《上海市交通委员会关于公路行政处罚的裁量基准》的通知,沪交行规〔2026〕11号,上海市交通委员会,2026-08-28,有效,统一政策发布平台,https://www.shanghai.gov.cn/zhengce/detail/0010::6cad602c521649caa42e04b8a198bd6c,
市政与基础设施,通知公告,市级,上海市交通委员会关于印发《上海市交通委员会关于道路运输行政处罚的裁量基准》的通知,沪交行规〔2026〕10号,上海市交通委员会,2026-08-28,有效,统一政策发布平台,https://www.shanghai.gov.cn/zhengce/detail/0010::506777db7be1499fafc809c85705e9f6,
市政与基础设施,规划与计划,市级,市生态环境局、市规划资源局、市水务局、 市农业农村委、市绿化市容局关于修改 《上海市地下水污染防治重点区划定及管控方案》的通知,沪环规〔2026〕18号,上海市生态环境局,2026-08-17,有效,统一政策发布平台,https://www.shanghai.gov.cn/zhengce/detail/0024::b282207b81ad45ffab21c2b07cdab6af,
市政与基础设施,其他,市级,上海市人民政府关于调整本市高排放非道路移动机械禁止使用区的通告,沪府规〔2026〕7号,上海市人民政府,2026-08-17,有效,统一政策发布平台,https://www.shanghai.gov.cn/zhengce/detail/0001::8aa931f856bb4dfdaf0b60e4d8264bc1,
市政与基础设施,通知公告,市级,上海市交通委员会关于延长《上海市交通委员会关于城市道路行政处罚的裁量基准》有效期的通知,沪交行规〔2026〕9号,上海市交通委员会,2026-08-19,有效,统一政策发布平台,https://www.shanghai.gov.cn/zhengce/detail/0010::36794587e10e478aaec021f03a93270a,
市政与基础设施,规划与计划,区级,上海市普陀区建设和管理委员会关于印发《普陀区水务“十五五”规划》的通知,普建委〔2026〕78号,上海市普陀区建设和管理委员会,2026-07-31,有效,统一政策发布平台,https://www.shanghai.gov.cn/zhengce/detail/0075::0075204998,
市政与基础设施,审查与许可规则,市级,关于实施城镇污水排入排水管网许可（变更）“免申办”服务的通知,沪水务〔2026〕141号,上海市水务局,2026-08-12,有效,统一政策发布平台,https://www.shanghai.gov.cn/zhengce/detail/0004::5c557e9fec03430c80516aeb5bdf2c83,docs/市政与基础设施/关于实施城镇污水排入排水管网许可（变更）“免申办”服务的通知.md
市政与基础设施,规划与计划,市级,上海市水务局关于印发《上海市水系统治理“十五五”规划》的通知,沪水务〔2026〕130号,上海市水务局,2026-07-23,有效,统一政策发布平台,https://www.shanghai.gov.cn/zhengce/detail/0004::dfe3bba286d9475ebea1a55f94fe03b4,
市政与基础设施,技术规定与导则,市级,关于印发《市政交通工程空间利用允许偏差管理技术规范（试行）》的通知,沪规划资源政〔2026〕207号,上海市规划和自然资源局,2026-07-09,有效,统一政策发布平台,https://www.shanghai.gov.cn/zhengce/detail/0032::c7ca6d628e2045deaa71ad5876750741,docs/市政与基础设施/关于印发《市政交通工程空间利用允许偏差管理技术规范（试行）》的通知.md
市政与基础设施,实施细则,市级,上海市交通委员会关于印发《上海市公路工程施工分包管理实施细则》的通知,沪交行规〔2026〕8号,上海市交通委员会,2026-06-30,有效,统一政策发布平台,https://www.shanghai.gov.cn/zhengce/detail/0010::af60ffaffc0942d29a51e64e91e943c6,docs/市政与基础设施/上海市交通委员会关于印发《上海市公路工程施工分包管理实施细则》的通知.md
市政与基础设施,办法,市级,关于延长《上海市政府购买服务管理办法》有效期的通知,沪财发〔2026〕4号,上海市财政局,2026-04-24,有效,统一政策发布平台,https://www.shanghai.gov.cn/zhengce/detail/0017::xxfboswf0000003681,docs/市政与基础设施/关于延长《上海市政府购买服务管理办法》有效期的通知.md
市政与基础设施,通知公告,市级,上海市水务局关于印发《水务领域轻微违法行为依法不予行政处罚清单》的通知,沪水务规范〔2026〕1号,上海市水务局,2026-04-28,有效,统一政策发布平台,https://www.shanghai.gov.cn/zhengce/detail/0004::217ea38f5ee740eaa2742c439d1bd90c,
市政与基础设施,通知公告,市级,上海市生态环境局关于发布《上海市碳普惠减排项目方法学 市政道路和公路功能照明智能调光（SHCER01010042026I）》的通知,沪环气候〔2026〕57号,上海市生态环境局,2026-04-22,有效,统一政策发布平台,https://www.shanghai.gov.cn/zhengce/detail/0024::ba455111be5344adacc6fb334b7da3fe,
市政与基础设施,审查与许可规则,市级,关于向本市餐饮活动排水户推行排水许可分级分类管理的通知,沪水务〔2026〕72号,上海市水务局,2026-04-10,有效,统一政策发布平台,https://www.shanghai.gov.cn/zhengce/detail/0004::7f14c9c28f8f49a29f6b735b903ac0ac,docs/市政与基础设施/关于向本市餐饮活动排水户推行排水许可分级分类管理的通知.md
市政与基础设施,规定,市级,上海市交通委员会关于印发《上海市高速公路电子不停车收费管理规定》的通知,沪交行规〔2026〕6号,上海市交通委员会,2026-04-08,有效,统一政策发布平台,https://www.shanghai.gov.cn/zhengce/detail/0010::76114cbd4cfe48008aedc2b30775efa9,docs/市政与基础设施/上海市交通委员会关于印发《上海市高速公路电子不停车收费管理规定》的通知.md
市政与基础设施,通知公告,市级,关于印发《上海市公共停车场（库）停车规则》的通知,沪交行规〔2026〕5号,上海市交通委员会,2026-04-08,有效,统一政策发布平台,https://www.shanghai.gov.cn/zhengce/detail/0010::b4a65cda5a4a4266a224046a61c33b0e,
市政与基础设施,实施细则,市级,关于修订《上海市普通公路中央奖补资金使用实施细则》的通知,沪交财〔2026〕70号,上海市交通委员会,2026-02-10,有效,统一政策发布平台,https://www.shanghai.gov.cn/zhengce/detail/0010::2d2e78c86207456ebdef0708df8387ef,docs/市政与基础设施/关于修订《上海市普通公路中央奖补资金使用实施细则》的通知.md
市政与基础设施,通知公告,市级,关于印发《上海市机动车驾驶员培训、机动车维修、道路清障施救牵引行业质量信誉考核指标》的通知,沪交运服〔2026〕105号,上海市交通委员会,2026-03-18,有效,统一政策发布平台,https://www.shanghai.gov.cn/zhengce/detail/0010::0acad629181b4773bf8822140d6add91,
市政与基础设施,通知公告,市级,关于调整上海市政府性融资担保机构名单的通知,沪财金〔2026〕15号,上海市财政局,2026-03-31,有效,统一政策发布平台,https://www.shanghai.gov.cn/zhengce/detail/0017::xxfboswf0000003651,
市政与基础设施,办法,市级,关于修订印发《上海市污水处理费征收使用管理实施办法》的通知,沪财发〔2026〕2号,上海市财政局,2026-02-25,有效,统一政策发布平台,https://www.shanghai.gov.cn/zhengce/detail/0017::xxfboswf0000003609,docs/市政与基础设施/关于修订印发《上海市污水处理费征收使用管理实施办法》的通知.md
市政与基础设施,实施细则,市级,关于印发《上海市市政交通工程空间利用管理细则（试行）》的通知,沪规划资源政〔2026〕53号,上海市规划和自然资源局,2026-02-13,有效,统一政策发布平台,https://www.shanghai.gov.cn/zhengce/detail/0032::b078033d32454ebc8063887b6962d645,docs/市政与基础设施/关于印发《上海市市政交通工程空间利用管理细则（试行）》的通知.md
市政与基础设施,通知公告,市级,关于印发《上海市政府定价的经营服务性收费目录清单（2026版）》的通知,沪发改价调〔2026〕7号,上海市发展和改革委员会,2026-02-12,有效,统一政策发布平台,https://www.shanghai.gov.cn/zhengce/detail/0025::564742ac7e4743e69c0b899a524ddc47,
市政与基础设施,办法,市级,关于印发修订后的《上海市管道燃气经营企业成本规制管理办法》的通知,,上海市住房和城乡建设管理委员会,2025-02,有效,市住建委规范性文件,https://zjw.sh.gov.cn/gfxwj/20250211/f922704d1c5e43dba8a849ca1e0f8222.html,docs/市政与基础设施/关于印发修订后的《上海市管道燃气经营企业成本规制管理办法》的通知.md
市政与基础设施,办法,市级,关于印发《上海市道路运输质量信誉考核管理办法》的通知,沪交行规〔2025〕12号,上海市交通委员会,2025-12-23,有效,统一政策发布平台,https://www.shanghai.gov.cn/zhengce/detail/0010::1abbf70b2c594b25910e4602dfda2643,docs/市政与基础设施/关于印发《上海市道路运输质量信誉考核管理办法》的通知.md
市政与基础设施,办法,市级,关于印发《上海市政府粮油储备质量安全管理办法》的通知,沪粮规〔2025〕3号,上海市粮食和物资储备局,2025-12-23,有效,统一政策发布平台,https://www.shanghai.gov.cn/zhengce/detail/0021::552d8e4f8b92496fa20615fc3bd92e0a,docs/市政与基础设施/关于印发《上海市政府粮油储备质量安全管理办法》的通知.md
市政与基础设施,通知公告,市级,关于进一步加强燃气工程施工涉及轨道交通设施安全保护工作的通知,沪建设施联〔2025〕604号,上海市住房和城乡建设管理委员会,2025-12-15,有效,统一政策发布平台,https://www.shanghai.gov.cn/zhengce/detail/0011::bdf948e8c5b240519803f96499556e4f,
市政与基础设施,通知公告,市级,上海市水务局关于做好上海市水务建设工地扬尘在线监测系统安装工作的通知,沪水务〔2025〕480号,上海市水务局,2025-12-16,有效,统一政策发布平台,https://www.shanghai.gov.cn/zhengce/detail/0004::0650e4681084464889afa8febfca7045,
市政与基础设施,办法,市级,关于印发《上海市政府性融资担保机构绩效评价办法》的通知,沪财发〔2025〕7号,上海市财政局,2025-12-11,有效,统一政策发布平台,https://www.shanghai.gov.cn/zhengce/detail/0017::xxfboswf0000003494,docs/市政与基础设施/关于印发《上海市政府性融资担保机构绩效评价办法》的通知.md
市政与基础设施,规定,市级,关于印发《关于持续加强本市公共排水泵站设施规划资源管理的工作规定》的通知,沪规划资源政〔2025〕473号,上海市规划和自然资源局,2025-12-10,有效,统一政策发布平台,https://www.shanghai.gov.cn/zhengce/detail/0032::19dbd258ca8c4be2b68870d8f82dbe2d,docs/市政与基础设施/关于印发《关于持续加强本市公共排水泵站设施规划资源管理的工作规定》的通知.md
市政与基础设施,通知公告,市级,关于明确上海闸电燃气轮机发电机组上网电价有关事项的通知,沪发改价管〔2025〕46号,上海市发展和改革委员会,2025-12-03,有效,统一政策发布平台,https://www.shanghai.gov.cn/zhengce/detail/0025::7c436aa3498c4f1eb9dbe4c2767b5601,
市政与基础设施,通知公告,市级,上海市生态环境局  上海市市场监督管理局关于发布《工业企业设备与管线组件挥发性有机物泄漏排放标准》《大气污染物综合排放标准》《生活垃圾焚烧大气污染物排放标准》为上海市地方污染物排放标准的公告,沪环法〔2025〕174号,上海市生态环境局,2025-11-20,有效,统一政策发布平台,https://www.shanghai.gov.cn/zhengce/detail/0024::d099b7d00d514fe8a8d109a40fb1b7c5,
市政与基础设施,办法,市级,上海市水务局关于印发《上海市城镇污水排入排水管网许可告知承诺管理办法》的通知,沪水务〔2025〕443号,上海市水务局,2025-11-19,有效,统一政策发布平台,https://www.shanghai.gov.cn/zhengce/detail/0004::1f0274d88b4a4986929aae06e7fec56c,docs/市政与基础设施/上海市水务局关于印发《上海市城镇污水排入排水管网许可告知承诺管理办法》的通知.md
市政与基础设施,办法,市级,上海市水务局关于印发《上海市取水许可告知承诺管理办法》的通知,沪水务〔2025〕442号,上海市水务局,2025-11-18,有效,统一政策发布平台,https://www.shanghai.gov.cn/zhengce/detail/0004::44755ca696884a6e9604a0b401cbcbb6,docs/市政与基础设施/上海市水务局关于印发《上海市取水许可告知承诺管理办法》的通知.md
市政与基础设施,实施意见,区级,关于印发《杨浦区内部道路精细化整治推进实施方案》的通知,杨建委〔2025〕65号,上海市杨浦区建设和管理委员会,2025-11-14,有效,统一政策发布平台,https://www.shanghai.gov.cn/zhengce/detail/0077::0077680,
市政与基础设施,通知公告,市级,上海市交通委员会关于发布道路运输市场严重失信主体名单的通报,沪交客〔2025〕652号,上海市交通委员会,2025-11-04,有效,统一政策发布平台,https://www.shanghai.gov.cn/zhengce/detail/0010::c02c11b07ffc456581218c770006a6d5,
市政与基础设施,办法,市级,上海市水务局关于印发《上海市水务海洋严重违法行为举报奖励办法》的通知,沪水务规范〔2025〕8号,上海市水务局,2025-10-31,有效,统一政策发布平台,https://www.shanghai.gov.cn/zhengce/detail/0004::acf66694acd8468498e3b178d9e8c39d,docs/市政与基础设施/上海市水务局关于印发《上海市水务海洋严重违法行为举报奖励办法》的通知.md
市政与基础设施,规划与计划,区级,上海市松江区水务局关于印发《上海市松江区供水专业规划（2023~2035年）》的通知,沪松水〔2025〕182号,上海市松江区水务局,2025-10-24,有效,统一政策发布平台,https://www.shanghai.gov.cn/zhengce/detail/0082::5ee0acb35eee4a13993fbd64cb3c21e6,
市政与基础设施,规划与计划,区级,上海市松江区水务局关于印发《上海市松江区污水处理系统及污泥处理处置规划（2023～2035）》的通知,沪松水〔2025〕181号,上海市松江区水务局,2025-10-24,有效,统一政策发布平台,https://www.shanghai.gov.cn/zhengce/detail/0082::a41d754c486d43509c5d29dc9eb52911,
市政与基础设施,通知公告,其他,关于进一步明确临港新片区建筑工程配建机动车停车场（库）工作要求的通知,沪自贸临管委〔2025〕114号,中国（上海）自由贸易试验区临港新片区管理委员会,2025-10-10,有效,统一政策发布平台,https://www.shanghai.gov.cn/zhengce/detail/0058::7118bf3556004706ab772cb37e58384d,
市政与基础设施,规定,市级,上海市水务局关于印发《上海市水务海洋领域行政处罚裁量权基准适用规定》的通知,沪水务规范〔2025〕7号,上海市水务局,2025-09-30,有效,统一政策发布平台,https://www.shanghai.gov.cn/zhengce/detail/0004::8407d17d53274613a1c5d70923bf6a7e,docs/市政与基础设施/上海市水务局关于印发《上海市水务海洋领域行政处罚裁量权基准适用规定》的通知.md
市政与基础设施,通知公告,市级,关于进一步提升本市道路运输车辆检验检测服务水平的通知,沪交运服〔2025〕574号,上海市交通委员会,2025-09-19,有效,统一政策发布平台,https://www.shanghai.gov.cn/zhengce/detail/0010::16cd2666ee724fb183db9862d667f615,
市政与基础设施,通知公告,市级,关于印发《上海市交通委员会关于轨道交通行政处罚的裁量基准》的通知,沪交行规〔2025〕7号,上海市交通委员会,2025-09-29,有效,统一政策发布平台,https://www.shanghai.gov.cn/zhengce/detail/0010::233ee6e4687d4c5aa9127662670744f8,
市政与基础设施,通知公告,市级,上海市市场监督管理局关于发布《城市道路支持自动驾驶附属设施设计规范》等37项地方标准的公告,沪市监标准〔2025〕269号,上海市市场监督管理局,2025-09-19,有效,统一政策发布平台,https://www.shanghai.gov.cn/zhengce/detail/0019::2c984a72997b23800199851430362ae5,
市政与基础设施,实施意见,区级,黄浦区人民政府关于印发《黄浦区排水管理体制改革实施方案》的通知,黄府发〔2025〕9号,上海市黄浦区人民政府,2025-09-15,有效,统一政策发布平台,https://www.shanghai.gov.cn/zhengce/detail/0071::7cd7fc5e-3707-4b8e-8da3-ff9bfbc93eaf,
市政与基础设施,实施意见,区级,上海市静安区人民政府关于批转区水务局《静安区排水管理体制改革实施方案》的通知,静府发〔2025〕6号,上海市静安区人民政府,2025-09-23,有效,统一政策发布平台,https://www.shanghai.gov.cn/zhengce/detail/0072::085ee8ec-b597-4af4-b344-6780677f5295,
市政与基础设施,实施意见,街镇级,青浦区赵巷镇人民政府关于印发《赵巷镇农村生活污水处理设施运行维护考核实施方案（试行）》的通知,赵府〔2025〕7号,上海市青浦区赵巷镇人民政府,2025-09-23,有效,统一政策发布平台,https://www.shanghai.gov.cn/zhengce/detail/0083::00831337176,
市政与基础设施,技术规定与导则,市级,关于印发《上海市小型综合管廊规划设计导则》的通知,沪规划资源政〔2025〕367号,上海市规划和自然资源局,2025-09-19,有效,统一政策发布平台,https://www.shanghai.gov.cn/zhengce/detail/0032::abdb4b5471d843a3ac9403d0161270f2,docs/市政与基础设施/关于印发《上海市小型综合管廊规划设计导则》的通知.md
市政与基础设施,实施意见,区级,嘉定区水务局 嘉定区财政局关于印发《嘉定区河湖泵闸长效养护工作实施意见》的通知,嘉水务〔2025〕67号,上海市嘉定区水务局,2025-09-09,有效,统一政策发布平台,https://www.shanghai.gov.cn/zhengce/detail/0080::5_191916,
市政与基础设施,通知公告,市级,关于实施公路与市政道路工程“多测合一”的通知,沪规划资源政〔2025〕336号,上海市规划和自然资源局,2025-08-29,有效,统一政策发布平台,https://www.shanghai.gov.cn/zhengce/detail/0032::8d18f02f5b4341e692041e21d7751a3e,
市政与基础设施,通知公告,市级,关于延长《关于进一步规范本市政府采购信息公开有关事项的通知》有效期的通知,沪财发〔2025〕4号,上海市财政局,2025-08-26,有效,统一政策发布平台,https://www.shanghai.gov.cn/zhengce/detail/0017::xxfboswf0000003393,
市政与基础设施,办法,区级,闵行区交通委员会关于废止《闵行区道路桥梁桥下空间管理办法》的通知,闵交规〔2025〕1号,上海市闵行区交通委员会,2025-08-28,有效,统一政策发布平台,https://www.shanghai.gov.cn/zhengce/detail/0079::0d8b0d9b-fd19-430a-8f78-389ed34b87cc,docs/市政与基础设施/闵行区交通委员会关于废止《闵行区道路桥梁桥下空间管理办法》的通知.md
市政与基础设施,实施意见,区级,关于印发《杨浦区排水管理体制改革实施方案》的通知,杨府发〔2025〕9号,上海市杨浦区人民政府办公室,2025-08-28,有效,统一政策发布平台,https://www.shanghai.gov.cn/zhengce/detail/0077::0077f1c3cfba67b41ca699ca1913d08e1a39,
市政与基础设施,通知公告,市级,上海市水务局关于印发《上海市水文业务定额》的通知,沪水务〔2025〕308号,上海市水务局,2025-08-04,有效,统一政策发布平台,https://www.shanghai.gov.cn/zhengce/detail/0004::80d8d8faadc04a9f828c65412bcc93ad,
市政与基础设施,技术规定与导则,市级,上海市水务局关于印发《微型顶管法施工技术规程》的通知,沪水务〔2025〕300号,上海市水务局,2025-07-28,有效,统一政策发布平台,https://www.shanghai.gov.cn/zhengce/detail/0004::0f832dff210d4e57a781bca17d28dea1,docs/市政与基础设施/上海市水务局关于印发《微型顶管法施工技术规程》的通知.md
市政与基础设施,审查与许可规则,市级,关于向全市饮品类（无现场制作餐食）排水户全面推行排水许可简化办理方案的通知,沪水务〔2025〕273号,上海市水务局,2025-07-10,有效,统一政策发布平台,https://www.shanghai.gov.cn/zhengce/detail/0004::7c31357b90c64096a1ce8ba63eca1289,docs/市政与基础设施/关于向全市饮品类（无现场制作餐食）排水户全面推行排水许可简化办理方案的通知.md
市政与基础设施,实施意见,市级,关于印发《关于进一步加强上海城市轨道交通安全工作的指导意见》的通知,沪交轨〔2025〕323号,上海市交通委员会,2025-06-17,有效,统一政策发布平台,https://www.shanghai.gov.cn/zhengce/detail/0010::e02c036469494f96a5a22c98f528df12,
市政与基础设施,通知公告,市级,上海市政府质量奖审定委员会办公室关于印发《上海市政府质量奖评审工作规范》的通知,沪质奖审办〔2025〕1号,上海市政府质量奖审定委员会办公室,2025-06-20,有效,统一政策发布平台,https://www.shanghai.gov.cn/zhengce/detail/0019::2c984ad697a6779a0197b0dc36282a33,
市政与基础设施,通知公告,市级,上海市水务局关于调整本市水务维修养护工程规费项目设置及费用计算等相关事项的通知,沪水务〔2025〕248号,上海市水务局,2025-06-18,有效,统一政策发布平台,https://www.shanghai.gov.cn/zhengce/detail/0004::190007ea941e4fca93e91dddc338d066,
市政与基础设施,实施细则,市级,上海市水务局关于印发《上海市供水调度管理细则》的通知,沪水务规范〔2025〕6号,上海市水务局,2025-06-13,有效,统一政策发布平台,https://www.shanghai.gov.cn/zhengce/detail/0004::ffb4688c70764506a3aa0ae7e31638e0,docs/市政与基础设施/上海市水务局关于印发《上海市供水调度管理细则》的通知.md
市政与基础设施,实施意见,市级,上海市水务局关于印发《上海市水利工程乙级质量检测单位“双随机、一公开”抽查工作实施方案》的通知,沪水务规范〔2025〕5号,上海市水务局,2025-06-12,有效,统一政策发布平台,https://www.shanghai.gov.cn/zhengce/detail/0004::e840073f949a4879a0845e3085301645,
市政与基础设施,通知公告,市级,关于印发《上海市轨道交通安检工作规范》的通知,沪公行规〔2025〕7号,上海市公安局,2025-05-30,有效,统一政策发布平台,https://www.shanghai.gov.cn/zhengce/detail/0033::GKXX-20250606100051115-14440,
市政与基础设施,通知公告,市级,关于印发《小铰缝空心板梁桥梁体病害处治指南(试行))》的通知,沪交科〔2025〕272号,上海市交通委员会,2025-04-29,有效,统一政策发布平台,https://www.shanghai.gov.cn/zhengce/detail/0010::ff2a59baa69e4a7fa0f6d2298553957a,
市政与基础设施,规划与计划,区级,杨浦区规划和自然资源局 关于转发《关于上海市地下管线跟踪测量工作的实施意见》的通知,杨规划资源〔2025〕2号,上海市杨浦区规划和自然资源局,2025-04-30,有效,统一政策发布平台,https://www.shanghai.gov.cn/zhengce/detail/0077::00772b9b6eb478613405727a1319f54c4087,
市政与基础设施,实施意见,市级,关于印发《关于上海市地下管线跟踪测量工作的实施意见》的通知,沪规划资源规〔2025〕3号,上海市规划和自然资源局,2025-04-28,有效,统一政策发布平台,https://www.shanghai.gov.cn/zhengce/detail/0032::db6c84cd8d4e496099463e2413afc857,
市政与基础设施,办法,市级,上海市水务局关于印发《上海市市属排水设施运行维护绩效考核办法（试行）》的通知,沪水务〔2025〕168号,上海市水务局,2025-04-25,有效,统一政策发布平台,https://www.shanghai.gov.cn/zhengce/detail/0004::7dfcc53abe4f4051b058318562e26c8b,docs/市政与基础设施/上海市水务局关于印发《上海市市属排水设施运行维护绩效考核办法（试行）》的通知.md
市政与基础设施,规定,市级,上海市公安局关于修改《上海市公安局剧毒化学品公路运输通行证发放和管理规定》的决定,沪公行规〔2025〕4号,上海市公安局,2025-04-17,有效,统一政策发布平台,https://www.shanghai.gov.cn/zhengce/detail/0033::GKXX-20250422144241615-20377,docs/市政与基础设施/上海市公安局关于修改《上海市公安局剧毒化学品公路运输通行证发放和管理规定》的决定.md
市政与基础设施,通知公告,市级,上海市水务局关于印发《上海市水利工程安全质量监督管理意见》的通知,沪水务〔2025〕144号,上海市水务局,2025-04-09,有效,统一政策发布平台,https://www.shanghai.gov.cn/zhengce/detail/0004::8b513d06a35043e89c884daa92afddcd,
市政与基础设施,通知公告,市级,上海市水务局关于印发《上海市水务局科学技术委员会工作规则》的通知,沪水务〔2025〕143号,上海市水务局,2025-04-09,有效,统一政策发布平台,https://www.shanghai.gov.cn/zhengce/detail/0004::339033313fce42f3901d6f2113afad23,
市政与基础设施,通知公告,区级,宝山区生态环境局、宝山区绿化市容局、宝山区水务局、宝山区农业农村委关于印发《宝山区海洋垃圾清理行动方案》的通知,宝环保〔2025〕5号,上海市宝山区生态环境局,2025-04-01,有效,统一政策发布平台,https://www.shanghai.gov.cn/zhengce/detail/0078::46084f86-24e0-4cad-b0b4-05dda733c4f7,
市政与基础设施,通知公告,市级,上海市人民政府关于印发《上海市排水管理体制改革方案》的通知,沪府〔2025〕24号,上海市人民政府,2025-03-17,有效,统一政策发布平台,https://www.shanghai.gov.cn/zhengce/detail/0001::8a51f2a2f2d3462d8ddd7e6a22906a35,
市政与基础设施,技术规定与导则,市级,上海市水务局关于印发《原水引水管渠监测技术规程》的通知,沪水务〔2025〕129号,上海市水务局,2025-04-06,有效,统一政策发布平台,https://www.shanghai.gov.cn/zhengce/detail/0004::a116e2865b5b4657a98b8cf0f4dd6fb8,docs/市政与基础设施/上海市水务局关于印发《原水引水管渠监测技术规程》的通知.md
市政与基础设施,通知公告,市级,关于印发《上海城市轨道交通安全保护区管理工作机制》的通知,沪交轨〔2025〕189号,上海市交通委员会,2025-03-25,有效,统一政策发布平台,https://www.shanghai.gov.cn/zhengce/detail/0010::262d40c3aea843a0b63e101a22298b24,
市政与基础设施,实施意见,市级,上海市水务局关于印发《上海市水体清澈度提升技术指导意见（试行）》的通知,沪水务〔2025〕103号,上海市水务局,2025-03-21,有效,统一政策发布平台,https://www.shanghai.gov.cn/zhengce/detail/0004::602aa6f3837642819ea203e86d700064,
市政与基础设施,规定,市级,上海市水务局关于印发《水务行业城镇排水设施运行维护有限空间作业安全管控规定（试行）》的通知,沪水务规范〔2025〕3号,上海市水务局,2025-03-10,有效,统一政策发布平台,https://www.shanghai.gov.cn/zhengce/detail/0004::23438a4fa20d41efbe268cc1cdb67553,docs/市政与基础设施/上海市水务局关于印发《水务行业城镇排水设施运行维护有限空间作业安全管控规定（试行）》的通知.md
市政与基础设施,通知公告,市级,关于划定浦东新区第三批自动驾驶开放测试道路的通知,沪交科〔2025〕106号,上海市交通委员会,2025-03-12,有效,统一政策发布平台,https://www.shanghai.gov.cn/zhengce/detail/0010::841d57cb7b8442a2ba43e34f81811d02,
市政与基础设施,实施意见,市级,关于印发《推进本市公共交通高质量发展的指导意见》的通知,沪交研〔2025〕64号,上海市交通委员会,2025-01-24,有效,统一政策发布平台,https://www.shanghai.gov.cn/zhengce/detail/0010::75691ad533284acdb71242dc680daf08,
市政与基础设施,实施意见,市级,上海市交通委员会关于印发《加强本市挖掘道路管理指导意见》的通知,沪交设养〔2025〕38号,上海市交通委员会,2025-01-21,有效,统一政策发布平台,https://www.shanghai.gov.cn/zhengce/detail/0010::2af08b589e704a5ebf5afd55031c74df,
市政与基础设施,规划与计划,市级,上海市生态环境局、市规划资源局、市水务局、 市农业农村委、市绿化市容局关于印发《上海市地下水污染防治重点区划定及管控方案》的通知,沪环规〔2025〕1号,上海市生态环境局,2025-01-23,有效,统一政策发布平台,https://www.shanghai.gov.cn/zhengce/detail/0024::ce250dcfffc242a8a45c44d84fecbafc,
市政与基础设施,通知公告,市级,上海市交通委员会关于印发《上海市轨道交通乘客守则》的通知,沪交行规〔2025〕2号,上海市交通委员会,2025-01-22,有效,统一政策发布平台,https://www.shanghai.gov.cn/zhengce/detail/0010::e42159c205834a66bf05e85a1b91d714,
市政与基础设施,通知公告,市级,上海市交通委员会关于印发《上海市轨道交通运营服务规范》的通知,沪交行规〔2025〕1号,上海市交通委员会,2025-01-22,有效,统一政策发布平台,https://www.shanghai.gov.cn/zhengce/detail/0010::45e2177ec30648c696ad6f5b5b9739a1,
市政与基础设施,实施细则,市级,上海市水务局关于印发《上海市取用水领域信用评价实施细则（试行）》的通知,沪水务规范〔2025〕1号,上海市水务局,2025-01-21,有效,统一政策发布平台,https://www.shanghai.gov.cn/zhengce/detail/0004::46211b28f4004b58870b6393f6d66516,docs/市政与基础设施/上海市水务局关于印发《上海市取用水领域信用评价实施细则（试行）》的通知.md
市政与基础设施,通知公告,市级,关于延长《关于印发〈上海市政府制定价格行为规则〉的通知》有效期的通知,沪发改规范〔2025〕1号,上海市发展和改革委员会,2025-01-07,有效,统一政策发布平台,https://www.shanghai.gov.cn/zhengce/detail/0025::9d5ff49ca29a45018d8d07ef910aedfe,
市政与基础设施,通知公告,市级,关于进一步做好盲人免费乘坐市内公共交通工具有关工作的通知,沪残联规〔2024〕8号,上海市残疾人联合会 上海市交通委员会 上海市民政局,2024-12-10,有效,统一政策发布平台,https://www.shanghai.gov.cn/zhengce/detail/0099::5e990eff342d4b02939d6ac5a8cfc1af,
市政与基础设施,审查与许可规则,市级,关于进一步加强本市政府采购履约验收管理有关事项的通知,沪财采〔2024〕22号,上海市财政局,2024-12-05,有效,统一政策发布平台,https://www.shanghai.gov.cn/zhengce/detail/0017::a2f25dc5e9e9464fa566f895ed2bfd29,docs/市政与基础设施/关于进一步加强本市政府采购履约验收管理有关事项的通知.md
市政与基础设施,通知公告,市级,上海市人民政府办公厅印发修订后的《关于进一步减少本市道路交通事故的意见》的通知,沪府办发〔2024〕33号,上海市人民政府办公厅,2024-12-30,有效,统一政策发布平台,https://www.shanghai.gov.cn/zhengce/detail/0001::2b8e5bbed08d4661bc0b73c9a02b34e0,
市政与基础设施,办法,市级,上海市交通委员会关于贯彻实施《道路运输企业主要负责人和安全生产管理人员安全考核管理办法》的通知,沪交安〔2024〕1015号,上海市交通委员会,2024-12-31,有效,统一政策发布平台,https://www.shanghai.gov.cn/zhengce/detail/0010::99dca899951a421ab5339c42f6e87805,docs/市政与基础设施/上海市交通委员会关于贯彻实施《道路运输企业主要负责人和安全生产管理人员安全考核管理办法》的通知.md
市政与基础设施,办法,市级,上海市水务局关于印发《上海市水务海洋领域失信信息修复办法》的通知,沪水务规范〔2024〕7号,上海市水务局,2024-12-25,有效,统一政策发布平台,https://www.shanghai.gov.cn/zhengce/detail/0004::c7221c93f544477aa61873a399d049b9,docs/市政与基础设施/上海市水务局关于印发《上海市水务海洋领域失信信息修复办法》的通知.md
市政与基础设施,规定,市级,上海市水务局关于印发《上海市公共供水企业信息公开管理规定》的通知,沪水务规范〔2024〕6号,上海市水务局,2024-12-16,有效,统一政策发布平台,https://www.shanghai.gov.cn/zhengce/detail/0004::f2d5d0d00e534d02b9edfa91d74c199a,docs/市政与基础设施/上海市水务局关于印发《上海市公共供水企业信息公开管理规定》的通知.md
市政与基础设施,通知公告,市级,关于公布 “2024年上海市户外招牌特色道路 （街区）”名单的通知,沪绿容〔2024〕464号,上海市绿化和市容管理局,2024-12-09,有效,统一政策发布平台,https://www.shanghai.gov.cn/zhengce/detail/0039::9944b244-c741-41d1-9ca6-0b4d26a37352,
市政与基础设施,通知公告,市级,上海市交通委员会关于公布本市城市桥梁和隧道安全保护区域的通知,沪交设养〔2024〕916号,上海市交通委员会,2024-12-03,有效,统一政策发布平台,https://www.shanghai.gov.cn/zhengce/detail/0010::2083dfd5385c4c2da8854feee0adfb67,
市政与基础设施,技术规定与导则,市级,关于印发《上海市市政交通工程规划设计技术规范》的通知,沪规划资源政〔2024〕522号,上海市规划和自然资源局,2024-12-06,有效,统一政策发布平台,https://www.shanghai.gov.cn/zhengce/detail/0032::84848e9fbfc94652bb5d5d6a276cc287,docs/市政与基础设施/关于印发《上海市市政交通工程规划设计技术规范》的通知.md
市政与基础设施,实施细则,市级,关于印发《上海市政策性粮食购销违法违规行为举报奖励实施细则（试行）》的通知,沪粮执法〔2024〕91号,上海市粮食和物资储备局,2024-12-02,有效,统一政策发布平台,https://www.shanghai.gov.cn/zhengce/detail/0021::a0f4a998ffd648179dddc03c4f4657ab,docs/市政与基础设施/关于印发《上海市政策性粮食购销违法违规行为举报奖励实施细则（试行）》的通知.md
市政与基础设施,通知公告,市级,上海市市场监督管理局关于发布《城市轨道交通通信信号数字化运维系统通用要求》等12项地方标准的公告,沪市监标技〔2024〕491号,上海市市场监督管理局,2024-11-29,有效,统一政策发布平台,https://www.shanghai.gov.cn/zhengce/detail/0019::2c984a729367d80001938a0a725902ec,
市政与基础设施,通知公告,市级,关于上海市轨道交通市域线票价机制有关事项的通知,沪发改价调〔2024〕54号,上海市发展和改革委员会,2024-11-15,有效,统一政策发布平台,https://www.shanghai.gov.cn/zhengce/detail/0025::54a1241ac96941f78f38a2609579d6b3,
市政与基础设施,审查与许可规则,市级,上海市水务局关于印发《上海市“拆除、改动城镇排水与污水处理设施审核”行政许可事项的实施意见》的通知,沪水务〔2024〕465号,上海市水务局,2024-10-29,有效,统一政策发布平台,https://www.shanghai.gov.cn/zhengce/detail/0004::01a7bd7b2f7541a3bddd4a5f86eb6890,docs/市政与基础设施/上海市水务局关于印发《上海市“拆除、改动城镇排水与污水处理设施审核”行政许可事项的实施意见》的通知.md
市政与基础设施,审查与许可规则,区级,上海市闵行区水务局关于印发新增两个行政审批事项办理指南的通知,闵水务〔2024〕26号,上海市闵行区水务局,2024-10-10,有效,统一政策发布平台,https://www.shanghai.gov.cn/zhengce/detail/0079::b475e3d5-998d-40ec-a7f3-856d74758a23,docs/市政与基础设施/上海市闵行区水务局关于印发新增两个行政审批事项办理指南的通知.md
市政与基础设施,通知公告,市级,上海市水务局关于印发《上海市用水权交易管理指南（试行）》的通知,沪水务〔2024〕372号,上海市水务局,2024-09-04,有效,统一政策发布平台,https://www.shanghai.gov.cn/zhengce/detail/0004::6b6c00bbf23c4609b3bac4482e1b39aa,
市政与基础设施,通知公告,市级,上海市交通委员会关于印发《上海市处置桥梁隧道运行事故应急预案》的通知,沪交设养〔2024〕191号,上海市交通委员会,2024-08-30,有效,统一政策发布平台,https://www.shanghai.gov.cn/zhengce/detail/0010::0064232197a04f5fada5881c46f045f2,
市政与基础设施,办法,市级,上海市水务局关于印发《上海市水土保持管理办法》的通知,沪水务规范〔2024〕3号,上海市水务局,2024-08-02,有效,统一政策发布平台,https://www.shanghai.gov.cn/zhengce/detail/0004::ded4deabf5f54edeb64107716df9cb64,docs/市政与基础设施/上海市水务局关于印发《上海市水土保持管理办法》的通知.md
市政与基础设施,实施意见,市级,关于印发《进一步发挥承运人责任保险和安全生产责任保险在本市道路旅客运输和道路危险货物运输行业事故预防服务作用的实施意见》的通知,沪交安〔2024〕531号,上海市交通委员会,2024-08-05,有效,统一政策发布平台,https://www.shanghai.gov.cn/zhengce/detail/0010::c0f689da49af4d31b9fdad76c7a2aff0,
市政与基础设施,通知公告,市级,上海市交通委员会关于S32申嘉湖高速公路维持收费的通知,沪交财〔2024〕487号,上海市交通委员会,2024-07-10,有效,统一政策发布平台,https://www.shanghai.gov.cn/zhengce/detail/0010::30829854c7ca4fefb4e2d6f6695bb1dd,
市政与基础设施,实施细则,市级,上海市水务局关于延长《上海市非居民用水超定额累进加价制度实施细则》规范性文件有效期的通知,沪水务规范〔2024〕2号,上海市水务局,2024-07-31,有效,统一政策发布平台,https://www.shanghai.gov.cn/zhengce/detail/0004::03e1c2ca785e4fdbb8fe36c47c4be187,docs/市政与基础设施/上海市水务局关于延长《上海市非居民用水超定额累进加价制度实施细则》规范性文件有效期的通知.md
市政与基础设施,通知公告,市级,关于印发《上海市建筑和市政基础设施领域推动大规模设备更新专项行动方案（2024-2027）》的通知,沪建综计联〔2024〕380号,上海市住房和城乡建设管理委员会,2024-07-26,有效,统一政策发布平台,https://www.shanghai.gov.cn/zhengce/detail/0011::d97311c5e5e645b19631ad0772c67906,
市政与基础设施,通知公告,市级,上海市生态环境局关于印发《上海市国二非道路移动机械更新补贴申领指南》的通知,沪环大气〔2024〕135号,上海市生态环境局,2024-07-25,有效,统一政策发布平台,https://www.shanghai.gov.cn/zhengce/detail/0024::d8005a77d70d4734bc4dacddafbd1180,
市政与基础设施,实施意见,市级,市绿化市容局、市水务局关于印发《机动车清洗行业“—业一证”改革工作方案》的通知,沪绿容〔2024〕256号,上海市绿化和市容管理局,2024-06-24,有效,统一政策发布平台,https://www.shanghai.gov.cn/zhengce/detail/0039::bf5f0c00-b776-4438-913b-7d53aed68446,
市政与基础设施,实施意见,市级,关于发布《上海市鼓励国二非道路移动机械 更新工作方案》的通知,沪环大气〔2024〕116号,上海市生态环境局,2024-06-27,有效,统一政策发布平台,https://www.shanghai.gov.cn/zhengce/detail/0024::2ef2aff98f2f4e91ad76951dd864a81a,
市政与基础设施,办法,市级,上海市生态环境局、市发展改革委、市财政局 关于发布《上海市鼓励国二非道路移动机械更新补贴资金管理办法》的通知,沪环规〔2024〕8号,上海市生态环境局,2024-06-27,有效,统一政策发布平台,https://www.shanghai.gov.cn/zhengce/detail/0024::3725ed00a1324d3182c1a843aa1469e8,docs/市政与基础设施/上海市生态环境局、市发展改革委、市财政局 关于发布《上海市鼓励国二非道路移动机械更新补贴资金管理办法.md
市政与基础设施,规定,市级,上海市水务局关于印发《上海市水平衡测试管理规定》的通知,沪水务规范〔2024〕1号,上海市水务局,2024-06-19,有效,统一政策发布平台,https://www.shanghai.gov.cn/zhengce/detail/0004::f27ed54839b1435185668c61856a1eab,docs/市政与基础设施/上海市水务局关于印发《上海市水平衡测试管理规定》的通知.md
市政与基础设施,实施意见,区级,上海市奉贤区水务局关于印发《奉贤区第一批试点河道生态化治理工作方案》的通知,沪奉水务〔2024〕109号,上海市奉贤区水务局,2024-06-14,有效,统一政策发布平台,https://www.shanghai.gov.cn/zhengce/detail/0084::0084i20241104-nva2hfwklusrq3ybbl,
市政与基础设施,办法,其他,关于印发《临港新片区道路基础设施移交接管管理办法》的通知,沪自贸临管委〔2024〕61号,中国（上海）自由贸易试验区临港新片区管理委员会,2024-06-04,有效,统一政策发布平台,https://www.shanghai.gov.cn/zhengce/detail/0058::de9bca5f916041a79fe35a04992d70df,docs/市政与基础设施/关于印发《临港新片区道路基础设施移交接管管理办法》的通知.md
市政与基础设施,办法,市级,上海市水务局关于印发《上海市市属公共污水处理系统运营绩效考核办法（试行）》的通知,沪水务〔2024〕235号,上海市水务局,2024-05-21,有效,统一政策发布平台,https://www.shanghai.gov.cn/zhengce/detail/0004::9b229208aa7f4b63af25d7d1a53217d2,docs/市政与基础设施/上海市水务局关于印发《上海市市属公共污水处理系统运营绩效考核办法（试行）》的通知.md
市政与基础设施,审查与许可规则,市级,上海市水务局关于做好相关水务行政许可事项下放工作的通知,沪水务〔2024〕231号,上海市水务局,2024-05-24,有效,统一政策发布平台,https://www.shanghai.gov.cn/zhengce/detail/0004::d60d528e16154ca3adadd057e7b5a014,docs/市政与基础设施/上海市水务局关于做好相关水务行政许可事项下放工作的通知.md
市政与基础设施,办法,其他,关于印发《临港新片区道路设施维护项目管理办法》的通知,沪自贸临管委〔2024〕44号,中国（上海）自由贸易试验区临港新片区管理委员会,2024-05-13,有效,统一政策发布平台,https://www.shanghai.gov.cn/zhengce/detail/0058::32b0d686843949e5aff55b1a978e7bd2,docs/市政与基础设施/关于印发《临港新片区道路设施维护项目管理办法》的通知.md
市政与基础设施,通知公告,区级,关于印发《静安区建设、交通、水务领域安全生产治本攻坚三年行动方案（2024-2026年）》的通知,静建管委〔2024〕10号,上海市静安区建设和管理委员会,2024-05-08,有效,统一政策发布平台,https://www.shanghai.gov.cn/zhengce/detail/0072::bc9da458-300d-4cab-8dfe-dd4f9f2fa290,
市政与基础设施,通知公告,市级,上海市生态环境局上海市水务局上海市农业农村委员会关于进一步强化监管提升农村生活污水治理（管控）成效的通知,沪环生〔2024〕69号,上海市生态环境局,2024-04-28,有效,统一政策发布平台,https://www.shanghai.gov.cn/zhengce/detail/0024::19c721d334204701878790a09d6c8738,
市政与基础设施,通知公告,市级,上海市人民政府办公厅关于同意《上海市处置道路交通事故应急预案》的通知,沪府办〔2024〕25号,上海市人民政府办公厅,2024-04-23,有效,统一政策发布平台,https://www.shanghai.gov.cn/zhengce/detail/0001::65275456a2cb4b3ea1bf60d6beb11b98,
市政与基础设施,实施细则,区级,上海市奉贤区水务局关于印发《奉贤区水资源调度实施细则（试行）》的通知,沪奉水务〔2024〕74号,上海市奉贤区水务局,2024-04-24,有效,统一政策发布平台,https://www.shanghai.gov.cn/zhengce/detail/0084::0084i20241103-kog4pvz4sks7gb3lch,docs/市政与基础设施/上海市奉贤区水务局关于印发《奉贤区水资源调度实施细则（试行）》的通知.md
市政与基础设施,通知公告,市级,上海市交通委员会关于恢复本市集装箱道路运输挂车业务办理的通知,沪道运货〔2024〕200号,上海市交通委员会,2024-04-24,有效,统一政策发布平台,https://www.shanghai.gov.cn/zhengce/detail/0010::9bd707090f9c412687032574526b31a4,
市政与基础设施,办法,市级,上海市水务局关于印发《上海市水利专项项目管理办法（试行）》的通知,沪水务〔2024〕190号,上海市水务局,2024-04-24,有效,统一政策发布平台,https://www.shanghai.gov.cn/zhengce/detail/0004::2573e660ca474ee4a427cc02024081dd,docs/市政与基础设施/上海市水务局关于印发《上海市水利专项项目管理办法（试行）》的通知.md
市政与基础设施,实施意见,区级,关于印发宝山区水务行业安全生产治本攻坚三年行动实施方案（2024—2026年）的通知,宝水务〔2024〕11号,上海市宝山区水务局,2024-04-01,有效,统一政策发布平台,https://www.shanghai.gov.cn/zhengce/detail/0078::e280a66f-9a2c-4129-aea7-577dd947b6cd,
市政与基础设施,实施意见,市级,上海市水务局关于印发《坚持对标改革提升供排水服务持续优化营商环境工作方案》的通知,沪水务〔2024〕150号,上海市水务局,2024-04-02,有效,统一政策发布平台,https://www.shanghai.gov.cn/zhengce/detail/0004::165cceb73bf84cbc9c55b1fa783c0c8b,
市政与基础设施,通知公告,其他,关于印发《无驾驶人智能网联汽车车身标识及装置要求》《智能网联汽车安全员培训和管理规范》《智慧道路建设规范》的通知,沪自贸临管委〔2024〕35号,中国（上海）自由贸易试验区临港新片区管理委员会,2024-04-03,有效,统一政策发布平台,https://www.shanghai.gov.cn/zhengce/detail/0058::cedd94ad2f624b20842d9abd07d4aaa3,
市政与基础设施,通知公告,市级,上海市交通委员会关于进一步加强公路建设市场信用信息管理工作的通知,沪交建〔2024〕157号,上海市交通委员会,2024-04-02,有效,统一政策发布平台,https://www.shanghai.gov.cn/zhengce/detail/0010::bcc369ec632d4a5b8dd3684acd788f66,
市政与基础设施,通知公告,市级,上海市市场监督管理局关于印发《上海市民用水表、燃气表强制检定改革试点方案》的通知,沪市监计量〔2024〕128号,上海市市场监督管理局,2024-03-29,有效,统一政策发布平台,https://www.shanghai.gov.cn/zhengce/detail/0019::2c984a728e83e4b2018e974d56d64c2c,
市政与基础设施,通知公告,市级,上海市人民政府办公厅关于同意《上海市处置桥梁隧道运行事故应急预案》的通知,沪府办〔2024〕10号,上海市人民政府办公厅,2024-03-20,有效,统一政策发布平台,https://www.shanghai.gov.cn/zhengce/detail/0001::c065c61a3e2543f088fdb1b81143f51e,
市政与基础设施,通知公告,市级,关于加强本市政府投资项目绩效管理有关工作的通知,沪发改规范〔2024〕4号,上海市发展和改革委员会,2024-03-19,有效,统一政策发布平台,https://www.shanghai.gov.cn/zhengce/detail/0025::7e9126b5aa2a4626986a30e6d9cf6d1e,
市政与基础设施,审查与许可规则,市级,上海市水务局关于印发《上海市生产建设项目水土保持设施验收成果编制指南》的通知,沪水务〔2024〕111号,上海市水务局,2024-03-14,有效,统一政策发布平台,https://www.shanghai.gov.cn/zhengce/detail/0004::4780467d062044b7bedc6ded2dd97357,docs/市政与基础设施/上海市水务局关于印发《上海市生产建设项目水土保持设施验收成果编制指南》的通知.md
市政与基础设施,办法,市级,关于印发《上海市政府采购供应商信息登记管理办法》的通知,沪财发〔2024〕1号,上海市财政局,2024-02-07,有效,统一政策发布平台,https://www.shanghai.gov.cn/zhengce/detail/0017::xxfbdf0000022681,docs/市政与基础设施/关于印发《上海市政府采购供应商信息登记管理办法》的通知.md
市政与基础设施,通知公告,市级,关于划定浦东新区第二批自动驾驶开放测试道路的通知,沪交科〔2024〕19号,上海市交通委员会,2024-02-08,有效,统一政策发布平台,https://www.shanghai.gov.cn/zhengce/detail/0010::af6459360f854f19a4fbd5e223bc2ade,
市政与基础设施,通知公告,市级,关于建立市级道路应急抢险救灾工程队伍储备库的通知,沪道运设养〔2024〕16号,上海市道路运输管理局,2024-01-16,有效,统一政策发布平台,https://www.shanghai.gov.cn/zhengce/detail/0010::03b148c9d5bd4ea4bad6564eade049e8,
市政与基础设施,办法,市级,关于印发《上海市水务局（上海市海洋局）科研项目管理办法（试行）》的通知,沪水务〔2024〕23号,上海市水务局,2024-01-12,有效,统一政策发布平台,https://www.shanghai.gov.cn/zhengce/detail/0004::204124b27d6f423ea89eb7edc6268188,docs/市政与基础设施/关于印发《上海市水务局（上海市海洋局）科研项目管理办法（试行）》的通知.md
市政与基础设施,办法,市级,关于印发《上海市水务局（上海市海洋局）数字化项目管理办法（试行）》的通知,沪水务〔2024〕22号,上海市水务局,2024-01-12,有效,统一政策发布平台,https://www.shanghai.gov.cn/zhengce/detail/0004::ab25397c2ae94a8289bc97096d0dfc7a,docs/市政与基础设施/关于印发《上海市水务局（上海市海洋局）数字化项目管理办法（试行）》的通知.md
市政与基础设施,通知公告,市级,关于印发《上海市道路运输和交通设施企业安全风险分级管控和隐患排查治理双重预防机制建设指南》的通知,沪道运安〔2024〕14号,上海市道路运输管理局,2024-01-08,有效,统一政策发布平台,https://www.shanghai.gov.cn/zhengce/detail/0010::c1caa954473a4d958c6abd7e7183a5a5,
市政与基础设施,通知公告,市级,上海市水务局关于印发《上海市水务标准体系表》的通知,沪水务〔2024〕2号,上海市水务局,2024-01-02,有效,统一政策发布平台,https://www.shanghai.gov.cn/zhengce/detail/0004::040f84e3c4154c8e8b5608f2da344243,
市政与基础设施,通知公告,市级,上海市水务局关于建立上海市水土保持工作联席会议制度的通知,沪水务〔2023〕1115号,上海市水务局,2023-12-29,有效,统一政策发布平台,https://www.shanghai.gov.cn/zhengce/detail/0004::1178653f8ffa479c84a2b45e484bac77,
市政与基础设施,通知公告,区级,上海市崇明区人民政府办公室关于印发《上海市崇明区处置燃气事故应急预案》的通知,沪崇府办发〔2023〕31号,上海市崇明区人民政府办公室,2023-12-29,有效,统一政策发布平台,https://www.shanghai.gov.cn/zhengce/detail/0085::6cf4ce31-45a1-4930-98b7-126e8a6fc534,
市政与基础设施,实施细则,市级,上海市人民政府关于批转市发展改革委制订的《上海市政府核准的投资项目目录细则（2024年本）》《上海市政府备案的投资项目目录（2024年本）》的通知,沪府规〔2023〕19号,上海市人民政府,2023-12-28,有效,统一政策发布平台,https://www.shanghai.gov.cn/zhengce/detail/0001::a3ef4d7370024e3382f0c95cb9952d13,docs/市政与基础设施/上海市人民政府关于批转市发展改革委制订的《上海市政府核准的投资项目目录细则（2024年本）》《上海市.md
市政与基础设施,通知公告,市级,关于命名光复路等16条道路为上海市绿化特色道路的通知,沪绿容〔2023〕483号,上海市绿化和市容管理局,2023-12-19,有效,统一政策发布平台,https://www.shanghai.gov.cn/zhengce/detail/0039::038c7559-0e60-4003-bc4d-edad8b85261e,
市政与基础设施,审查与许可规则,其他,关于印发《临港新片区建设项目环评文件、水保方案、排污许可和排水许可综合审批实施方案》的通知,沪自贸临管委〔2023〕202号,中国（上海）自由贸易试验区临港新片区管理委员会,2023-12-30,有效,统一政策发布平台,https://www.shanghai.gov.cn/zhengce/detail/0058::2be5828d3ace4df89bbe4b51a8f071ea,docs/市政与基础设施/关于印发《临港新片区建设项目环评文件、水保方案、排污许可和排水许可综合审批实施方案》的通知.md
市政与基础设施,通知公告,市级,上海市道路运输管理局关于印发《面向“双碳”目标的道路运输行业可持续发展行动方案（2023-2025）》的通知,沪道运规〔2023〕327号,上海市道路运输管理局,2023-12-29,有效,统一政策发布平台,https://www.shanghai.gov.cn/zhengce/detail/0010::92226d8e005943858a770edee54dd2c8,
市政与基础设施,通知公告,市级,关于公布“2023年上海市户外招牌特色道路（街区）” 名单的通知,沪绿容〔2023〕478号,上海市绿化和市容管理局,2023-12-11,有效,统一政策发布平台,https://www.shanghai.gov.cn/zhengce/detail/0039::4c28c159-208c-4da4-b414-a8156f13961d,
市政与基础设施,办法,市级,关于印发《上海市政策性农业信贷担保资金管理办法》的通知,沪财发〔2023〕18号,上海市财政局,2023-12-21,有效,统一政策发布平台,https://www.shanghai.gov.cn/zhengce/detail/0017::xxfbdf0000022229,docs/市政与基础设施/关于印发《上海市政策性农业信贷担保资金管理办法》的通知.md
市政与基础设施,其他,区级,关于全面开征污水处理费的通告,嘉水务〔2023〕191号,上海市嘉定区水务局,2023-12-27,有效,统一政策发布平台,https://www.shanghai.gov.cn/zhengce/detail/0080::5_171618,
市政与基础设施,通知公告,市级,关于印发《上海市政府集中采购目录及标准（2024年版）》的通知,沪财采〔2023〕32号,上海市财政局,2023-12-22,有效,统一政策发布平台,https://www.shanghai.gov.cn/zhengce/detail/0017::xxfbdf0000022469,
市政与基础设施,通知公告,市级,上海市水务局关于更新有关水务标准化指导性技术文件编号的通知,沪水务〔2023〕1054号,上海市水务局,2023-12-18,有效,统一政策发布平台,https://www.shanghai.gov.cn/zhengce/detail/0004::18f59501d3694e8f82b22b23e12b3903,
市政与基础设施,办法,市级,上海市水务局关于印发《上海市公共供水水质信息公开管理办法》的通知,沪水务规范〔2023〕12号,上海市水务局,2023-12-11,有效,统一政策发布平台,https://www.shanghai.gov.cn/zhengce/detail/0004::b8da1c7e1a534091862079a4ea138d63,docs/市政与基础设施/上海市水务局关于印发《上海市公共供水水质信息公开管理办法》的通知.md
市政与基础设施,通知公告,市级,关于印发《关于健全本市政府采购全链条管理的行动方案（2024-2026年）》的通知,沪财采〔2023〕28号,上海市财政局,2023-11-30,有效,统一政策发布平台,https://www.shanghai.gov.cn/zhengce/detail/0017::xxfbdf0000022263,
市政与基础设施,通知公告,市级,关于发布《市道路运输局路政行业依申请行政权力事项实施清单（2023版）》的通知,沪道运设养〔2023〕194号,上海市道路运输管理局,2023-11-24,有效,统一政策发布平台,https://www.shanghai.gov.cn/zhengce/detail/0010::7835c524cb1e4975a316de66bdd895b3,
市政与基础设施,实施细则,区级,关于印发《上海市金山区超标排放加价污水处理费征收实施细则》的通知,金水务规范〔2023〕1号,上海市金山区水务局,2023-11-22,有效,统一政策发布平台,https://www.shanghai.gov.cn/zhengce/detail/0081::00814feac64449eb34ae19627e222ac5c8ef,docs/市政与基础设施/关于印发《上海市金山区超标排放加价污水处理费征收实施细则》的通知.md
市政与基础设施,审查与许可规则,市级,关于印发《在轨道交通安全保护区内作业审批办事指南》《在轨道交通安全保护区内作业方案的技术审查服务指南》的通知,沪交轨〔2023〕834号,上海市交通委员会,2023-11-22,有效,统一政策发布平台,https://www.shanghai.gov.cn/zhengce/detail/0010::aec35385b3bf40caac5eee1706dae2bc,docs/市政与基础设施/关于印发《在轨道交通安全保护区内作业审批办事指南》《在轨道交通安全保护区内作业方案的技术审查服务指南.md
市政与基础设施,实施细则,市级,关于修订《公路养护作业单位路基路面养护乙级资质审批告知承诺实施细则》的通知,沪道运设养〔2023〕183号,上海市道路运输管理局,2023-11-02,有效,统一政策发布平台,https://www.shanghai.gov.cn/zhengce/detail/0010::e4802c8273a54793b9aeb072ab513fb8,docs/市政与基础设施/关于修订《公路养护作业单位路基路面养护乙级资质审批告知承诺实施细则》的通知.md
市政与基础设施,实施意见,市级,上海市市场监督管理局关于印发《上海市市场监管系统城镇燃气安全专项整治实施方案》的通知,沪市监特种〔2023〕414号,上海市市场监督管理局,2023-08-25,有效,统一政策发布平台,https://www.shanghai.gov.cn/zhengce/detail/0019::2c984a728b800c24018b8447a8151489,
市政与基础设施,实施细则,市级,上海市道路运输管理局关于印发《上海市道路运输市场严重失信主体管理实施细则》的通知,沪道运行规〔2023〕4号,上海市道路运输管理局,2023-10-27,有效,统一政策发布平台,https://www.shanghai.gov.cn/zhengce/detail/0010::92ebf91008184e439f1b6c63a3a2cf31,docs/市政与基础设施/上海市道路运输管理局关于印发《上海市道路运输市场严重失信主体管理实施细则》的通知.md
市政与基础设施,通知公告,市级,关于完善我市农村生活污水处理设施用电价格政策有关事项的通知,沪发改价管〔2023〕52号,上海市发展和改革委员会,2023-10-25,有效,统一政策发布平台,https://www.shanghai.gov.cn/zhengce/detail/0025::aab3f7e2ef25499cb5853cc58a5b276a,
市政与基础设施,实施意见,区级,上海市奉贤区民政局关于印发《奉贤区养老服务机构燃气安全专项整治工作方案》的通知,沪奉民〔2023〕42号,上海市奉贤区民政局,2023-10-20,有效,统一政策发布平台,https://www.shanghai.gov.cn/zhengce/detail/0084::0084531,
市政与基础设施,通知公告,市级,关于印发《关于妥善处置行道树与道路公共设施关系的工作要求》的通知,沪绿容〔2023〕370号,上海市绿化和市容管理局,2023-09-26,有效,统一政策发布平台,https://www.shanghai.gov.cn/zhengce/detail/0039::c21c65b3-913e-46e5-a7c3-dcf74eeb05af,
市政与基础设施,实施细则,市级,关于印发《上海市道路交通事故社会救助基金管理实施细则》的通知,沪财发〔2023〕7号,上海市财政局,2023-08-31,有效,统一政策发布平台,https://www.shanghai.gov.cn/zhengce/detail/0017::xxfbdf0000021476,docs/市政与基础设施/关于印发《上海市道路交通事故社会救助基金管理实施细则》的通知.md
市政与基础设施,规划与计划,市级,上海市水务局关于印发《上海市供水可靠性管制计划（试行）》的通知,沪水务〔2023〕723号,上海市水务局,2023-09-25,有效,统一政策发布平台,https://www.shanghai.gov.cn/zhengce/detail/0004::fb504e09d09443e491520c4df9937963,
市政与基础设施,规划与计划,市级,上海市道路运输管理局关于印发《上海市公路驿站规划建设及运营管理指导意见》的通知,沪道运设养〔2023〕152号,上海市道路运输管理局,2023-09-04,有效,统一政策发布平台,https://www.shanghai.gov.cn/zhengce/detail/0010::9fd68933157c4a639c87005a2275be75,
市政与基础设施,实施意见,市级,上海市安全生产委员会关于印发上海市城镇燃气安全专项整治实施方案的通知,沪安委会〔2023〕9号,上海市应急管理局,2023-08-23,有效,统一政策发布平台,https://www.shanghai.gov.cn/zhengce/detail/0037::877de679021749a188d636599e1a07ef,
市政与基础设施,通知公告,市级,关于完善道路塌陷隐患防治联合工作机制的通知,沪道运设养〔2023〕156号,上海市道路运输管理局,2023-08-25,有效,统一政策发布平台,https://www.shanghai.gov.cn/zhengce/detail/0010::09640bd942d84e249b32e69407b437d6,
市政与基础设施,技术规定与导则,市级,上海市道路运输管理局关于暂定本市新能源集装箱运输车辆有关技术标准的通知,沪道运货〔2023〕150号,上海市道路运输管理局,2023-08-25,有效,统一政策发布平台,https://www.shanghai.gov.cn/zhengce/detail/0010::8b30d0ad981a4db3be4022130cd30455,docs/市政与基础设施/上海市道路运输管理局关于暂定本市新能源集装箱运输车辆有关技术标准的通知.md
市政与基础设施,通知公告,市级,关于贯彻落实交通运输部《关于做好洪水淹没后公路基础设施应急调查与评估工作的通知》的通知,沪道运设养〔2023〕143号,上海市道路运输管理局,2023-08-17,有效,统一政策发布平台,https://www.shanghai.gov.cn/zhengce/detail/0010::a5bb00ea4e00475bb80c72ab2f5f64ed,
市政与基础设施,通知公告,市级,关于发布《上海市公路设施编码规则、分类与编码标准（试行）》和《上海市公路设施管理数据字典（试行）》的通知,沪交道运 〔2023〕589号,上海市交通委员会,2023-08-15,有效,统一政策发布平台,https://www.shanghai.gov.cn/zhengce/detail/0010::0a22966e218a49699462cfc64f1b64de,
市政与基础设施,实施意见,区级,宝山区关于规范第三方掘路施工燃气管道设施安全保护的指导意见,宝建〔2023〕20号,上海市宝山区建设和管理委员会,2023-08-08,有效,统一政策发布平台,https://www.shanghai.gov.cn/zhengce/detail/0078::5abf239c-e9f5-48e7-8ec2-17a5c8c52eda,
市政与基础设施,实施意见,市级,上海市水务局关于印发《上海市排水管网低水位运行工作方案》的通知,沪水务〔2023〕524号,上海市水务局,2023-08-01,有效,统一政策发布平台,https://www.shanghai.gov.cn/zhengce/detail/0004::3b31ddb22e1e472cb488d044392bfd8e,
市政与基础设施,技术规定与导则,市级,上海市市场监督管理局关于超声波燃气表实施国家计量技术规范的通知,沪市监计量〔2023〕321号,上海市市场监督管理局,2023-06-30,有效,统一政策发布平台,https://www.shanghai.gov.cn/zhengce/detail/0019::2c984a72898c799a0189ab3e7fe22dd7,docs/市政与基础设施/上海市市场监督管理局关于超声波燃气表实施国家计量技术规范的通知.md
市政与基础设施,通知公告,市级,关于印发《上海市水务局“一网通办”帮办服务工作制度》的通知,沪水务〔2023〕495号,上海市水务局,2023-07-25,有效,统一政策发布平台,https://www.shanghai.gov.cn/zhengce/detail/0004::2586926e706d4d1481acbb7256ea7d72,
市政与基础设施,技术规定与导则,市级,关于印发《道路危险货物运输技术规范》（2023修订版）的通知,沪道运货〔2023〕124号,上海市道路运输管理局,2023-07-21,有效,统一政策发布平台,https://www.shanghai.gov.cn/zhengce/detail/0010::09c79cad421743878c209815bd831073,docs/市政与基础设施/关于印发《道路危险货物运输技术规范》（2023修订版）的通知.md
市政与基础设施,通知公告,市级,上海市水务局关于落实上海市生产建设项目水土保持信用监管“两单”制度的通知,沪水务〔2023〕434号,上海市水务局,2023-06-30,有效,统一政策发布平台,https://www.shanghai.gov.cn/zhengce/detail/0004::76017c3c57a342f2ad013b15c5d00b39,
市政与基础设施,通知公告,市级,关于发布道路旅客运输企业及省际汽车客运站质量信誉考核指标（2023版）的通知,沪道运客〔2023〕119号,上海市道路运输管理局,2023-07-11,有效,统一政策发布平台,https://www.shanghai.gov.cn/zhengce/detail/0010::d4c64bac424e4646ad295023201379f2,
市政与基础设施,规定,市级,上海市道路运输局关于贯彻落实《道路运输车辆技术管理规定》的通知,沪道运运服〔2023〕116号,上海市道路运输管理局,2023-07-05,有效,统一政策发布平台,https://www.shanghai.gov.cn/zhengce/detail/0010::eebd021aa18e45658cba8514041a5528,docs/市政与基础设施/上海市道路运输局关于贯彻落实《道路运输车辆技术管理规定》的通知.md
市政与基础设施,实施意见,市级,上海市水务局关于印发《在本市河湖治理中推进林水复合建设试点的指导意见》的通知,沪水务〔2023〕430号,上海市水务局,2023-06-30,有效,统一政策发布平台,https://www.shanghai.gov.cn/zhengce/detail/0004::61ce97f9e810446dba8a8264354618f8,
市政与基础设施,通知公告,市级,关于本市道路普通货运驾驶员从业资格证直接申领的通知,沪道运货〔2023〕114号,上海市道路运输管理局,2023-06-29,有效,统一政策发布平台,https://www.shanghai.gov.cn/zhengce/detail/0010::c04d4cfd6f1d4d289417d90a5017ef9f,
市政与基础设施,实施细则,市级,关于印发《上海市道路货物运输（除危险货物运输）经营许可告知承诺实施细则》的通知,沪道运货〔2023〕113号,上海市道路运输管理局,2023-06-29,有效,统一政策发布平台,https://www.shanghai.gov.cn/zhengce/detail/0010::de5e87c20e7e4ea7b30a65ff835d4332,docs/市政与基础设施/关于印发《上海市道路货物运输（除危险货物运输）经营许可告知承诺实施细则》的通知.md
市政与基础设施,通知公告,市级,关于切实做好夏季本市危险货物道路运输作业安全防范工作的通知,沪交道运 〔2023〕432号,上海市交通委员会,2023-06-19,有效,统一政策发布平台,https://www.shanghai.gov.cn/zhengce/detail/0010::a0d06a2b8ddb4fe9bbad53b9a4b90c9e,
市政与基础设施,通知公告,市级,关于进一步加强道路禁车柱与分隔栏杆整治工作的通知,沪道运设养〔2023〕112号,上海市道路运输管理局,2023-06-28,有效,统一政策发布平台,https://www.shanghai.gov.cn/zhengce/detail/0010::f13615b206864935bef0bea364d8c9b6,
市政与基础设施,办法,市级,上海市人民政府办公厅关于转发市政府台办、市发展改革委制订的《关于促进沪台经济文化交流合作的实施办法》的通知,沪府办规〔2023〕14号,上海市人民政府办公厅,2023-05-30,有效,统一政策发布平台,https://www.shanghai.gov.cn/zhengce/detail/0001::67428f9284014790acfb45d2c962b777,docs/市政与基础设施/上海市人民政府办公厅关于转发市政府台办、市发展改革委制订的《关于促进沪台经济文化交流合作的实施办法》.md
市政与基础设施,审查与许可规则,市级,关于本市停止制发部分道路运输纸质许可证件的公告,沪道运办〔2023〕110号,上海市道路运输管理局,2023-06-28,有效,统一政策发布平台,https://www.shanghai.gov.cn/zhengce/detail/0010::4d73020d1e6745d8baaf8db5437d0bdf,docs/市政与基础设施/关于本市停止制发部分道路运输纸质许可证件的公告.md
市政与基础设施,办法,市级,上海市水务局关于印发《上海市水闸安全鉴定工作管理办法》的通知,沪水务〔2023〕416号,上海市水务局,2023-06-21,有效,统一政策发布平台,https://www.shanghai.gov.cn/zhengce/detail/0004::a2265f4a8e524e639ca7739b6f523512,docs/市政与基础设施/上海市水务局关于印发《上海市水闸安全鉴定工作管理办法》的通知.md
市政与基础设施,技术规定与导则,市级,上海市水务局关于印发《上海市小型水闸安全评价导则》的通知,沪水务〔2023〕388号,上海市水务局,2023-06-12,有效,统一政策发布平台,https://www.shanghai.gov.cn/zhengce/detail/0004::35e0ec695f2945e1b3a943ee96e42ecc,docs/市政与基础设施/上海市水务局关于印发《上海市小型水闸安全评价导则》的通知.md
市政与基础设施,通知公告,市级,关于加强本市道路养护市场监督管理的通知,沪道运设养〔2023〕85号,上海市道路运输管理局,2023-05-29,有效,统一政策发布平台,https://www.shanghai.gov.cn/zhengce/detail/0010::a6bae87379e74995a2414fdc1f9f7385,
市政与基础设施,技术规定与导则,市级,上海市水务局关于印发《上海市圩区治理导则（试行）》的通知,沪水务〔2023〕336号,上海市水务局,2023-05-15,有效,统一政策发布平台,https://www.shanghai.gov.cn/zhengce/detail/0004::8708556fc9d345d3b48e768228237ff6,docs/市政与基础设施/上海市水务局关于印发《上海市圩区治理导则（试行）》的通知.md
市政与基础设施,通知公告,市级,上海市道路运输管理局关于印发《上海市公共汽车和电车客运服务规范》的通知,沪道运行规〔2023〕3号,上海市道路运输管理局,2023-05-22,有效,统一政策发布平台,https://www.shanghai.gov.cn/zhengce/detail/0010::8625457775c24b37a2330154b8aaa100,
市政与基础设施,技术规定与导则,市级,关于印发《上海市道路、公共广场等废物箱配置导则（2023版）》的通知,沪绿容〔2023〕175号,上海市绿化和市容管理局,2023-05-05,有效,统一政策发布平台,https://www.shanghai.gov.cn/zhengce/detail/0039::8ed278f4-e75c-45bf-b33c-663df742a1b7,docs/市政与基础设施/关于印发《上海市道路、公共广场等废物箱配置导则（2023版）》的通知.md
市政与基础设施,通知公告,市级,上海市水务局关于印发《上海市生产建设项目水土保持全过程管理工作指南》的通知,沪水务〔2023〕320号,上海市水务局,2023-05-15,有效,统一政策发布平台,https://www.shanghai.gov.cn/zhengce/detail/0004::c347089ba4b045b9b70a3ff1cab57b99,
市政与基础设施,办法,市级,上海市生态环境局关于印发《上海市非道路移动机械申报登记和标志管理办法》的通知,沪环规〔2023〕3号,上海市生态环境局,2023-05-09,有效,统一政策发布平台,https://www.shanghai.gov.cn/zhengce/detail/0024::e462f86319cc40d98378621ebb63a6a8,docs/市政与基础设施/上海市生态环境局关于印发《上海市非道路移动机械申报登记和标志管理办法》的通知.md
市政与基础设施,通知公告,市级,上海市道路运输管理局关于公布2022年度机动车维修、机动车驾驶员培训、清障施救牵引行业AAA级质量信誉企业的通知,沪道运运服〔2023〕74号,上海市道路运输管理局,2023-05-08,有效,统一政策发布平台,https://www.shanghai.gov.cn/zhengce/detail/0010::b87509c9e9434de9bfe05987a6e80282,
市政与基础设施,通知公告,市级,关于持续强化开展道路危险货运企业安全评估和道路货运驾驶员诚信考核工作的通知,沪道运货〔2023〕72号,上海市道路运输管理局,2023-05-05,有效,统一政策发布平台,https://www.shanghai.gov.cn/zhengce/detail/0010::bb917fabad1b4afdb1495ab678a91316,
市政与基础设施,实施意见,市级,关于印发《关于开展上海市道路旅客运输省际班车客运定制服务试点的实施意见》的通知,沪道运客〔2023〕71号,上海市道路运输管理局,2023-05-04,有效,统一政策发布平台,https://www.shanghai.gov.cn/zhengce/detail/0010::63d4598f8ae6492fa7788a50d7eb4ef8,
市政与基础设施,通知公告,市级,上海市道路运输管理局关于暂停受理本市集装箱道路运输新增运力申请的通知,沪道运货〔2023〕67号,上海市道路运输管理局,2023-04-24,有效,统一政策发布平台,https://www.shanghai.gov.cn/zhengce/detail/0010::15f8aa1cb442401a823265c18bfa03eb,
市政与基础设施,通知公告,市级,上海市水务局关于进一步做好水土保持相关工作的通知,沪水务〔2023〕244号,上海市水务局,2023-04-23,有效,统一政策发布平台,https://www.shanghai.gov.cn/zhengce/detail/0004::eed51ee687c64228ae227d03633588cd,
市政与基础设施,通知公告,市级,关于切实做好综合业务平台道路货运数据清理工作的通知,沪道运货〔2023〕60号,上海市道路运输管理局,2023-04-21,有效,统一政策发布平台,https://www.shanghai.gov.cn/zhengce/detail/0010::af1d8cd1e4f94473abe53617fb53cb35,
市政与基础设施,规划与计划,市级,关于联合印发《长三角生态绿色一体化发展示范区燃气专项规划（2021-2035年）》的通知,沪建设施联〔2023〕183号,上海市住房和城乡建设管理委员会,2023-04-19,有效,统一政策发布平台,https://www.shanghai.gov.cn/zhengce/detail/0011::624410e48012468b96c395b7d1e5599e,
市政与基础设施,通知公告,市级,上海市道路运输管理局关于印发《上海市出租汽车客运服务规范》的通知,沪道运行规〔2023〕2号,上海市道路运输管理局,2023-04-14,有效,统一政策发布平台,https://www.shanghai.gov.cn/zhengce/detail/0010::ac4f74600d764d03ba86d47f17ac15c9,
市政与基础设施,规定,市级,上海市道路运输管理局关于印发《上海市出租汽车小客车车辆规定》的通知,沪道运行规〔2023〕1号,上海市道路运输管理局,2023-04-14,有效,统一政策发布平台,https://www.shanghai.gov.cn/zhengce/detail/0010::88daa4c7381b46b693b8f3352a085a1a,docs/市政与基础设施/上海市道路运输管理局关于印发《上海市出租汽车小客车车辆规定》的通知.md
市政与基础设施,实施意见,市级,上海市水务局印发《关于集成创新供排水接入改革持续优化营商环境工作方案》的通知,沪水务〔2023〕185号,上海市水务局,2023-04-03,有效,统一政策发布平台,https://www.shanghai.gov.cn/zhengce/detail/0004::1ed95ab3d862401c9f956070b76e26ff,
市政与基础设施,通知公告,市级,关于进一步加强道路检查井盖病害整治工作的通知,沪道运设养〔2023〕40号,上海市道路运输管理局,2023-03-30,有效,统一政策发布平台,https://www.shanghai.gov.cn/zhengce/detail/0010::2f2eac200268487d910ae380874b7982,
市政与基础设施,办法,市级,关于延长《上海市政府采购评审专家和评审工作管理办法》有效期的通知,沪财发〔2023〕3号,上海市财政局,2023-03-20,有效,统一政策发布平台,https://www.shanghai.gov.cn/zhengce/detail/0017::xxfbdf0000020842,docs/市政与基础设施/关于延长《上海市政府采购评审专家和评审工作管理办法》有效期的通知.md
市政与基础设施,通知公告,市级,关于切实提升高速公路服务品质相关工作的通知,沪道运设养〔2023〕28号,上海市道路运输管理局,2023-03-21,有效,统一政策发布平台,https://www.shanghai.gov.cn/zhengce/detail/0010::33f21af18ff24dbe8f49f39455eb972f,
市政与基础设施,实施意见,其他,关于印发《中国（上海）自由贸易试验区临港新片区管线管理指导意见》的通知,沪自贸临管委〔2023〕41号,中国（上海）自由贸易试验区临港新片区管理委员会,2023-03-15,有效,统一政策发布平台,https://www.shanghai.gov.cn/zhengce/detail/0058::3735e2ce8f344aec9311ac1baf75a0a7,
市政与基础设施,通知公告,市级,关于进一步规范农村公路命名管理工作的通知,沪道运设养〔2023〕20号,上海市道路运输管理局,2023-03-03,有效,统一政策发布平台,https://www.shanghai.gov.cn/zhengce/detail/0010::545345af7e9c4f98ba18f015ad723a72,
市政与基础设施,实施细则,市级,上海市水务局关于印发 《上海市供水水质管理细则》的通知,沪水务规范〔2023〕6号,上海市水务局,2023-01-20,有效,统一政策发布平台,https://www.shanghai.gov.cn/zhengce/detail/0004::7a59a925813e4f689dcd6f8145932d90,docs/市政与基础设施/上海市水务局关于印发 《上海市供水水质管理细则》的通知.md
市政与基础设施,审查与许可规则,市级,关于印发《上海市道路运输行业行政许可事项依职权注销制度》的通知,沪道运办〔2023〕11号,上海市道路运输管理局,2023-02-15,有效,统一政策发布平台,https://www.shanghai.gov.cn/zhengce/detail/0010::8ce804c3fee24bcfac3e956c88b8d75a,docs/市政与基础设施/关于印发《上海市道路运输行业行政许可事项依职权注销制度》的通知.md
市政与基础设施,规定,市级,上海市人民政府办公厅转发市水务局修订的《关于本市市管河道及其管理范围的规定》的通知,沪府办规〔2023〕5号,上海市人民政府办公厅,2023-01-28,有效,统一政策发布平台,https://www.shanghai.gov.cn/zhengce/detail/0001::8e59059744dc4fe6a5a679340c12272a,docs/市政与基础设施/上海市人民政府办公厅转发市水务局修订的《关于本市市管河道及其管理范围的规定》的通知.md
市政与基础设施,实施细则,市级,关于修订印发《上海市公共停车场（库）经营备案告知承诺实施细则（2023版）》的通知,沪道运设运〔2023〕3号,上海市道路运输管理局,2023-01-20,有效,统一政策发布平台,https://www.shanghai.gov.cn/zhengce/detail/0010::bb0cda2120234733bc596b010707c59e,docs/市政与基础设施/关于修订印发《上海市公共停车场（库）经营备案告知承诺实施细则（2023版）》的通知.md
市政与基础设施,通知公告,市级,关于命名瑞金南路等16条道路为上海市绿化特色道路的通知,沪绿容〔2023〕8号,上海市绿化和市容管理局,2023-01-10,有效,统一政策发布平台,https://www.shanghai.gov.cn/zhengce/detail/0039::e517e447-6a05-4d29-b32c-c0da41b65944,
市政与基础设施,实施细则,市级,关于印发《上海市超标排放加价污水处理费征收实施细则》的通知,沪水务规范〔2023〕1号,上海市水务局,2023-01-06,有效,统一政策发布平台,https://www.shanghai.gov.cn/zhengce/detail/0004::9f27f67bc76649f697e34c12da4e7a36,docs/市政与基础设施/关于印发《上海市超标排放加价污水处理费征收实施细则》的通知.md
市政与基础设施,通知公告,市级,关于公布“2022年上海市户外招牌特色道路（街区）” 名单的通知,沪绿容〔2022〕356号,上海市绿化和市容管理局,2022-12-21,有效,统一政策发布平台,https://www.shanghai.gov.cn/zhengce/detail/0039::69b26d02-a3f0-4360-a5c9-2e0a2a906fb1,
市政与基础设施,审查与许可规则,市级,关于调整市政交通工程监督登记等13项市级交通建设类行政审批事项办事指南有关内容的通知,沪交建〔2022〕787号,上海市交通委员会,2022-11-14,有效,统一政策发布平台,https://www.shanghai.gov.cn/zhengce/detail/0010::62b074b8f7f74502b11bb66ea46e69f2,docs/市政与基础设施/关于调整市政交通工程监督登记等13项市级交通建设类行政审批事项办事指南有关内容的通知.md
市政与基础设施,审查与许可规则,市级,上海市交通委员会关于区管省道、省市对接道路、区区对接道路相关审批权限下放各区的通知,沪交建〔2022〕868号,上海市交通委员会,2022-12-12,有效,统一政策发布平台,https://www.shanghai.gov.cn/zhengce/detail/0010::3cc7e42653a549dc9d2bc17f6ae6c763,docs/市政与基础设施/上海市交通委员会关于区管省道、省市对接道路、区区对接道路相关审批权限下放各区的通知.md
市政与基础设施,通知公告,市级,上海市水务局关于印发《上海市河道维修养护项目招标文件格式文本》和《上海市河道维修养护合同示范文本》的通知,沪水务〔2022〕1045号,上海市水务局,2022-12-08,有效,统一政策发布平台,https://www.shanghai.gov.cn/zhengce/detail/0004::4bec4b9a77a64cfdaf65e1ae822c47c0,
市政与基础设施,办法,市级,关于印发《上海市水务局公共数据管理办法》的通知,沪水务〔2022〕935号,上海市水务局,2022-11-18,有效,统一政策发布平台,https://www.shanghai.gov.cn/zhengce/detail/0004::c0e2887dedcb48eea509ca9ff01fb1c6,docs/市政与基础设施/关于印发《上海市水务局公共数据管理办法》的通知.md
市政与基础设施,技术规定与导则,市级,上海市水务局关于印发《上海市河道维修养护技术规程》的通知,沪水务〔2022〕901号,上海市水务局,2022-11-09,有效,统一政策发布平台,https://www.shanghai.gov.cn/zhengce/detail/0004::ee9dfc13e126437087633912d4872e49,docs/市政与基础设施/上海市水务局关于印发《上海市河道维修养护技术规程》的通知.md
市政与基础设施,其他,市级,关于应春荣《道路运输企业主要负责人和安全生产管理人员安全考核证明》作废的决定,沪道运安〔2022〕170号,上海市道路运输管理局,2022-11-03,有效,统一政策发布平台,https://www.shanghai.gov.cn/zhengce/detail/0010::1d4270fbca5d428194e9318a7a59e47d,
市政与基础设施,规划与计划,市级,关于进一步加强本市道路挖掘计划管理的通知,沪道运设养〔2022〕166号,上海市道路运输管理局,2022-10-27,有效,统一政策发布平台,https://www.shanghai.gov.cn/zhengce/detail/0010::c3a6ce62e72b4dddb984e0f519502a28,
市政与基础设施,实施意见,市级,关于印发《上海市公路安全设施和交通秩序管理精细化提升行动实施方案》的通知,沪交道运 〔2022〕373号,上海市交通委员会,2022-06-28,有效,统一政策发布平台,https://www.shanghai.gov.cn/zhengce/detail/0010::ee49f07b523a4894ac3c08b444224aaa,
市政与基础设施,实施意见,市级,上海市交通委员会关于印发《上海市道路设施和养护作业安全隐患排查治理指导意见（试行）》的通知,沪交道运 〔2022〕74号,上海市交通委员会,2022-02-11,有效,统一政策发布平台,https://www.shanghai.gov.cn/zhengce/detail/0010::739006a8c5be444a884ce62e3fb0acb9,
市政与基础设施,通知公告,市级,上海市水务局关于进一步明确水利工程责任单位责任人质量终身责任追究有关事项的通知,沪水务〔2022〕863号,上海市水务局,2022-10-25,有效,统一政策发布平台,https://www.shanghai.gov.cn/zhengce/detail/0004::3cae5ce7ee07492e9910759688ee5448,
市政与基础设施,通知公告,市级,上海市水务局关于落实缓缴本市水土保持补偿费等三项行政事业性收费措施的通知,沪水务〔2022〕855号,上海市水务局,2022-10-24,有效,统一政策发布平台,https://www.shanghai.gov.cn/zhengce/detail/0004::6b4c92a47f484a0d9baa1e7d331b692f,
市政与基础设施,规划与计划,市级,关于印发《上海市道路旅客运输行业“十四五”发展规划》的通知,沪道运客〔2022〕156号,上海市道路运输管理局,2022-10-17,有效,统一政策发布平台,https://www.shanghai.gov.cn/zhengce/detail/0010::d41ccec429984edca33c0b8cda1f7052,
市政与基础设施,通知公告,市级,关于印发《上海市公路沿线充电基础设施建设行动方案》的通知（交通委、发改委、道运局、上海电力）,沪交科〔2022〕596号,上海市交通委员会,2022-09-20,有效,统一政策发布平台,https://www.shanghai.gov.cn/zhengce/detail/0010::b27e2987fbd44679b18f2791879f8d35,
市政与基础设施,通知公告,市级,关于印发本市道路客运班线经营权评议考核指标的通知,沪道运客〔2022〕150号,上海市道路运输管理局,2022-09-29,有效,统一政策发布平台,https://www.shanghai.gov.cn/zhengce/detail/0010::8988b7972ad34e9bb8d799c3ec707201,
市政与基础设施,通知公告,市级,关于开展高速公路拥堵节点改善提升工作的通知,沪道运设运〔2022〕146号,上海市道路运输管理局,2022-09-26,有效,统一政策发布平台,https://www.shanghai.gov.cn/zhengce/detail/0010::22c1cd8dc3c447e6b21b8483b7caedaf,
市政与基础设施,规划与计划,区级,关于印发《杨浦区公共停车设施建设规划（2021-2025）》的通知,杨府发〔2022〕9号,上海市杨浦区人民政府办公室,2022-09-21,有效,统一政策发布平台,https://www.shanghai.gov.cn/zhengce/detail/0077::007792280458f4b024d7ad4ee8b4da035097,
市政与基础设施,通知公告,市级,上海市市场监督管理局 上海市发展和改革委员会 上海市水务局关于进一步规范本市转供水价格行为的通知,沪市监垄价〔2022〕404号,上海市市场监督管理局,2022-09-15,有效,统一政策发布平台,https://www.shanghai.gov.cn/zhengce/detail/0019::2c984ad6834461de0183453de3820b10,
市政与基础设施,实施意见,市级,关于印发《上海市水务局系统落实“谁执法谁普法”普法责任制实施方案》的通知,沪水务〔2022〕707号,上海市水务局,2022-09-16,有效,统一政策发布平台,https://www.shanghai.gov.cn/zhengce/detail/0004::8d274e0a810d4aee9dd35ba3c8cc1576,
市政与基础设施,技术规定与导则,市级,关于印发《上海市智慧高速公路建设技术导则》的通知,沪交道运 〔2022〕564号,上海市交通委员会,2022-09-13,有效,统一政策发布平台,https://www.shanghai.gov.cn/zhengce/detail/0010::315acb352b6041e7b9fcf562a612a5bd,docs/市政与基础设施/关于印发《上海市智慧高速公路建设技术导则》的通知.md
市政与基础设施,实施意见,市级,上海市市场监督管理局关于转发《上海市安全生产委员会关于印发上海市城镇燃气安全整治“百日行动”工作方案的通知》的通知,沪市监特种〔2022〕401号,上海市市场监督管理局,2022-09-13,有效,统一政策发布平台,https://www.shanghai.gov.cn/zhengce/detail/0019::2c984ad6833b77d7018343db8bb52435,
市政与基础设施,办法,市级,上海市人民政府办公厅关于印发《上海市政府质量奖管理办法》的通知,沪府办规〔2022〕9号,上海市人民政府办公厅,2022-08-31,有效,统一政策发布平台,https://www.shanghai.gov.cn/zhengce/detail/0001::828ad3022bc94b949e86766459eb9358,docs/市政与基础设施/上海市人民政府办公厅关于印发《上海市政府质量奖管理办法》的通知.md
市政与基础设施,规定,市级,市交通委、市道路运输局、市公安局、 市发展改革委、市财政局关于印发《上海市道路停车场管理规定》的通知,沪交行规〔2022〕11号,上海市交通委员会,2022-09-07,有效,统一政策发布平台,https://www.shanghai.gov.cn/zhengce/detail/0010::94e4887525104c6a86761eb55f3d2583,docs/市政与基础设施/市交通委、市道路运输局、市公安局、 市发展改革委、市财政局关于印发《上海市道路停车场管理规定》的通知.md
市政与基础设施,规定,市级,上海市交通委员会关于贯彻落实 《公共交通企业信息公开规定》的通知,沪交办〔2022〕534号,上海市交通委员会,2022-08-31,有效,统一政策发布平台,https://www.shanghai.gov.cn/zhengce/detail/0010::d44561a176ff4434b5a29a718f4201be,docs/市政与基础设施/上海市交通委员会关于贯彻落实 《公共交通企业信息公开规定》的通知.md
市政与基础设施,其他,市级,关于沿江通道西延伸（江杨北路-富长路）改建工程涉及原市公路处部分带征土地的协调意见,沪道运设养〔2022〕135号,上海市道路运输管理局,2022-08-25,有效,统一政策发布平台,https://www.shanghai.gov.cn/zhengce/detail/0010::3a2d3e2a2ad0440fbab8298e3947914a,
市政与基础设施,通知公告,市级,关于印发《高速公路设施整治提升标准》和《高速公路养护质量提升标准》的通知,沪道运设养〔2022〕134号,上海市道路运输管理局,2022-08-25,有效,统一政策发布平台,https://www.shanghai.gov.cn/zhengce/detail/0010::bd4f9779340e43b180e6794b0c1ce921,
市政与基础设施,审查与许可规则,区级,闵行区水务局关于印发上海市水务局下放的三项行政审批事项办事指南的通知,闵水务〔2022〕39号,上海市闵行区水务局,2022-08-05,有效,统一政策发布平台,https://www.shanghai.gov.cn/zhengce/detail/0079::F7BA3AE6-3697-11ED-B0FD-BBE7923E4D3D,docs/市政与基础设施/闵行区水务局关于印发上海市水务局下放的三项行政审批事项办事指南的通知.md
市政与基础设施,其他,市级,上海市交通委员会、上海市应急局、上海市公安局 关于进一步加强本市危险货物（危险化学品）道路运输储运环节管理的通告,沪交发 〔2022〕8号,上海市交通委员会,2022-08-03,有效,统一政策发布平台,https://www.shanghai.gov.cn/zhengce/detail/0010::d882ed75db85487d9fac12d5d022d94c,
市政与基础设施,通知公告,市级,上海市道路运输管理局关于公布2021年度机动车维修、机动车驾驶员培训、道路清障施救牵引行业AAA级质量信誉企业的通知,沪道运运服〔2022〕127号,上海市道路运输管理局,2022-08-05,有效,统一政策发布平台,https://www.shanghai.gov.cn/zhengce/detail/0010::ae634656716f4ebeb3dc8c8d8e58b31f,
市政与基础设施,通知公告,市级,上海市道路运输管理局关于印发《上海市道路养护市场信用评价标准（试行）》的通知,沪道运设养〔2022〕123号,上海市道路运输管理局,2022-08-03,有效,统一政策发布平台,https://www.shanghai.gov.cn/zhengce/detail/0010::9ac0cce5d2d6454e8a112181a2a0ea1c,
市政与基础设施,办法,市级,上海市交通委员会关于印发《上海市道路养护市场信用信息管理办法》的通知,沪交行规〔2022〕7号,上海市交通委员会,2022-07-25,有效,统一政策发布平台,https://www.shanghai.gov.cn/zhengce/detail/0010::039e6fb98970457e942bd892e6d1092a,docs/市政与基础设施/上海市交通委员会关于印发《上海市道路养护市场信用信息管理办法》的通知.md
市政与基础设施,技术规定与导则,市级,上海市水务局关于印发《上海市水利工程前期成果审查技术导则》的通知,沪水务〔2022〕587号,上海市水务局,2022-07-29,有效,统一政策发布平台,https://www.shanghai.gov.cn/zhengce/detail/0004::7f15aa824aad452e9f297ab6428c5cd2,docs/市政与基础设施/上海市水务局关于印发《上海市水利工程前期成果审查技术导则》的通知.md
市政与基础设施,实施意见,市级,上海市水务局印发《关于深化供排水接入改革持续优化营商环境工作方案》的通知,沪水务〔2022〕575号,上海市水务局,2022-07-27,有效,统一政策发布平台,https://www.shanghai.gov.cn/zhengce/detail/0004::5615c0aceed3472a80ce47486dae85c2,
市政与基础设施,通知公告,市级,关于印发《收费高速公路运营养护服务质量评价方案》的通知,沪道运设养〔2022〕119号,上海市道路运输管理局,2022-07-27,有效,统一政策发布平台,https://www.shanghai.gov.cn/zhengce/detail/0010::a2365d1852a34a60bbf54021d94c8506,
市政与基础设施,办法,市级,关于印发《上海市水务局“一网通办”管理办法（试行）》的通知,沪水务〔2022〕517号,上海市水务局,2022-07-18,有效,统一政策发布平台,https://www.shanghai.gov.cn/zhengce/detail/0004::b67831c4281648e3b959d1d87b383e36,docs/市政与基础设施/关于印发《上海市水务局“一网通办”管理办法（试行）》的通知.md
市政与基础设施,审查与许可规则,市级,关于修订道路运输车辆动态监控平台备案要求的通知,沪道运规〔2022〕113号,上海市道路运输管理局,2022-07-18,有效,统一政策发布平台,https://www.shanghai.gov.cn/zhengce/detail/0010::94cf5214427f4ce7ae02510d6ec3b4d5,docs/市政与基础设施/关于修订道路运输车辆动态监控平台备案要求的通知.md
市政与基础设施,通知公告,市级,关于印发《轨道交通突发事件交通保障应急预案》《上海市公共汽电车运营突发事件应急处置预案》《上海市节假日期间非重大活动突发大客流交通应急保障预案》（2022年修订版）的通知,沪道运客〔2022〕116号,上海市道路运输管理局,2022-07-15,有效,统一政策发布平台,https://www.shanghai.gov.cn/zhengce/detail/0010::00d60e51ed6742e596e9eb0410868c11,
市政与基础设施,通知公告,市级,上海市水务局关于推进《生活饮用水卫生标准》（GB5749-2022）实施工作的通知,沪水务〔2022〕471号,上海市水务局,2022-07-12,有效,统一政策发布平台,https://www.shanghai.gov.cn/zhengce/detail/0004::b5b9655bfa5b4ac5928ef9d1b77b3bd2,
市政与基础设施,技术规定与导则,市级,上海市水务局关于印发《上海市应急供水（回灌）深井建设与运行技术导则》的通知,沪水务〔2022〕340号,上海市水务局,2022-06-29,有效,统一政策发布平台,https://www.shanghai.gov.cn/zhengce/detail/0004::555a4dc5a60d42458d16c55a9ed0689c,docs/市政与基础设施/上海市水务局关于印发《上海市应急供水（回灌）深井建设与运行技术导则》的通知.md
市政与基础设施,通知公告,市级,上海市水务局关于印发《上海市生产建设项目水土保持监测成果编制指南》的通知,沪水务〔2022〕339号,上海市水务局,2022-06-29,有效,统一政策发布平台,https://www.shanghai.gov.cn/zhengce/detail/0004::bc93b53a027544f19fd356f4d470eaf5,
市政与基础设施,通知公告,市级,上海市水务局关于印发《生活饮用水用聚硫氯化铝》的通知,沪水务〔2022〕338号,上海市水务局,2022-06-29,有效,统一政策发布平台,https://www.shanghai.gov.cn/zhengce/detail/0004::2611f38d85f64d09ab18eee5a88cc7c0,
市政与基础设施,审查与许可规则,市级,上海市水务局关于做好水务行政许可事项下放工作的通知,沪水务〔2022〕310号,上海市水务局,2022-06-22,有效,统一政策发布平台,https://www.shanghai.gov.cn/zhengce/detail/0004::440b318907094681883cd41351cfe0bf,docs/市政与基础设施/上海市水务局关于做好水务行政许可事项下放工作的通知.md
市政与基础设施,实施意见,市级,上海市水务局关于印发《上海市水土保持补偿费免征“免申即享”工作方案》的通知,沪水务〔2022〕304号,上海市水务局,2022-06-20,有效,统一政策发布平台,https://www.shanghai.gov.cn/zhengce/detail/0004::9f3a14ee66cc4faf8359ec464c4dc075,
市政与基础设施,通知公告,市级,上海市水务局关于调整太浦河部分河道管理范围划定成果的公告,沪水务〔2022〕255号,上海市水务局,2022-05-26,有效,统一政策发布平台,https://www.shanghai.gov.cn/zhengce/detail/0004::501c1c9f06d14dde929914bc133c5ab4,
市政与基础设施,通知公告,市级,上海市交通委员会关于本市道路货运行业《重点物资运输车辆通行证》申请事项的通知,沪交道运 〔2022〕178号,上海市交通委员会,2022-04-19,有效,统一政策发布平台,https://www.shanghai.gov.cn/zhengce/detail/0010::911026c472554f47be3ae98558231274,
市政与基础设施,通知公告,市级,关于加快推进本市智慧停车场（库）建设的通知,沪道运设运〔2022〕63号,上海市道路运输管理局,2022-04-06,有效,统一政策发布平台,https://www.shanghai.gov.cn/zhengce/detail/0010::6a4bc2aad5234f51941cea7996bb40a7,
市政与基础设施,通知公告,市级,关于规范公路命名等事项下放后管理工作的通知,沪道运设养〔2022〕54号,上海市道路运输管理局,2022-03-15,有效,统一政策发布平台,https://www.shanghai.gov.cn/zhengce/detail/0010::7b19f7c9f8a64742bb16e2b5aaf2be55,
市政与基础设施,其他,市级,关于严永清等6人《道路运输企业主要负责人和安全生产管理人员安全考核证明》作废的决定,沪道运安〔2022〕46号,上海市道路运输管理局,2022-03-07,有效,统一政策发布平台,https://www.shanghai.gov.cn/zhengce/detail/0010::0cfae89f5fe6430c8f676e2b96dc4e81,
市政与基础设施,其他,市级,关于曹建华等7人《道路运输企业主要负责人和安全生产管理人员安全考核证明》作废的决定,沪道运安〔2022〕45号,上海市道路运输管理局,2022-03-07,有效,统一政策发布平台,https://www.shanghai.gov.cn/zhengce/detail/0010::7999b88b8fd54c3e989a550e7b26e40e,
市政与基础设施,审查与许可规则,市级,关于进一步严格本市危险货物道路运输企业许可延续工作的通知,沪道运货〔2022〕35号,上海市道路运输管理局,2022-02-28,有效,统一政策发布平台,https://www.shanghai.gov.cn/zhengce/detail/0010::dfa0a67609794e3ab301c30ee6b7e02a,docs/市政与基础设施/关于进一步严格本市危险货物道路运输企业许可延续工作的通知.md
市政与基础设施,规划与计划,区级,闵行区人民政府关于同意《闵行区城镇  雨水排水规划（2021-2035 年）》的批复,闵府〔2022〕32号,上海市闵行区人民政府办公室,2022-02-24,有效,统一政策发布平台,https://www.shanghai.gov.cn/zhengce/detail/0079::ad8bc72a-9716-4c10-a671-e81c3f2a7219,
市政与基础设施,办法,市级,关于印发《上海市特大桥梁、发射塔、高层建筑设置强震动监测设施管理办法》的通知,沪震规〔2022〕2号,上海市地震局,2022-02-21,有效,统一政策发布平台,https://www.shanghai.gov.cn/zhengce/detail/0110::6c4f22edf832415499bf45678e786238,docs/市政与基础设施/关于印发《上海市特大桥梁、发射塔、高层建筑设置强震动监测设施管理办法》的通知.md
市政与基础设施,通知公告,市级,上海市生态环境局、江苏省生态环境厅、浙江省生态环境厅、安徽省生态环境厅关于长三角地区非道路移动机械识别标志互认事宜的通知,沪环气〔2022〕40号,上海市生态环境局,2022-02-21,有效,统一政策发布平台,https://www.shanghai.gov.cn/zhengce/detail/0024::f1af62b71e4a4a9e9d945e755c130a05,
市政与基础设施,规划与计划,市级,关于印发《上海市“十四五”道路货运行业发展规划》的通知,沪道运货〔2022〕32号,上海市道路运输管理局,2022-02-21,有效,统一政策发布平台,https://www.shanghai.gov.cn/zhengce/detail/0010::6096a355b6d14b35abd8d8e1a38b010c,
市政与基础设施,通知公告,市级,关于进一步加强大件运输车辆行驶公路核查管理工作的通知,沪道运设养〔2022〕24号,上海市道路运输管理局,2022-01-29,有效,统一政策发布平台,https://www.shanghai.gov.cn/zhengce/detail/0010::1c9d620f322148568f67e6405094499c,
市政与基础设施,实施意见,市级,关于贯彻落实《关于进一步深化本市道路养护市场化改革促进行业健康发展的指导意见》的通知,沪道运设养〔2022〕21号,上海市道路运输管理局,2022-01-28,有效,统一政策发布平台,https://www.shanghai.gov.cn/zhengce/detail/0010::c00a8f7528aa4ce1b1aa6c58a887d1f6,
市政与基础设施,实施意见,市级,关于印发《关于进一步加强上海市高速公路入口治超工作的实施方案》的通知,沪道运设养〔2022〕22号,上海市道路运输管理局,2022-01-27,有效,统一政策发布平台,https://www.shanghai.gov.cn/zhengce/detail/0010::b8c60c268aef4378a01dcab419a91618,
市政与基础设施,实施细则,市级,关于印发《公路养护作业单位路基路面养护乙级资质许可告知承诺实施细则》的通知,沪道运设养〔2022〕19号,上海市道路运输管理局,2022-01-27,有效,统一政策发布平台,https://www.shanghai.gov.cn/zhengce/detail/0010::67b650ad8cab4ce5a515127f78ecaa62,docs/市政与基础设施/关于印发《公路养护作业单位路基路面养护乙级资质许可告知承诺实施细则》的通知.md
市政与基础设施,办法,市级,关于印发《上海市政府采购促进中小企业发展实施办法》的通知,沪财发〔2022〕1号,上海市财政局,2022-01-19,有效,统一政策发布平台,https://www.shanghai.gov.cn/zhengce/detail/0017::xxfbdf0000018599,docs/市政与基础设施/关于印发《上海市政府采购促进中小企业发展实施办法》的通知.md
市政与基础设施,通知公告,市级,关于印发《上海市处置燃气事故应急预案》的通知,沪建应急〔2022〕62号,上海市住房和城乡建设管理委员会,2022-01-24,有效,统一政策发布平台,https://www.shanghai.gov.cn/zhengce/detail/0011::b2e104a96d284a0e87a5d648597bc742,
市政与基础设施,通知公告,市级,上海市水务局关于进一步推进本市供水行业智能水表工作的通知,沪水务〔2022〕60号,上海市水务局,2022-01-18,有效,统一政策发布平台,https://www.shanghai.gov.cn/zhengce/detail/0004::7389921c886047959c7530c989563a2f,
市政与基础设施,实施意见,市级,上海市市场监督管理局关于印发《上海市市场监管系统燃气安全排查整治实施方案》的通知,沪市监特种〔2022〕27号,上海市市场监督管理局,2022-01-12,有效,统一政策发布平台,https://www.shanghai.gov.cn/zhengce/detail/0019::2c9bf2f67e582626017e7147e57178e0,
市政与基础设施,通知公告,市级,关于进一步规范危险货物道路运输从业人员管理的通知,沪道运货〔2022〕7号,上海市道路运输管理局,2022-01-18,有效,统一政策发布平台,https://www.shanghai.gov.cn/zhengce/detail/0010::e07b0c6ed6b44a978c40fab6628c3b17,
市政与基础设施,办法,区级,关于印发《宝山区公路养护经费使用管理办法》的通知,宝交〔2022〕2号,上海市宝山区交通委员会,2022-01-14,有效,统一政策发布平台,https://www.shanghai.gov.cn/zhengce/detail/0078::b78893a6-516c-49ca-ad46-fc8d5568d6f4,docs/市政与基础设施/关于印发《宝山区公路养护经费使用管理办法》的通知.md
市政与基础设施,通知公告,市级,上海市人民政府办公厅关于同意《上海市处置燃气事故应急预案》的通知,沪府办〔2022〕3号,上海市人民政府办公厅,2022-01-06,有效,统一政策发布平台,https://www.shanghai.gov.cn/zhengce/detail/0001::01c847ffafd64b46a9107effc8d3be6e,
市政与基础设施,规定,市级,关于印发《上海市燃气事故调查处理规定》 的通知,,上海市住房和城乡建设管理委员会,2021-07,有效,市住建委规范性文件,https://zjw.sh.gov.cn/gfxwj/20210701/41be960e4687499ca6f90605484920e5.html,docs/市政与基础设施/关于印发《上海市燃气事故调查处理规定》 的通知.md
市政与基础设施,技术规定与导则,市级,市交通委、市道路运输局、市规划和自然资源局关于印发《公共停车设施建设规划导则》的通知,沪交道运 〔2021〕509号,上海市交通委员会,2021-07-07,有效,统一政策发布平台,https://www.shanghai.gov.cn/zhengce/detail/0010::7bbb973651344637b9f9c1c6d30d44f1,docs/市政与基础设施/市交通委、市道路运输局、市规划和自然资源局关于印发《公共停车设施建设规划导则》的通知.md
市政与基础设施,实施意见,市级,上海市水务局印发《关于进一步加强政府采购活动管理的实施意见》的通知,沪水务〔2021〕926号,上海市水务局,2021-12-29,有效,统一政策发布平台,https://www.shanghai.gov.cn/zhengce/detail/0004::02df2544a3b7418c91adff8c096caf68,
市政与基础设施,实施细则,市级,关于印发《上海市公路养护作业单位资质管理实施细则》的通知,沪交行规〔2021〕13号,上海市交通委员会,2021-12-21,有效,统一政策发布平台,https://www.shanghai.gov.cn/zhengce/detail/0010::80b873beab734baea7fef02c19b77925,docs/市政与基础设施/关于印发《上海市公路养护作业单位资质管理实施细则》的通知.md
市政与基础设施,规划与计划,市级,上海市道路运输管理局关于印发 《上海市停车行业发展“十四五”规划》的通知,沪道运设运〔2021〕321号,上海市道路运输管理局,2021-12-29,有效,统一政策发布平台,https://www.shanghai.gov.cn/zhengce/detail/0010::771ba6b73b4b42cfae33323641a4e835,
市政与基础设施,技术规定与导则,市级,上海市水务局关于印发《上海市泵闸工程管线设计及施工技术导则》的通知,沪水务〔2021〕916号,上海市水务局,2021-12-27,有效,统一政策发布平台,https://www.shanghai.gov.cn/zhengce/detail/0004::3526f8a2a4bb4a23959549caf4557f8b,docs/市政与基础设施/上海市水务局关于印发《上海市泵闸工程管线设计及施工技术导则》的通知.md
市政与基础设施,通知公告,市级,上海市水务局关于印发《上海市河道疏浚底泥处理处置技术指南（试行）》的通知,沪水务〔2021〕907号,上海市水务局,2021-12-24,有效,统一政策发布平台,https://www.shanghai.gov.cn/zhengce/detail/0004::34883a475ae64ea6a45f034becca20fc,
市政与基础设施,办法,市级,上海市水务局关于印发《上海市城镇污水处理设施运行监督管理办法》的通知,沪水务〔2021〕903号,上海市水务局,2021-12-23,有效,统一政策发布平台,https://www.shanghai.gov.cn/zhengce/detail/0004::756d2b4b17594158b7a6d53eebca4f1a,docs/市政与基础设施/上海市水务局关于印发《上海市城镇污水处理设施运行监督管理办法》的通知.md
市政与基础设施,通知公告,市级,上海市水务局关于印发《太湖流域河道外水量分配方案（上海部分）》的通知,沪水务〔2021〕897号,上海市水务局,2021-12-23,有效,统一政策发布平台,https://www.shanghai.gov.cn/zhengce/detail/0004::31e9a8f3ebc8476a87db363578e7c7cf,
市政与基础设施,实施细则,市级,上海市水务局关于印发《上海市水务局（上海市海洋局）预算绩效管理工作实施细则》的通知,沪水务〔2021〕893号,上海市水务局,2021-12-23,有效,统一政策发布平台,https://www.shanghai.gov.cn/zhengce/detail/0004::eee7e38aa0754434a1e2b3a1f697ea96,docs/市政与基础设施/上海市水务局关于印发《上海市水务局（上海市海洋局）预算绩效管理工作实施细则》的通知.md
市政与基础设施,通知公告,市级,上海市道路运输管理局关于印发 《上海市高速公路和快速路养护维修安全作业指南》的通知,沪道运安〔2021〕315号,上海市道路运输管理局,2021-12-22,有效,统一政策发布平台,https://www.shanghai.gov.cn/zhengce/detail/0010::757f7938d07849109531ae2802e0d2b0,
市政与基础设施,通知公告,市级,关于做好新版道路客运相关办事指南实施工作的通知,沪道运客〔2021〕314号,上海市道路运输管理局,2021-12-22,有效,统一政策发布平台,https://www.shanghai.gov.cn/zhengce/detail/0010::7570a316a69a48ae8cc2b85205b10c88,
市政与基础设施,通知公告,区级,中共闵行区委 闵行区人民政府印发《闵行区贯彻落实市委市政府部署要求推进虹桥国际中央商务区（闵行部分）建设行动方案》的通知,闵委办发〔2021〕14号,上海市闵行区人民政府,2021-12-16,有效,统一政策发布平台,https://www.shanghai.gov.cn/zhengce/detail/0079::9FAD3681-3697-11ED-9FB0-56F1A0C36DFF,
市政与基础设施,通知公告,市级,关于印发道路运输各行业现场监管记录表（模板）的通知,沪道运办〔2021〕310号,上海市道路运输管理局,2021-12-16,有效,统一政策发布平台,https://www.shanghai.gov.cn/zhengce/detail/0010::e7264a28f59a45e99c7995c339660aee,
市政与基础设施,规定,市级,关于印发《上海市水务局财政专项项目编码管理暂行规定》的通知,沪水务〔2021〕836号,上海市水务局,2021-12-02,有效,统一政策发布平台,https://www.shanghai.gov.cn/zhengce/detail/0004::c31d6ecaeeb14210b3a4a84a0f5f867c,docs/市政与基础设施/关于印发《上海市水务局财政专项项目编码管理暂行规定》的通知.md
市政与基础设施,规定,市级,关于印发《上海市水务局（上海市海洋局）工程技术研究中心管理规定》的通知,沪水务〔2021〕835号,上海市水务局,2021-12-07,有效,统一政策发布平台,https://www.shanghai.gov.cn/zhengce/detail/0004::109261d2edd748c096650d117c54b406,docs/市政与基础设施/关于印发《上海市水务局（上海市海洋局）工程技术研究中心管理规定》的通知.md
市政与基础设施,审查与许可规则,市级,关于本市市政管线接入挖掘道路审批全面实行告知承诺审批的通知,沪道运设养〔2021〕300号,上海市道路运输管理局,2021-12-06,有效,统一政策发布平台,https://www.shanghai.gov.cn/zhengce/detail/0010::25ea3482f67f453289ad7c51e04d3ae0,docs/市政与基础设施/关于本市市政管线接入挖掘道路审批全面实行告知承诺审批的通知.md
市政与基础设施,实施意见,市级,上海市水务局关于印发《上海市关于加强水库除险加固和运行管护工作的实施方案》的通知,沪水务〔2021〕828号,上海市水务局,2021-12-06,有效,统一政策发布平台,https://www.shanghai.gov.cn/zhengce/detail/0004::8e560bc356bb45c288ba34132343fae7,
市政与基础设施,通知公告,市级,上海市道路运输管理局关于印发《上海市公共汽车和电车乘坐规则》的通知,沪道运行规〔2021〕2号,上海市道路运输管理局,2021-11-26,有效,统一政策发布平台,https://www.shanghai.gov.cn/zhengce/detail/0010::cd1cbf7c218f4c04950d094d2425f672,
市政与基础设施,规划与计划,市级,关于印发《上海市道路运输行业“十四五”发展规划》的通知,沪道运规〔2021〕286号,上海市道路运输管理局,2021-11-19,有效,统一政策发布平台,https://www.shanghai.gov.cn/zhengce/detail/0010::04db3627182f4182adef8474d28f2ff3,
市政与基础设施,实施意见,区级,浦东新区人民政府办公室关于浦东新区贯彻落实《上海市深化农村公路管理养护体制改革实施方案》有关事项的通知,浦府办〔2021〕20号,上海市浦东新区人民政府办公室,2021-08-30,有效,统一政策发布平台,https://www.shanghai.gov.cn/zhengce/detail/0070::007034562,
市政与基础设施,通知公告,市级,关于本市道路危险货物运输数字化监管平台试运行的通知,沪道运货〔2021〕285号,上海市道路运输管理局,2021-11-17,有效,统一政策发布平台,https://www.shanghai.gov.cn/zhengce/detail/0010::2e9264a5abe541f2927a15198e315d76,
市政与基础设施,实施意见,市级,上海市经济信息化委 市发展改革委 市水务局关于对《建立健全上海市城镇非居民用水超定额累进加价制度的实施方案》涉及“两高一剩”等  行业企业执行更高加价标准的通知,沪经信规范〔2021〕2号,上海市经济和信息化委员会,2021-11-12,有效,统一政策发布平台,https://www.shanghai.gov.cn/zhengce/detail/0020::05d06ce028064d9abee308f43c335a70,
市政与基础设施,实施意见,区级,浦东新区人民政府办公室关于印发《浦东新区农村公路“路长制”实施方案》的通知,浦府办〔2021〕29号,上海市浦东新区人民政府办公室,2021-11-11,有效,统一政策发布平台,https://www.shanghai.gov.cn/zhengce/detail/0070::007033068,
市政与基础设施,通知公告,市级,关于转发《交通运输部办公厅关于进一步加强公路服务区货车停放服务工作的通知》的通知,沪道运设运〔2021〕274号,上海市道路运输管理局,2021-10-27,有效,统一政策发布平台,https://www.shanghai.gov.cn/zhengce/detail/0010::d8232ff2770a4616aa9b392d0bd5029c,
市政与基础设施,实施意见,市级,上海市水务局关于印发《上海市跨区河道水利专项项目整治指导意见》的通知,沪水务〔2021〕715号,上海市水务局,2021-10-25,有效,统一政策发布平台,https://www.shanghai.gov.cn/zhengce/detail/0004::6baf48d003e94b788a584a071bad59a9,
市政与基础设施,办法,市级,关于印发《上海市公路养护工程管理实施办法》的通知,沪道运设养〔2021〕273号,上海市道路运输管理局,2021-10-25,有效,统一政策发布平台,https://www.shanghai.gov.cn/zhengce/detail/0010::5764ce8f4aaa42259fc41fa3281678d6,docs/市政与基础设施/关于印发《上海市公路养护工程管理实施办法》的通知.md
市政与基础设施,通知公告,市级,市交通委、市发展改革委、市财政局关于完善集装箱运输车辆高速公路通行费优惠政策的通知,沪交财〔2021〕847号,上海市交通委员会,2021-10-25,有效,统一政策发布平台,https://www.shanghai.gov.cn/zhengce/detail/0010::feb30691f0ef42b385c99399076bbd35,
市政与基础设施,规划与计划,区级,上海市崇明区人民政府办公室关于印发《崇明区水务“十四五”规划》的通知,沪崇府办发〔2021〕21号,上海市崇明区人民政府办公室,2021-10-13,有效,统一政策发布平台,https://www.shanghai.gov.cn/zhengce/detail/0085::5aaa505f-5b49-450e-a2f9-1fc66081a48e,
市政与基础设施,通知公告,市级,关于调整市属供排水企业服务区域居民用户水价的复函,沪发改价管〔2021〕49号,上海市发展和改革委员会,2021-10-21,有效,统一政策发布平台,https://www.shanghai.gov.cn/zhengce/detail/0025::3a71a1edb0bd43ed831b44ece50c825d,
市政与基础设施,技术规定与导则,市级,上海市水务局关于印发《上海市雨水口截污过滤装置技术规程》的通知,沪水务〔2021〕710号,上海市水务局,2021-10-20,有效,统一政策发布平台,https://www.shanghai.gov.cn/zhengce/detail/0004::2b078f196cb044e7af032dc2c77d2d11,docs/市政与基础设施/上海市水务局关于印发《上海市雨水口截污过滤装置技术规程》的通知.md
市政与基础设施,技术规定与导则,市级,上海市水务局关于印发《上海市排水检测井技术规程》和《上海市排水检测井图集》的通知,沪水务〔2021〕703号,上海市水务局,2021-10-19,有效,统一政策发布平台,https://www.shanghai.gov.cn/zhengce/detail/0004::f12dc0b543544f3f9093b5be8d5ec18f,docs/市政与基础设施/上海市水务局关于印发《上海市排水检测井技术规程》和《上海市排水检测井图集》的通知.md
市政与基础设施,通知公告,市级,上海市水务局关于印发《上海市排水设施巡查信息报送分类标准》的通知,沪水务〔2021〕702号,上海市水务局,2021-10-19,有效,统一政策发布平台,https://www.shanghai.gov.cn/zhengce/detail/0004::a1f1a82ce46943be9ed6c47a111f76e4,
市政与基础设施,通知公告,市级,上海市水务局关于印发《上海市水文测站运行管理规程》的通知,沪水务〔2021〕701号,上海市水务局,2021-10-19,有效,统一政策发布平台,https://www.shanghai.gov.cn/zhengce/detail/0004::935b55b0b9994ce1bfcc546fecd4e3ac,
市政与基础设施,通知公告,市级,关于进一步加强道路货物运输站（场）管理的通知,沪道运货〔2021〕265号,上海市道路运输管理局,2021-10-11,有效,统一政策发布平台,https://www.shanghai.gov.cn/zhengce/detail/0010::76b8708015794f2f9221c74a4c0e04ae,
市政与基础设施,其他,市级,关于作废徐宏勋等4人《道路运输企业主要负责人和安全生产管理人员安全考核证明》的决定,沪道运安〔2021〕264号,上海市道路运输管理局,2021-10-09,有效,统一政策发布平台,https://www.shanghai.gov.cn/zhengce/detail/0010::d3e928b8e3c348e1b53433f38ab820f1,
市政与基础设施,通知公告,市级,关于印发《市级相关部门和区级人民政府农村公路管理养护权利和责任清单》的通知,沪道运设养〔2021〕262号,上海市道路运输管理局,2021-09-30,有效,统一政策发布平台,https://www.shanghai.gov.cn/zhengce/detail/0010::ad8c66d9a69b4190983d3d37062e7cec,
市政与基础设施,通知公告,市级,上海市政府质量奖审定委员会办公室关于公布上海市政府质量奖评审专家库人员名单的通知,沪质奖审办〔2021〕5号,上海市市场监督管理局,2021-09-26,有效,统一政策发布平台,https://www.shanghai.gov.cn/zhengce/detail/0019::2c9bf2f67c2c6f4e017c34ea47266c16,
市政与基础设施,实施意见,市级,上海市水务局印发《关于贯彻落实深化“证照分离”改革全覆盖工作实施方案》的通知,沪水务〔2021〕639号,上海市水务局,2021-09-16,有效,统一政策发布平台,https://www.shanghai.gov.cn/zhengce/detail/0004::995591a0023549a29be5b192366aec97,
市政与基础设施,通知公告,市级,上海市市场监督管理局 上海市发展和改革委员会关于进一步推进本市重点用能单位燃气、热力能耗数据在线监测工作的通知,沪市监计量〔2021〕470号,上海市市场监督管理局,2021-09-14,有效,统一政策发布平台,https://www.shanghai.gov.cn/zhengce/detail/0019::2c9bf2f67bee0e27017bf1247e49022b,
市政与基础设施,办法,市级,上海市水务局关于印发《上海市农村生活污水治理工作考核办法》的通知,沪水务〔2021〕626号,上海市水务局,2021-09-14,有效,统一政策发布平台,https://www.shanghai.gov.cn/zhengce/detail/0004::8b7ea6948f1b4d0c815f920307a0a385,docs/市政与基础设施/上海市水务局关于印发《上海市农村生活污水治理工作考核办法》的通知.md
市政与基础设施,通知公告,市级,关于调整市属供排水企业服务区域非居民用户水价的复函,沪发改价管〔2021〕36号,上海市发展和改革委员会,2021-08-09,有效,统一政策发布平台,https://www.shanghai.gov.cn/zhengce/detail/0025::330e7a5a888446d5b474119bda9cf1e4,
市政与基础设施,通知公告,市级,上海市水务局关于印发《上海市农村生活污水治理技术指南》（试行）的通知,沪水务〔2021〕597号,上海市水务局,2021-09-02,有效,统一政策发布平台,https://www.shanghai.gov.cn/zhengce/detail/0004::f814f56a1e41426c81560235e6b9bc54,
市政与基础设施,通知公告,市级,上海市水务局关于做好上海市水土保持补偿费征收相关工作的通知,沪水务〔2021〕610号,上海市水务局,2021-09-01,有效,统一政策发布平台,https://www.shanghai.gov.cn/zhengce/detail/0004::fb75f3be158e4814bda4cdccb31c1423,
市政与基础设施,通知公告,市级,关于命名沈家弄路等54条（段）道路为上海市林荫道的通知,沪绿容〔2021〕251号,上海市绿化和市容管理局,2021-08-13,有效,统一政策发布平台,https://www.shanghai.gov.cn/zhengce/detail/0039::710a4d6d-d3fd-46f1-bf3a-e9140f54cd43,
市政与基础设施,通知公告,市级,上海市绿化和市容管理局 上海市水务局关于印发《上海市水域保洁区域的保洁等级和具体范围》等文件的通知,沪绿容〔2021〕264号,上海市绿化和市容管理局,2021-08-23,有效,统一政策发布平台,https://www.shanghai.gov.cn/zhengce/detail/0039::96eab662-4c37-4476-83d6-550c5a6843a0,
市政与基础设施,实施意见,区级,上海市奉贤区人民政府关于印发《奉贤区深化农村公路管理养护体制改革实施方案》的通知,沪奉府发〔2021〕16号,上海市奉贤区人民政府,2021-08-30,有效,统一政策发布平台,https://www.shanghai.gov.cn/zhengce/detail/0084::0084540,
市政与基础设施,通知公告,市级,上海市水务局关于进一步加强本市病险水闸安全运行管理的通知,沪水务〔2021〕530号,上海市水务局,2021-08-18,有效,统一政策发布平台,https://www.shanghai.gov.cn/zhengce/detail/0004::27283bfe41f644779e86145266a4cc44,
市政与基础设施,通知公告,市级,上海市交通委员会关于印发《上海市交通委员会关于城市道路行政处罚的裁量基准》的通知,沪交行规〔2021〕6号,上海市交通委员会,2021-08-05,有效,统一政策发布平台,https://www.shanghai.gov.cn/zhengce/detail/0010::7e0b562d3147405eb340ee1ab7876bca,
市政与基础设施,办法,区级,关于印发《宝山区农村公路管理养护办法》的通知,宝交〔2021〕12号,上海市宝山区交通委员会,2021-08-18,有效,统一政策发布平台,https://www.shanghai.gov.cn/zhengce/detail/0078::59c34427-075a-4ec5-84a3-4cb1e7d345ec,docs/市政与基础设施/关于印发《宝山区农村公路管理养护办法》的通知.md
市政与基础设施,实施意见,区级,关于印发《完善宝山区镇级农村公路管理站建设的指导意见》的通知,宝交〔2021〕11号,上海市宝山区交通委员会,2021-08-18,有效,统一政策发布平台,https://www.shanghai.gov.cn/zhengce/detail/0078::87793d21-5434-4348-ac94-a74a7bf78609,
市政与基础设施,通知公告,市级,上海市交通委员会关于规范停车场（库）充电设施设置的通知,沪交科〔2021〕615号,上海市交通委员会,2021-08-18,有效,统一政策发布平台,https://www.shanghai.gov.cn/zhengce/detail/0010::83e18f09959245eebdf7c9870748699a,
市政与基础设施,实施意见,区级,上海市崇明区人民政府办公室关于印发本区深化农村公路管理养护体制改革实施方案的通知,沪崇府办发〔2021〕13号,上海市崇明区人民政府办公室,2021-07-24,有效,统一政策发布平台,https://www.shanghai.gov.cn/zhengce/detail/0085::699a9e9e-9043-466d-954f-7e6d86035c69,
市政与基础设施,通知公告,市级,上海市水务局关于加强本市重点河道生态水位管理工作的通知,沪水务〔2021〕516号,上海市水务局,2021-08-12,有效,统一政策发布平台,https://www.shanghai.gov.cn/zhengce/detail/0004::ca02beb2abbb4e968ce22dc930cf3aa6,
市政与基础设施,实施意见,区级,金山区人民政府关于印发《金山区深化农村公路管理养护体制改革实施方案》的通知,金府发〔2021〕2号,上海市金山区人民政府,2021-07-30,有效,统一政策发布平台,https://www.shanghai.gov.cn/zhengce/detail/0081::00819e2002121ec828ae8f8ca12579088950,
市政与基础设施,办法,市级,关于印发《上海市水务局（上海市海洋局）标准化管理办法》的通知,沪水务〔2021〕489号,上海市水务局,2021-07-29,有效,统一政策发布平台,https://www.shanghai.gov.cn/zhengce/detail/0004::0f45b90de40d46e5a6644ec2ba2b8637,docs/市政与基础设施/关于印发《上海市水务局（上海市海洋局）标准化管理办法》的通知.md
市政与基础设施,实施细则,区级,上海市青浦区人民政府办公室关于印发《青浦区深化农村公路管理养护体制改革实施细则》的通知,青府办发〔2021〕32号,上海市青浦区人民政府办公室,2021-07-30,有效,统一政策发布平台,https://www.shanghai.gov.cn/zhengce/detail/0083::0083885977,docs/市政与基础设施/上海市青浦区人民政府办公室关于印发《青浦区深化农村公路管理养护体制改革实施细则》的通知.md
市政与基础设施,通知公告,市级,上海市道路运输管理局关于公布2020年度机动车维修、机动车驾驶员培训、道路清障施救牵引行业AAA级质量信誉企业的通知,沪道运运服〔2021〕226号,上海市道路运输管理局,2021-07-27,有效,统一政策发布平台,https://www.shanghai.gov.cn/zhengce/detail/0010::9f13e3301c9d4e70a6de2a78b568dfa3,
市政与基础设施,实施意见,区级,上海市宝山区人民政府办公室关于转发区交通委制订的《宝山区深化农村公路管理养护体制改革实施方案》的通知,宝府办〔2021〕42号,上海市宝山区人民政府办公室,2021-07-23,有效,统一政策发布平台,https://www.shanghai.gov.cn/zhengce/detail/0078::dbb30cfa-1634-4767-a6f8-ea7d5e90bea3,
市政与基础设施,实施意见,市级,市商务委 市发展改革委 市财政局  市政府合作交流办关于印发《上海市鼓励企业设立贸易型总部的若干意见》的通知,沪商规〔2021〕5号,上海市商务委员会,2021-07-23,失效,统一政策发布平台,https://www.shanghai.gov.cn/zhengce/detail/0023::23d7f06a98f64292b34237f9f2fce4f5,
市政与基础设施,通知公告,市级,关于进一步规范和加强本市公共停车信息联网管理的通知,沪道运设运〔2021〕222号,上海市道路运输管理局,2021-07-21,有效,统一政策发布平台,https://www.shanghai.gov.cn/zhengce/detail/0010::cf5c029361b34bdd98089ea5adf412ae,
市政与基础设施,规划与计划,区级,上海市宝山区人民政府办公室关于转发区大居推进办制订的《宝山区大型居住社区市政公建配套设施三年行动计划（2021—2023年）》的通知,宝府办〔2021〕34号,上海市宝山区人民政府办公室,2021-06-17,有效,统一政策发布平台,https://www.shanghai.gov.cn/zhengce/detail/0078::b75c267e-dc5f-4e55-b9f0-aeec9d693890,
市政与基础设施,通知公告,市级,上海市水务局关于进一步加强本市取水在线监测和管理工作的通知,沪水务〔2021〕363号,上海市水务局,2021-05-13,有效,统一政策发布平台,https://www.shanghai.gov.cn/zhengce/detail/0004::e4b9b6a80faa47c78ad38793df44face,
市政与基础设施,办法,市级,关于印发《上海市政府购买服务管理办法》的通知,沪财发〔2021〕3号,上海市财政局,2021-05-21,有效,统一政策发布平台,https://www.shanghai.gov.cn/zhengce/detail/0017::xxfbdf0000017339,docs/市政与基础设施/关于印发《上海市政府购买服务管理办法》的通知.md
市政与基础设施,办法,市级,上海市水务局关于印发《上海市农村生活污水治理项目管理办法》的通知,沪水务〔2021〕260号,上海市水务局,2021-04-20,有效,统一政策发布平台,https://www.shanghai.gov.cn/zhengce/detail/0004::73e0ec4f09f240e0aa345d35a4367fdf,docs/市政与基础设施/上海市水务局关于印发《上海市农村生活污水治理项目管理办法》的通知.md
市政与基础设施,规定,市级,上海市水务局关于印发《上海市生产建设项目全国水土保持信息管理系统资料录入与管理规定（试行）》的通知,沪水务〔2021〕258号,上海市水务局,2021-04-21,有效,统一政策发布平台,https://www.shanghai.gov.cn/zhengce/detail/0004::82a6293d797c4d838e754d6ed5e79c11,docs/市政与基础设施/上海市水务局关于印发《上海市生产建设项目全国水土保持信息管理系统资料录入与管理规定（试行）》的通知.md
市政与基础设施,办法,市级,上海市水务局关于贯彻落实《水利工程设计变更管理暂行办法》的通知,沪水务〔2021〕236号,上海市水务局,2021-04-19,有效,统一政策发布平台,https://www.shanghai.gov.cn/zhengce/detail/0004::c3e69a4c15f640d38c38d95cfdb3de3d,docs/市政与基础设施/上海市水务局关于贯彻落实《水利工程设计变更管理暂行办法》的通知.md
市政与基础设施,规定,市级,上海市水务局关于印发《上海市水利工程设计概（估）算编制规定》的通知,沪水务〔2021〕166号,上海市水务局,2021-03-25,有效,统一政策发布平台,https://www.shanghai.gov.cn/zhengce/detail/0004::0427815e6a38437a91662cf6cc967496,docs/市政与基础设施/上海市水务局关于印发《上海市水利工程设计概（估）算编制规定》的通知.md
市政与基础设施,通知公告,市级,上海市水务局关于落实承发包人主体责任强化标后履约管理的通知,沪水务〔2021〕126号,上海市水务局,2021-03-01,有效,统一政策发布平台,https://www.shanghai.gov.cn/zhengce/detail/0004::1f0f47b5fb71456783535302b2b26bd1,
市政与基础设施,实施意见,市级,上海市水务局印发《关于推行开发区内生产建设项目水土保持管理工作改革的实施意见》的通知,沪水务〔2021〕86号,上海市水务局,2021-02-03,有效,统一政策发布平台,https://www.shanghai.gov.cn/zhengce/detail/0004::b52840015718495aaeb8889e5209511e,
市政与基础设施,通知公告,市级,关于进一步规范本市政府采购信息公开有关事项的通知,沪财发〔2020〕13号,上海市财政局,2020-11-05,有效,统一政策发布平台,https://www.shanghai.gov.cn/zhengce/detail/0017::xxfbdf0000016096,
市政与基础设施,通知公告,市级,上海市人民政府办公厅印发《关于进一步减少本市道路交通事故的意见》的通知,沪府办规〔2020〕13号,上海市人民政府办公厅,2020-09-23,废止,统一政策发布平台,https://www.shanghai.gov.cn/zhengce/detail/0001::0001-12344_66015,
市政与基础设施,实施意见,市级,上海市人民政府办公厅关于印发上海市深化农村公路管理养护体制改革实施方案的通知,沪府办发〔2020〕3号,上海市人民政府办公厅,2020-08-26,有效,统一政策发布平台,https://www.shanghai.gov.cn/zhengce/detail/0001::0001-48503_65648,
市政与基础设施,通知公告,市级,关于本市养老服务机构执行水、电、管道燃气、有线电视等价格标准的通知,沪发改价管〔2020〕2号,上海市发改委信息公开,2020-02-10,有效,统一政策发布平台,https://www.shanghai.gov.cn/zhengce/detail/0025::6486494a0a6849eaa93ff8d32df2d66c,
市政与基础设施,通知公告,区级,金山区人民政府办公室关于印发《金山区处置水务行业突发事件应急预案》的通知,金府办发〔2020〕1号,上海市金山区人民政府办公室,2020-01-06,有效,统一政策发布平台,https://www.shanghai.gov.cn/zhengce/detail/0081::0081da9f49403ebdc75afafa5d7707e9c324,
市政与基础设施,规定,市级,关于印发《市政道路建设及整治工程全要素技术规定》的通知,沪建设施联〔2019〕440号,上海市住房和城乡建设管理委员会,2019-07-18,有效,统一政策发布平台,https://www.shanghai.gov.cn/zhengce/detail/0011::09f145a7201d4176a9a192d9e11597da,docs/市政与基础设施/关于印发《市政道路建设及整治工程全要素技术规定》的通知.md
市政与基础设施,办法,街镇级,关于印发《杨行镇村庄道路建设和养护管理办法（试行）》的通知,宝杨府〔2019〕57号,上海市宝山区杨行镇人民政府,2019-05-21,有效,统一政策发布平台,https://www.shanghai.gov.cn/zhengce/detail/0078::3cf1c56d-48c1-4156-aaac-29ffe53ac8a6,docs/市政与基础设施/关于印发《杨行镇村庄道路建设和养护管理办法（试行）》的通知.md
市政与基础设施,实施意见,市级,上海市人民政府办公厅关于本市保障轨道交通安全运行的实施意见,沪府办发〔2019〕10号,上海市人民政府办公厅,2019-05-13,有效,统一政策发布平台,https://www.shanghai.gov.cn/zhengce/detail/0001::0001-44388_59142,
市政与基础设施,办法,街镇级,关于印发《月浦镇村庄道路建设和养护管理办法》（试行）的通知,宝月府〔2019〕4号,上海市宝山区月浦镇人民政府,2019-02-25,有效,统一政策发布平台,https://www.shanghai.gov.cn/zhengce/detail/0078::dea7207a-dae6-4920-9d7e-ee29b9cc6cb3,docs/市政与基础设施/关于印发《月浦镇村庄道路建设和养护管理办法》（试行）的通知.md
市政与基础设施,通知公告,市级,上海市水务局关于成立上海市水务建设领域保障农民工工资支付工作领导小组的通知,沪水务〔2018〕1358号,上海市水务局,2018-12-14,有效,统一政策发布平台,https://www.shanghai.gov.cn/zhengce/detail/0004::51f5460774684634b5cf7952290c172a,
市政与基础设施,通知公告,市级,上海市水务局关于明确上海市河湖“清四乱”专项行动问题认定及清理整治标准的通知,沪水务〔2018〕1289号,上海市水务局,2018-12-02,有效,统一政策发布平台,https://www.shanghai.gov.cn/zhengce/detail/0004::01c98a696d1c43399e42523beeb3c76f,
市政与基础设施,规定,市级,上海市人民政府办公厅转发市水务局制订的《关于本市市管河道及其管理范围的规定》的通知,沪府办规〔2018〕10号,上海市人民政府办公厅,2018-03-14,废止,统一政策发布平台,https://www.shanghai.gov.cn/zhengce/detail/0001::0001-12344_55434,docs/市政与基础设施/上海市人民政府办公厅转发市水务局制订的《关于本市市管河道及其管理范围的规定》的通知.md
市政与基础设施,办法,市级,关于印发《上海市政府采购评审专家和评审工作管理办法》的通知,沪财发〔2018〕2号,上海市财政局,2018-03-15,有效,统一政策发布平台,https://www.shanghai.gov.cn/zhengce/detail/0017::0017-177331,docs/市政与基础设施/关于印发《上海市政府采购评审专家和评审工作管理办法》的通知.md
市政与基础设施,实施意见,市级,市政府办公厅印发《关于本市加强市场监督管理所标准化建设的实施意见（试行）》的通知,沪府办发〔2017〕52号,上海市人民政府办公厅,2017-08-16,有效,统一政策发布平台,https://www.shanghai.gov.cn/zhengce/detail/0001::0001-12344_53495,
市政与基础设施,实施意见,区级,上海市静安区人民政府办公室关于转发区应急办《静安区落实轨道交通车站应对大客流“四长联动”应急处置工作的实施方案》的通知,静府办发〔2017〕39号,上海市静安区人民政府办公室,2017-08-04,有效,统一政策发布平台,https://www.shanghai.gov.cn/zhengce/detail/0072::ba7b5156-8e5e-4d9f-bfa1-01ac8766ec35,
市政与基础设施,实施意见,区级,上海市松江区人民政府关于印发《松江区关于促进停车资源共享利用的实施意见》的通知,沪松府〔2017〕143号,上海市松江区人民政府,2017-07-11,有效,统一政策发布平台,https://www.shanghai.gov.cn/zhengce/detail/0082::2ed34956-e00e-4397-b040-71e888343a77,
市政与基础设施,实施意见,区级,金山区人民政府办公室关于转发公安金山分局、区交通委制订的《金山区道路交通设施建设与交通组织管理实施意见》的通知,金府办发〔2017〕6号,上海市金山区人民政府办公室,2017-02-10,有效,统一政策发布平台,https://www.shanghai.gov.cn/zhengce/detail/0081::00811e4219585fe5c8fd45bb82799244f4a3,
市政与基础设施,规划与计划,市级,上海市人民政府办公厅转发市水务局、市发展改革委制订的《上海市水资源保护利用和防汛“十三五”规划》的通知,沪府办发〔2017〕3号,上海市人民政府办公厅,2017-01-06,有效,统一政策发布平台,https://www.shanghai.gov.cn/zhengce/detail/0001::0001-12344_51023,
市政与基础设施,实施意见,区级,上海市奉贤区人民政府关于促进本区停车资源共享利用的实施意见,沪奉府〔2016〕140号,上海市奉贤区人民政府,2016-12-20,有效,统一政策发布平台,https://www.shanghai.gov.cn/zhengce/detail/0084::00841a5cbbb1cbd51fcaed93047da432991f,
市政与基础设施,实施意见,市级,上海市水务局关于印发《关于加强本市城镇公共排水泵站运行维护监督管理工作的实施意见》的通知,沪水务〔2016〕1802号,上海市水务局,2016-12-28,有效,统一政策发布平台,https://www.shanghai.gov.cn/zhengce/detail/0004::421e21815d9e46b1b2c68e1ac4ebcc11,
市政与基础设施,规划与计划,区级,黄浦区人民政府办公室关于印发黄浦区市政综合管理“十三五”规划的通知,黄府办发〔2016〕061号,上海市黄浦区人民政府办公室,2016-11-18,有效,统一政策发布平台,https://www.shanghai.gov.cn/zhengce/detail/0071::9f513ded-5d18-417f-acca-3dcfcdb1dabb,
市政与基础设施,实施细则,区级,闵行区人民政府关于印发《闵行区 市政消火栓维护保养实施细则》的通知,闵府发〔2016〕60号,上海市闵行区人民政府办公室,2016-10-24,有效,统一政策发布平台,https://www.shanghai.gov.cn/zhengce/detail/0079::9be22b2f-9415-4551-a66a-bc3219efff8d,docs/市政与基础设施/闵行区人民政府关于印发《闵行区 市政消火栓维护保养实施细则》的通知.md
市政与基础设施,通知公告,区级,黄浦区人民政府办公室关于印发黄浦区处置道路交通事故应急预案的通知,黄府办发〔2016〕028号,上海市黄浦区人民政府办公室,2016-05-18,有效,统一政策发布平台,https://www.shanghai.gov.cn/zhengce/detail/0071::dad9b2a8-7223-49c8-a1fd-44712fc2c27d,
市政与基础设施,通知公告,市级,上海市交通委员会关于发布《上海市交通委员会关于公路行政处罚的裁量基准》的通知,沪交法〔2016〕363号,上海市交通委员会,2016-04-25,失效,统一政策发布平台,https://www.shanghai.gov.cn/zhengce/detail/0010::756283b727ad45baae9c61dca582cd00,
市政与基础设施,通知公告,市级,上海市交通委员会关于发布《上海市交通委员会关于城市道路行政处罚的裁量基准》的通知,沪交法〔2016〕364号,上海市交通委员会,2016-04-25,失效,统一政策发布平台,https://www.shanghai.gov.cn/zhengce/detail/0010::c51909898a2e4a62b034b4567e13c9f8,
市政与基础设施,办法,市级,上海市人民政府办公厅关于转发市政府发展研究中心制订的《上海市人民政府决策咨询研究课题管理办法》的通知,沪府办〔2016〕5号,上海市人民政府办公厅,2016-01-26,失效,统一政策发布平台,https://www.shanghai.gov.cn/zhengce/detail/0001::0001-39370_46274,docs/市政与基础设施/上海市人民政府办公厅关于转发市政府发展研究中心制订的《上海市人民政府决策咨询研究课题管理办法》的通知.md
市政与基础设施,通知公告,市级,上海市交通委员会关于发布《上海市交通委员会关于道路运输行业行政处罚的裁量基准》的通知,沪交法〔2016〕7号,上海市交通委员会,2016-01-25,失效,统一政策发布平台,https://www.shanghai.gov.cn/zhengce/detail/0010::c07e340d80934b0a8549b33f33cbe0bd,
市政与基础设施,实施意见,市级,上海市人民政府办公厅转发市交通委等四部门关于进一步加强本市危险化学品道路运输安全监管工作实施意见的通知,沪府办发〔2015〕37号,上海市人民政府办公厅,2015-08-27,有效,统一政策发布平台,https://www.shanghai.gov.cn/zhengce/detail/0001::0001-32865_44757,
市政与基础设施,通知公告,市级,关于调整本市居民用户管道燃气价格的复函,沪发改价管〔2014〕13号,上海市发改委信息公开,2014-07-25,有效,统一政策发布平台,https://www.shanghai.gov.cn/zhengce/detail/0025::176918360a4f4826999d4df8804ab89a,
市政与基础设施,审查与许可规则,市级,上海市水务局关于明确本市水利工程开工备案有关事项的通知,沪水务〔2014〕656号,上海市水务局,2014-07-24,有效,统一政策发布平台,https://www.shanghai.gov.cn/zhengce/detail/0004::6c4148a318044d04b2886969a8ade05b,docs/市政与基础设施/上海市水务局关于明确本市水利工程开工备案有关事项的通知.md
市政与基础设施,通知公告,区级,上海市嘉定区人民政府关于批转《关于加强本区道路下立交设施防汛防台管理工作的通知》的通知,嘉府发〔2014〕33号,区政府,2014-06-28,有效,统一政策发布平台,https://www.shanghai.gov.cn/zhengce/detail/0080::5_10361,
市政与基础设施,其他,市级,上海市人民政府关于燃气助动车限期报废事项的通告,沪府发〔2014〕37号,上海市人民政府,2014-05-22,有效,统一政策发布平台,https://www.shanghai.gov.cn/zhengce/detail/0001::0001-31810_39192,
市政与基础设施,通知公告,市级,上海市水务局关于印发《上海市河道生态治理设计指南(试行)》的通知,沪水务〔2013〕1012号,上海市水务局,2013-11-11,有效,统一政策发布平台,https://www.shanghai.gov.cn/zhengce/detail/0004::55af27692f364322aeede67d0719be2d,
市政与基础设施,办法,区级,金山区人民政府办公室转发区建设交通委《金山区公共交通场站管理办法》的通知,金府办发〔2013〕16号,上海市金山区人民政府办公室,2013-04-16,有效,统一政策发布平台,https://www.shanghai.gov.cn/zhengce/detail/0081::0081901c45c081e6256528ff8ba3f4d4a909,docs/市政与基础设施/金山区人民政府办公室转发区建设交通委《金山区公共交通场站管理办法》的通知.md
市政与基础设施,实施意见,市级,上海市人民政府办公厅转发市交通港口局等关于进一步加强本市道路危险货物运输安全管理若干意见的通知,沪府办发〔2013〕4号,上海市人民政府办公厅,2013-02-01,有效,统一政策发布平台,https://www.shanghai.gov.cn/zhengce/detail/0001::0001-30985_34597,
市政与基础设施,实施意见,市级,上海市人民政府关于贯彻《国务院关于加强道路交通安全管理工作的意见》进一步加强本市客货运安全管理工作的实施意见,沪府发〔2012〕99号,上海市人民政府,2012-12-10,有效,统一政策发布平台,https://www.shanghai.gov.cn/zhengce/detail/0001::0001-29273_34200,
市政与基础设施,办法,市级,上海市水务局关于印发《上海市中心城区道路积水点改善工程项目实施管理办法》的通知,沪水务〔2012〕198号,上海市水务局,2012-03-09,有效,统一政策发布平台,https://www.shanghai.gov.cn/zhengce/detail/0004::d50e7b84d0cb4e9fb999db52adac6184,docs/市政与基础设施/上海市水务局关于印发《上海市中心城区道路积水点改善工程项目实施管理办法》的通知.md
市政与基础设施,通知公告,区级,金山区人民政府办公室转发区建设交通委《关于金山区农村（乡村）公路管理养护体制改革方案》的通知,金府办〔2010〕25号,上海市金山区人民政府办公室,2010-06-25,废止,统一政策发布平台,https://www.shanghai.gov.cn/zhengce/detail/0081::0081a37345445972b619b2414486480cc498,
市政与基础设施,政府规章,市级,上海市燃气管道设施保护办法,,上海市人民政府,,有效,市政府规章库,https://www.shanghai.gov.cn/xxzfgzwj/20210608/05f6f6a928a64ae6ac9991101cddafb7.html,docs/市政与基础设施/上海市燃气管道设施保护办法.md
市政与基础设施,政府规章,市级,上海市管线管理办法,,上海市人民政府,,有效,市政府规章库,https://www.shanghai.gov.cn/xxzfgzwj/20250401/8fd81efe7f284111b2249fb3c544f7cf.html,docs/市政与基础设施/上海市管线管理办法.md
市政与基础设施,政府规章,市级,上海市停车场（库）管理办法,,上海市人民政府,,有效,市政府规章库,https://www.shanghai.gov.cn/xxzfgzwj/20210608/db87382c0196401193dc761532005879.html,docs/市政与基础设施/上海市停车场（库）管理办法.md
市政与基础设施,政府规章,市级,上海市道路和公共场所清扫保洁服务管理办法,,上海市人民政府,,有效,市政府规章库,https://www.shanghai.gov.cn/xxzfgzwj/20210608/1c344139def749a996d1c8f0fd3f5541.html,docs/市政与基础设施/上海市道路和公共场所清扫保洁服务管理办法.md
市政与基础设施,政府规章,市级,上海市轨道交通运营安全管理办法,,上海市人民政府,,有效,市政府规章库,https://www.shanghai.gov.cn/xxzfgzwj/20220222/c92c258170e14fe6a7b37a8787839cc6.html,docs/市政与基础设施/上海市轨道交通运营安全管理办法.md
市政与基础设施,政府规章,市级,上海市政府信息公开规定,,上海市人民政府,,有效,市政府规章库,https://www.shanghai.gov.cn/xxzfgzwj/20210609/37b3a440f5764c39ade54d3f85350a19.html,docs/市政与基础设施/上海市政府信息公开规定.md
市政与基础设施,政府规章,市级,上海市政府采购实施办法,,上海市人民政府,,有效,市政府规章库,https://www.shanghai.gov.cn/xxzfgzwj/20210609/b31be750ff604ff883d6ca8b1e12775f.html,docs/市政与基础设施/上海市政府采购实施办法.md
市政与基础设施,政府规章,市级,上海市政府效能建设管理试行办法,,上海市人民政府,,有效,市政府规章库,https://www.shanghai.gov.cn/xxzfgzwj/20210608/b223230288b14a8a8a8190b25e2fe681.html,docs/市政与基础设施/上海市政府效能建设管理试行办法.md
市政与基础设施,政府规章,市级,上海市道路公共服务设施指示标志管理规定,,上海市人民政府,,有效,市政府规章库,https://www.shanghai.gov.cn/xxzfgzwj/20210608/78e968d60d0848b6ae88b7d823cf1205.html,docs/市政与基础设施/上海市道路公共服务设施指示标志管理规定.md
市政与基础设施,政府规章,市级,上海市高速公路管理办法,,上海市人民政府,,有效,市政府规章库,https://www.shanghai.gov.cn/xxzfgzwj/20210608/34a7a62ca36e4691a6eee76eeb129f66.html,docs/市政与基础设施/上海市高速公路管理办法.md
市政与基础设施,政府规章,市级,上海市临时占用城市道路管理办法,,上海市人民政府,,有效,市政府规章库,https://www.shanghai.gov.cn/xxzfgzwj/20210608/024f42f0c5e8405e9c5147cf58c99a48.html,docs/市政与基础设施/上海市临时占用城市道路管理办法.md
市政与基础设施,政府规章,市级,上海市农村公路管理办法,,上海市人民政府,,有效,市政府规章库,https://www.shanghai.gov.cn/xxzfgzwj/20210608/2404c85ce4494ea78aaf9a54b007b5a4.html,docs/市政与基础设施/上海市农村公路管理办法.md
市政与基础设施,政府规章,市级,上海市民用机场航空油料管线保护办法,,上海市人民政府,,有效,市政府规章库,https://www.shanghai.gov.cn/xxzfgzwj/20210608/be5652c3ed7141e483f4eb103f262aa0.html,docs/市政与基础设施/上海市民用机场航空油料管线保护办法.md
市政与基础设施,其他,区级,关于本区养老服务机构申请用水、电、燃气等 优惠政策办理指南,,上海市青浦区民政局,,有效,统一政策发布平台,https://www.shanghai.gov.cn/zhengce/detail/0083::00831367221,
市政与基础设施,审查与许可规则,区级,沪奉水务〔2023〕207号上海市奉贤区水务局关于印发《关于进一步加强排水许可和排水户监管工作的实施方案》通知,,上海市奉贤区水务局,,有效,统一政策发布平台,https://www.shanghai.gov.cn/zhengce/detail/0084::00845235,docs/市政与基础设施/沪奉水务〔2023〕207号上海市奉贤区水务局关于印发《关于进一步加强排水许可和排水户监管工作的实施.md
市容绿化与景观,规划与计划,区级,关于印发《普陀区生活垃圾分类提质增效三年行动计划（2026—2028年）》的通知,普绿容〔2026〕15号,上海市普陀区绿化和市容管理局,2026-09-04,有效,统一政策发布平台,https://www.shanghai.gov.cn/zhengce/detail/0075::0075206202,
市容绿化与景观,实施细则,区级,关于印发《普陀区单位生活垃圾处理费征收管理实施细则（试行）》的通知,普绿容规〔2026〕1号,上海市普陀区绿化和市容管理局,2026-09-01,有效,统一政策发布平台,https://www.shanghai.gov.cn/zhengce/detail/0075::0075206013,docs/市容绿化与景观/关于印发《普陀区单位生活垃圾处理费征收管理实施细则（试行）》的通知.md
市容绿化与景观,规划与计划,区级,黄浦区人民政府办公室关于印发《黄浦区生态空间建设和市容环境优化“十五五”规划》的通知,黄府办发〔2026〕29号,上海市黄浦区人民政府办公室,2026-08-26,有效,统一政策发布平台,https://www.shanghai.gov.cn/zhengce/detail/0071::cec126bd-b68d-4575-ae01-bfe0a7703618,
市容绿化与景观,规划与计划,市级,关于印发《上海市生态空间建设和市容环境优化“十五五”规划》的通知,沪绿容〔2026〕102号,上海市绿化和市容管理局,2026-07-30,有效,统一政策发布平台,https://www.shanghai.gov.cn/zhengce/detail/0039::bb4f4dcc-ff7b-44cf-a950-2cc6737b1e38,
市容绿化与景观,实施意见,市级,上海市人民政府办公厅关于印发《上海市公园提质增效实施方案》的通知,沪府办发〔2026〕21号,上海市人民政府办公厅,2026-08-04,有效,统一政策发布平台,https://www.shanghai.gov.cn/zhengce/detail/0001::8c6ab687ef4c4ef9bf16405f0b147d80,
市容绿化与景观,规划与计划,区级,关于印发《长宁区生态空间建设和市容环境优化“十五五”规划》的通知,长绿容发 〔2026〕34号,上海市长宁区绿化和市容管理局,2026-08-20,有效,统一政策发布平台,https://www.shanghai.gov.cn/zhengce/detail/0074::007482147,
市容绿化与景观,规划与计划,区级,上海市普陀区绿化和市容管理局关于印发《普陀区绿化建设和市容景观提升“十五五”规划》的通知,普绿容〔2026〕11号,上海市普陀区绿化和市容管理局,2026-07-20,有效,统一政策发布平台,https://www.shanghai.gov.cn/zhengce/detail/0075::0075205155,
市容绿化与景观,通知公告,市级,关于印发《上海市居（村）生活垃圾分类行动方案（2026—2028年）》的通知,沪绿容〔2026〕97号,上海市绿化和市容管理局,2026-07-20,有效,统一政策发布平台,https://www.shanghai.gov.cn/zhengce/detail/0039::6cf18850-9c7a-42cf-9e99-07ac63a73b59,
市容绿化与景观,通知公告,市级,上海市市场监督管理局关于印发《上海市户外广告发布内容合规指引》的通知,沪市监广告〔2026〕156号,上海市市场监督管理局,2026-07-22,有效,统一政策发布平台,https://www.shanghai.gov.cn/zhengce/detail/0019::2c984a729eef30f0019fb1bff6d65ec9,
市容绿化与景观,规划与计划,区级,闵行区人民政府关于印发《闵行区公园城市建设和市容环境优化“十五五”规划》的通知,闵府发〔2026〕20号,上海市闵行区人民政府,2026-07-22,有效,统一政策发布平台,https://www.shanghai.gov.cn/zhengce/detail/0079::00c05010-cfb9-4c90-9491-08cbd345d8dc,
市容绿化与景观,通知公告,市级,关于完善公园绿地体育健身和便民服务设施的通知,沪绿容〔2026〕91号,上海市绿化和市容管理局,2026-07-10,有效,统一政策发布平台,https://www.shanghai.gov.cn/zhengce/detail/0039::560f8a7b-b166-47db-99bb-4de44b87d732,
市容绿化与景观,规划与计划,区级,关于印发《松江区绿化市容“十五五”规划》的通知,沪松绿容发〔2026〕81号,上海市松江区绿化和市容管理局,2026-07-07,有效,统一政策发布平台,https://www.shanghai.gov.cn/zhengce/detail/0082::289d0420-5e99-489b-98f1-1b8982867775,
市容绿化与景观,通知公告,市级,关于印发《上海市单位生活垃圾处理费征收管理工作指引》的通知,沪绿容〔2026〕31号,上海市绿化和市容管理局,2026-03-17,有效,统一政策发布平台,https://www.shanghai.gov.cn/zhengce/detail/0039::a5b4df1a-d0ab-4d8b-9d87-66ff7fe53346,
市容绿化与景观,通知公告,市级,关于开展2026年上海绿化市容行业志愿服务工作的通知,沪绿容〔2026〕32号,上海市绿化和市容管理局,2026-03-18,有效,统一政策发布平台,https://www.shanghai.gov.cn/zhengce/detail/0039::80e3f945-d351-46af-b0ac-7854e9539892,
市容绿化与景观,实施意见,区级,关于印发《松江区关于加强居住区绿化管理工作的指导意见》的通知,沪松绿容发〔2026〕31号,上海市松江区绿化和市容管理局,2026-03-23,有效,统一政策发布平台,https://www.shanghai.gov.cn/zhengce/detail/0082::39d81164-93d6-40e3-8708-091f1e81ec3b,
市容绿化与景观,通知公告,市级,上海市绿化和市容管理局关于印发《上海市绿化和市容管理局信息化赋能事业高质量发展若干举措（2026年）》的通知,沪绿容〔2026〕17号,上海市绿化和市容管理局,2026-02-13,有效,统一政策发布平台,https://www.shanghai.gov.cn/zhengce/detail/0039::2635be5b-be25-4b50-be07-699fcea11a89,
市容绿化与景观,通知公告,市级,上海市绿化和市容管理局关于印发《上海市绿化和市容管理局优化营商环境 强化惠企利民服务若干举措（2026年）》的通知,沪绿容〔2026〕16号,上海市绿化和市容管理局,2026-02-12,有效,统一政策发布平台,https://www.shanghai.gov.cn/zhengce/detail/0039::cd482891-6634-47a7-a9e7-12843eb51a54,
市容绿化与景观,实施意见,区级,上海市松江区绿化和市容管理局关于印发《松江区公益林管护事项收回实施方案》的通知,沪松绿容发〔2026〕24号,上海市松江区绿化和市容管理局,2026-02-14,有效,统一政策发布平台,https://www.shanghai.gov.cn/zhengce/detail/0082::55acdbc2-138e-4278-abc2-0dbb227c3b13,
市容绿化与景观,通知公告,市级,上海市绿化和市容管理局关于印发《上海绿化市容政策支持经济社会高质量发展若干举措（2026年）》的通知,沪绿容〔2026〕14号,上海市绿化和市容管理局,2026-02-12,有效,统一政策发布平台,https://www.shanghai.gov.cn/zhengce/detail/0039::e333ddbd-c384-4ff1-98e4-735598223456,
市容绿化与景观,通知公告,市级,关于优化单位生活垃圾处理费政策的通知,沪发改价调〔2026〕3号,上海市发展和改革委员会,2026-01-26,有效,统一政策发布平台,https://www.shanghai.gov.cn/zhengce/detail/0025::6748be9d6d1249f6a65ff4e7e19b2ea8,
市容绿化与景观,办法,市级,关于印发《上海市单位生活垃圾处理费征收管理办法》的通知,沪绿容规〔2026〕1号,上海市绿化和市容管理局,2026-01-13,有效,统一政策发布平台,https://www.shanghai.gov.cn/zhengce/detail/0039::2952ba14712a49f686b88575834a3b8c,docs/市容绿化与景观/关于印发《上海市单位生活垃圾处理费征收管理办法》的通知.md
市容绿化与景观,通知公告,市级,上海市绿化和市容管理局关于蒋静乐等取得高级工程师任职资格的通知,沪绿容〔2026〕7号,上海市绿化和市容管理局,2026-01-14,有效,统一政策发布平台,https://www.shanghai.gov.cn/zhengce/detail/0039::b4e49fdd-f9ab-43c6-9547-af9cdd23507e,
市容绿化与景观,通知公告,市级,上海市绿化和市容管理局关于调整2025年下半年本市城市公园、口袋公园和休闲森林公园名录的通知,沪绿容〔2025〕209号,上海市绿化和市容管理局,2025-12-31,有效,统一政策发布平台,https://www.shanghai.gov.cn/zhengce/detail/0039::dfec3bf8-19d3-4dcb-9975-5dbd0112639f,
市容绿化与景观,规定,市级,关于印发《上海市绿化和市容管理局标准化管理若干规定（2025年修订）》《上海市绿化和市容管理局定额管理若干规定（2025年修订）》的通知,沪绿容〔2025〕207号,上海市绿化和市容管理局,2025-12-29,有效,统一政策发布平台,https://www.shanghai.gov.cn/zhengce/detail/0039::37137f23-9d9a-4227-8182-99c1e7ca909e,docs/市容绿化与景观/关于印发《上海市绿化和市容管理局标准化管理若干规定（2025年修订）》《上海市绿化和市容管理局定额管.md
市容绿化与景观,办法,市级,上海市绿化和市容管理局关于印发《上海市生活垃圾转运、处置设施运营监管办法》的通知,沪绿容规〔2025〕4号,上海市绿化和市容管理局,2025-12-10,有效,统一政策发布平台,https://www.shanghai.gov.cn/zhengce/detail/0039::e983ee69-3523-4e68-b1c2-0297a769969c,docs/市容绿化与景观/上海市绿化和市容管理局关于印发《上海市生活垃圾转运、处置设施运营监管办法》的通知.md
市容绿化与景观,办法,区级,长宁区绿化和市容管理局关于印发《长宁区设摊经营管理办法（试行）》的通知,长绿容规〔2025〕1号,上海市长宁区绿化和市容管理局,2025-12-01,有效,统一政策发布平台,https://www.shanghai.gov.cn/zhengce/detail/0074::007479887,docs/市容绿化与景观/长宁区绿化和市容管理局关于印发《长宁区设摊经营管理办法（试行）》的通知.md
市容绿化与景观,办法,市级,上海市绿化和市容管理局关于印发 《上海市可回收物主体企业服务质量评议办法(2025版)》的通知,沪绿容〔2025〕169号,上海市绿化和市容管理局,2025-11-07,有效,统一政策发布平台,https://www.shanghai.gov.cn/zhengce/detail/0039::f3b734b3342f492a9dfb8b21848581d2,docs/市容绿化与景观/上海市绿化和市容管理局关于印发 《上海市可回收物主体企业服务质量评议办法(2025版)》的通知.md
市容绿化与景观,通知公告,市级,上海市绿化和市容管理局关于2025年度古树和古树后续资源鉴定确认与死亡注销的公告,沪绿容〔2025〕152号,上海市绿化和市容管理局,2025-10-10,有效,统一政策发布平台,https://www.shanghai.gov.cn/zhengce/detail/0039::5a2848be-4519-4104-a9f3-2362327e2ec1,
市容绿化与景观,规定,市级,关于印发《关于进一步加强我市居住区绿化调整及树木修剪工作的若干规定》的通知,沪绿容〔2025〕142号,上海市绿化和市容管理局,2025-09-15,有效,统一政策发布平台,https://www.shanghai.gov.cn/zhengce/detail/0039::7c43829e16d746d3bf3229807644534e,docs/市容绿化与景观/关于印发《关于进一步加强我市居住区绿化调整及树木修剪工作的若干规定》的通知.md
市容绿化与景观,规定,市级,关于印发《上海市绿化和市容管理局（上海市林业局）陆生野生动物领域行政处罚裁量权行使规定》的通知,沪绿容规〔2025〕2号,上海市绿化和市容管理局,2025-09-02,有效,统一政策发布平台,https://www.shanghai.gov.cn/zhengce/detail/0039::ec5f0810-d4d3-41b5-b95f-ae44fc43d182,docs/市容绿化与景观/关于印发《上海市绿化和市容管理局（上海市林业局）陆生野生动物领域行政处罚裁量权行使规定》的通知.md
市容绿化与景观,实施意见,市级,市商务委 市公安局 市交通委 市文化旅游局 市市场监管局 市体育局 市绿化市容局 市城管执法局印发《关于进一步支持我市夜间经济人气地标发展的若干措施》的通知,沪商消费〔2025〕268号,上海市商务委员会,2025-08-21,有效,统一政策发布平台,https://www.shanghai.gov.cn/zhengce/detail/0023::abb842c357f74c2a87b8c78414cd3c49,
市容绿化与景观,通知公告,市级,上海市绿化和市容管理局关于在全市范围内开展保护鸟类活动的通知,沪绿容〔2025〕113号,上海市绿化和市容管理局,2025-07-30,有效,统一政策发布平台,https://www.shanghai.gov.cn/zhengce/detail/0039::15e61f03-6277-451e-bd74-fff7d9b6ecfb,
市容绿化与景观,实施意见,市级,上海市绿化和市容管理局关于印发《关于加强本市公园绿地开放管理的指导意见》的通知,沪绿容〔2025〕117号,上海市绿化和市容管理局,2025-07-31,有效,统一政策发布平台,https://www.shanghai.gov.cn/zhengce/detail/0039::362a9322-c386-4497-b6c2-f1106e9c29c0,
市容绿化与景观,规划与计划,市级,上海市绿化和市容管理局关于印发《关于加强口袋公园规划建设和养护管理的指导意见》的通知,沪绿容〔2025〕124号,上海市绿化和市容管理局,2025-08-07,有效,统一政策发布平台,https://www.shanghai.gov.cn/zhengce/detail/0039::f2368f7f-6c44-4545-9805-797243b1f842,
市容绿化与景观,实施意见,市级,关于印发《关于支持重点产业项目绿地率统筹平衡的若干措施》的通知,沪绿容〔2025〕72号,上海市绿化和市容管理局,2025-07-01,有效,统一政策发布平台,https://www.shanghai.gov.cn/zhengce/detail/0039::e7cdba21-1016-4d3f-8580-276c09e5e238,
市容绿化与景观,其他,市级,上海市绿化行业2025年防汛防台专项应急预案,沪绿容〔2025〕98号,上海市绿化和市容管理局,2025-07-01,有效,统一政策发布平台,https://www.shanghai.gov.cn/zhengce/detail/0039::99043d23-cece-4719-bc57-960dd437ac87,
市容绿化与景观,通知公告,市级,上海市绿化和市容管理局关于调整2025年上半年本市城市公园和口袋公园名录的通知,沪绿容〔2025〕88号,上海市绿化和市容管理局,2025-06-19,有效,统一政策发布平台,https://www.shanghai.gov.cn/zhengce/detail/0039::5f3edc5a-8f09-4e9a-8c2b-7d03265e9bb1,
市容绿化与景观,实施意见,其他,关于印发《临港新片区户外广告设施设置实施方案（合订版）》的通知,沪自贸临管委〔2025〕57号,中国（上海）自由贸易试验区临港新片区管理委员会,2025-07-14,有效,统一政策发布平台,https://www.shanghai.gov.cn/zhengce/detail/0058::e9c7d189e45f41fa882b15b188dfc850,
市容绿化与景观,实施意见,区级,关于印发《静安区2025年生活垃圾分类工作实施方案》的通知,静绿容发〔2025〕37号,上海市静安区绿化和市容管理局,2025-06-23,有效,统一政策发布平台,https://www.shanghai.gov.cn/zhengce/detail/0072::d156896d-7ace-42a5-a2d3-e8981959fc7c,
市容绿化与景观,技术规定与导则,市级,关于印发《上海市休闲森林公园规划建设导则（试行）》的通知,沪绿容〔2025〕42号,上海市绿化和市容管理局,2025-03-26,有效,统一政策发布平台,https://www.shanghai.gov.cn/zhengce/detail/0039::c0c24607db324badb16d78e6d4cea4a7,docs/市容绿化与景观/关于印发《上海市休闲森林公园规划建设导则（试行）》的通知.md
市容绿化与景观,办法,市级,上海市绿化和市容管理局 上海市高级人民法院 上海市人民检察院 上海市公安局关于印发《上海市林业行政执法与刑事司法衔接实施办法》的通知,沪绿容〔2025〕31号,上海市绿化和市容管理局,2025-03-04,有效,统一政策发布平台,https://www.shanghai.gov.cn/zhengce/detail/0039::c7d94a0a214047b5b19acb5434f67a8e,docs/市容绿化与景观/上海市绿化和市容管理局 上海市高级人民法院 上海市人民检察院 上海市公安局关于印发《上海市林业行政执.md
市容绿化与景观,实施意见,市级,上海市绿化和市容管理局关于印发《上海绿化市容行业支持经济社会高质量发展的若干措施》的通知,沪绿容〔2025〕14号,上海市绿化和市容管理局,2025-03-12,有效,统一政策发布平台,https://www.shanghai.gov.cn/zhengce/detail/0039::30eeae67-800f-419f-8e93-d94b97f95ae2,
市容绿化与景观,实施意见,市级,关于印发《上海市绿化和市容管理局强化惠企利民服务 持续优化营商环境工作方案》的通知,沪绿容〔2025〕26号,上海市绿化和市容管理局,2025-03-03,有效,统一政策发布平台,https://www.shanghai.gov.cn/zhengce/detail/0039::7f8762e6-8604-4e7d-a4bb-998181d4a676,
市容绿化与景观,通知公告,市级,上海市绿化和市容管理局关于公布第二批上海市森林乡村名单的通知,沪绿容〔2025〕6号,上海市绿化和市容管理局,2025-01-14,有效,统一政策发布平台,https://www.shanghai.gov.cn/zhengce/detail/0039::75b5217c-09a5-440f-bd35-b3000507640e,
市容绿化与景观,技术规定与导则,市级,关于印发并实施《上海市公园、绿地与“一江一河”滨水开放空间设施配建管理导则》的通知,沪规划资源建〔2025〕15号,上海市规划和自然资源局,2025-01-21,有效,统一政策发布平台,https://www.shanghai.gov.cn/zhengce/detail/0032::569e5a462c0040948573c7ede95b987c,docs/市容绿化与景观/关于印发并实施《上海市公园、绿地与“一江一河”滨水开放空间设施配建管理导则》的通知.md
市容绿化与景观,通知公告,市级,关于调整本市口袋公园名录的通知,沪绿容〔2024〕489号,上海市绿化和市容管理局,2024-12-26,有效,统一政策发布平台,https://www.shanghai.gov.cn/zhengce/detail/0039::4f78b027-a5d8-469d-a4d9-350c148c52a8,
市容绿化与景观,办法,区级,关于印发 《黄浦区单位生活垃圾处理费征收管理办法》的通知,黄绿容规〔2024〕1号,上海市黄浦区绿化和市容管理局,2024-11-13,有效,统一政策发布平台,https://www.shanghai.gov.cn/zhengce/detail/0071::522f1fcb-a9e4-4dc5-9712-87bd8a462109,docs/市容绿化与景观/关于印发 《黄浦区单位生活垃圾处理费征收管理办法》的通知.md
市容绿化与景观,通知公告,市级,上海市市场监督管理局关于明确本市可能产生不良影响的户外广告具体范围的通知,沪市监规范〔2024〕7号,上海市市场监督管理局,2024-11-29,有效,统一政策发布平台,https://www.shanghai.gov.cn/zhengce/detail/0019::2c984a729367d800019386926be57ba1,
市容绿化与景观,通知公告,市级,关于调整本市城市公园名录的通知,沪绿容〔2024〕414号,上海市绿化和市容管理局,2024-11-01,有效,统一政策发布平台,https://www.shanghai.gov.cn/zhengce/detail/0039::a4a0d54e-6a40-4359-abfb-365481f202a3,
市容绿化与景观,通知公告,市级,关于印发《上海市绿化和市容管理局城市公园游乐设施突发事件应急预案》的通知,沪绿容〔2024〕434号,上海市绿化和市容管理局,2024-11-11,有效,统一政策发布平台,https://www.shanghai.gov.cn/zhengce/detail/0039::5e06a0d8-0d6e-40f0-a54e-28f32bbd31f7,
市容绿化与景观,通知公告,市级,关于印发《上海市绿化和市容管理局城市公园大客流突发事件应急预案》的通知,沪绿容〔2024〕433号,上海市绿化和市容管理局,2024-11-11,有效,统一政策发布平台,https://www.shanghai.gov.cn/zhengce/detail/0039::90c2b723-b5d5-480c-aa05-4a53008b57c8,
市容绿化与景观,实施意见,区级,上海市奉贤区人民政府关于印发《奉贤区景观照明管理实施意见》的通知,沪奉府规〔2024〕4号,上海市奉贤区人民政府,2024-11-18,有效,统一政策发布平台,https://www.shanghai.gov.cn/zhengce/detail/0084::0084572,
市容绿化与景观,办法,市级,关于印发《上海市公园配套服务项目管理办法（试行）》的通知,沪绿容〔2024〕407号,上海市绿化和市容管理局,2024-11-01,有效,统一政策发布平台,https://www.shanghai.gov.cn/zhengce/detail/0039::a79b59f7-f123-4781-9601-3cbabbb1278e,docs/市容绿化与景观/关于印发《上海市公园配套服务项目管理办法（试行）》的通知.md
市容绿化与景观,审查与许可规则,市级,关于实施从事城市生活垃圾清扫、收集、运输服务审批事项和经营性处理服务审批事项跨层级综合监管工作的通知,沪绿容〔2024〕330号,上海市绿化和市容管理局,2024-09-03,有效,统一政策发布平台,https://www.shanghai.gov.cn/zhengce/detail/0039::a245a41b-5d3d-4074-b46f-721f74f90460,docs/市容绿化与景观/关于实施从事城市生活垃圾清扫、收集、运输服务审批事项和经营性处理服务审批事项跨层级综合监管工作的通知.md
市容绿化与景观,实施意见,市级,上海市绿化和市容管理局关于印发《2024年上海市绿化养护行业工资福利待遇工作指导意见》和《2024年上海市环卫行业工资福利待遇工作指导意见》的通知,沪绿容〔2024〕339号,上海市绿化和市容管理局,2024-09-06,有效,统一政策发布平台,https://www.shanghai.gov.cn/zhengce/detail/0039::29d649a9-99ab-46aa-8bf0-2686ab4063a8,
市容绿化与景观,办法,市级,关于印发《上海市生活垃圾分类优化提升工作市级奖励资金管理办法》的通知,沪绿容〔2024〕285号,上海市绿化和市容管理局,2024-07-26,有效,统一政策发布平台,https://www.shanghai.gov.cn/zhengce/detail/0039::610328b4-41fa-4ba8-a02d-33ae63c92efc,docs/市容绿化与景观/关于印发《上海市生活垃圾分类优化提升工作市级奖励资金管理办法》的通知.md
市容绿化与景观,通知公告,市级,关于印发《上海市生活垃圾分类投放指引（2024版）》的通知,沪绿容〔2024〕278号,上海市绿化和市容管理局,2024-07-17,有效,统一政策发布平台,https://www.shanghai.gov.cn/zhengce/detail/0039::40b9feaa-53db-472f-8a6b-2c3cf0465def,
市容绿化与景观,通知公告,市级,关于转发《上海市绿化和市容管理局关于印发〈上海市生活垃圾分类投放指引（2024版）〉的通知》的通知,沪分减联办〔2024〕5号,上海市绿化和市容管理局,2024-07-23,有效,统一政策发布平台,https://www.shanghai.gov.cn/zhengce/detail/0039::563540ab-3fce-49de-b46d-9d1ba6fdfeab,
市容绿化与景观,通知公告,市级,关于印发《上海市生活垃圾精细化分类样板区域建设工作要点》的通知,沪分减联办〔2024〕6号,上海市绿化和市容管理局,2024-07-30,有效,统一政策发布平台,https://www.shanghai.gov.cn/zhengce/detail/0039::2ae44bf0-bf0b-4f33-b138-cb2d68320a42,
市容绿化与景观,通知公告,区级,关于印发《崇明区绿化和市容管理局空气重污染应急工作预案（2024版）》的通知,沪崇绿容〔2024〕63号,上海市崇明区绿化和市容管理局,2024-07-15,有效,统一政策发布平台,https://www.shanghai.gov.cn/zhengce/detail/0085::test_3fc13ae4-14c2-4fb4-9578-029f5981d58c,
市容绿化与景观,规划与计划,市级,上海市绿化和市容管理局关于下发《上海市花白玉兰推广应用三年行动计划（2024-2026年）》的通知,沪绿容〔2024〕264号,上海市绿化和市容管理局,2024-07-04,有效,统一政策发布平台,https://www.shanghai.gov.cn/zhengce/detail/0039::23cc5d7a-cd50-4024-ad3d-8d0f72a09b63,
市容绿化与景观,实施意见,区级,宝山区绿化和市容管理局安全生产和安全管理治本攻坚三年行动实施方案 （2024-2026年）,宝绿容〔2024〕76号,上海市宝山区绿化和市容管理局,2024-06-11,有效,统一政策发布平台,https://www.shanghai.gov.cn/zhengce/detail/0078::c7c447c7-214e-45d2-8133-653f56d26b1c,
市容绿化与景观,通知公告,市级,关于进一步加强上海市国家级自然公园管理有关工作的通知,沪绿容〔2024〕252号,上海市绿化和市容管理局,2024-06-24,有效,统一政策发布平台,https://www.shanghai.gov.cn/zhengce/detail/0039::2046fc78-154b-4155-86a4-409ed67f99af,
市容绿化与景观,规划与计划,市级,市商务委 市绿化市容局 市发展改革委 市规划资源局关于印发《上海市再生资源回收利用体系建设专项行动》的通知,沪商市场〔2024〕108号,上海市商务委员会,2024-06-05,有效,统一政策发布平台,https://www.shanghai.gov.cn/zhengce/detail/0023::a7268309520d41ce8c2d051832ae880f,
市容绿化与景观,通知公告,市级,关于印发《上海市绿化市容（林业）领域轻微违法行为依法不予行政处罚清单（一）》的通知,沪绿容规〔2024〕3号,上海市绿化和市容管理局,2024-05-28,有效,统一政策发布平台,https://www.shanghai.gov.cn/zhengce/detail/0039::928e6b20-4cf3-49ba-84ae-f3eb8b2db2ca,
市容绿化与景观,通知公告,市级,关于印发《上海市绿化系统防汛防台专项应急预案》的通知,沪绿容〔2024〕196号,上海市绿化和市容管理局,2024-05-21,有效,统一政策发布平台,https://www.shanghai.gov.cn/zhengce/detail/0039::2464ba61-f852-40a6-b361-e3c565088ccd,
市容绿化与景观,实施意见,市级,上海市商务委员会 上海市委宣传部 上海市财政局 上海市公安局 上海市市场监督管理局 上海市绿化和市容管理局 上海海关关于印发《关于进一步促进上海市首发经济高质量发展的若干措施》的通知,沪商规〔2024〕4号,上海市商务委员会,2024-05-17,有效,统一政策发布平台,https://www.shanghai.gov.cn/zhengce/detail/0023::41706e7ee3c840ba9016585d83dec26e,
市容绿化与景观,通知公告,市级,关于印发《关于支持“智造空间”打造完善工业项目配套绿化管理的工作指引》的通知,沪绿容〔2024〕154号,上海市绿化和市容管理局,2024-04-15,有效,统一政策发布平台,https://www.shanghai.gov.cn/zhengce/detail/0039::8219ab36-16fe-4245-9ad3-53e530b5f264,
市容绿化与景观,实施意见,区级,关于印发《静安区持续优化生活垃圾全程分类体系工作方案》的通知,静绿容发〔2024〕15号,上海市静安区绿化和市容管理局,2024-04-29,有效,统一政策发布平台,https://www.shanghai.gov.cn/zhengce/detail/0072::00e9badc-ebf3-4cfe-9313-572ca961ea38,
市容绿化与景观,实施意见,市级,上海市市场监督管理局 上海市文化和旅游局 上海市绿化和市容管理局 上海市体育局关于印发《大型游乐设施运营使用单位跨部门综合监管“一件事”改革实施方案》的通知,沪市监特种〔2024〕167号,上海市市场监督管理局,2024-04-15,有效,统一政策发布平台,https://www.shanghai.gov.cn/zhengce/detail/0019::2c984a728ee0ba36018ef3fd47493293,
市容绿化与景观,通知公告,市级,关于开展本市生活垃圾收集站（压缩式）提升改造工作的通知,沪绿容〔2024〕152号,上海市绿化和市容管理局,2024-04-12,有效,统一政策发布平台,https://www.shanghai.gov.cn/zhengce/detail/0039::29b0904c-c15a-4c54-ba1e-66013d1db802,
市容绿化与景观,通知公告,市级,关于公布“2023年度生活垃圾分类精品居住区（村）、示范型可回收物中转站（集散场）”名单的通知,沪绿容〔2024〕118号,上海市绿化和市容管理局,2024-03-26,有效,统一政策发布平台,https://www.shanghai.gov.cn/zhengce/detail/0039::9175ab84-960f-43f1-8de3-29789ccce1b3,
市容绿化与景观,实施意见,其他,关于印发《中国（上海）自由贸易试验区临港新片区户外广告设施设置实施方案（2023版）》的通知,沪自贸临管委〔2024〕28号,中国（上海）自由贸易试验区临港新片区管理委员会,2024-03-14,有效,统一政策发布平台,https://www.shanghai.gov.cn/zhengce/detail/0058::b8e3bdd569a44a81967186d0a50f6387,
市容绿化与景观,实施意见,区级,宝山区绿化和市容管理局关于印发《宝山区户外广告设施设置实施方案》的通知,宝绿容〔2024〕19号,上海市宝山区绿化和市容管理局,2024-02-27,有效,统一政策发布平台,https://www.shanghai.gov.cn/zhengce/detail/0078::bbdf05a9-ff43-4c41-ae66-73dc066cc1fd,
市容绿化与景观,通知公告,市级,关于命名静安区新闸路“街委会”自律组织等10个自律组织为上海市市容环境卫生责任区“十佳优秀自律组织”的通知,沪绿容〔2024〕26号,上海市绿化和市容管理局,2024-01-16,有效,统一政策发布平台,https://www.shanghai.gov.cn/zhengce/detail/0039::673e194d-c9d5-4f6c-bc33-bb70bbbef495,
市容绿化与景观,规划与计划,市级,关于印发《上海市景观照明规划（2024-2035年）》的通知,沪绿容〔2024〕33号,上海市绿化和市容管理局,2024-01-18,有效,统一政策发布平台,https://www.shanghai.gov.cn/zhengce/detail/0039::cd94807b-b61d-4ce3-9e42-5e82bd36c097,
市容绿化与景观,实施意见,市级,关于提升本市市容保障服务管理能级的指导意见,沪绿容〔2024〕38号,上海市绿化和市容管理局,2024-01-22,有效,统一政策发布平台,https://www.shanghai.gov.cn/zhengce/detail/0039::59f97215-4f77-4644-8396-083bca4d7615,
市容绿化与景观,通知公告,市级,关于调整本市城乡公园名录的通知,沪绿容〔2023〕507号,上海市绿化和市容管理局,2023-12-29,有效,统一政策发布平台,https://www.shanghai.gov.cn/zhengce/detail/0039::7247719a-bb6b-4ab3-ac75-25aa62ec9cc4,
市容绿化与景观,通知公告,市级,关于印发《上海市城市公园实行24小时开放管理指引（试行）》的通知,沪绿容〔2023〕475号,上海市绿化和市容管理局,2023-12-07,有效,统一政策发布平台,https://www.shanghai.gov.cn/zhengce/detail/0039::b238c6a6-795a-49cd-b0ea-f2a7aa21c35d,
市容绿化与景观,通知公告,市级,关于开展“国球进社区、进园区、进公园”活动进一步增加全民健身场地设施的通知,沪体群〔2023〕185号,上海市体育局,2023-12-20,有效,统一政策发布平台,https://www.shanghai.gov.cn/zhengce/detail/0027::5ec43b23dbb8457c89475c0e7470bc20,
市容绿化与景观,审查与许可规则,市级,关于印发《上海市绿化市容行业行政审批管理系统管理要求》的通知,沪绿容办〔2023〕19号,上海市绿化和市容管理局,2023-10-25,有效,统一政策发布平台,https://www.shanghai.gov.cn/zhengce/detail/0039::60e2675d-8eec-4e3a-89ad-378f4202af03,docs/市容绿化与景观/关于印发《上海市绿化市容行业行政审批管理系统管理要求》的通知.md
市容绿化与景观,规定,区级,浦东新区人民政府关于印发《浦东新区景观照明管理若干规定》的通知,浦府管规〔2023〕3号,上海市浦东新区人民政府,2023-10-25,有效,统一政策发布平台,https://www.shanghai.gov.cn/zhengce/detail/0070::0070319400,docs/市容绿化与景观/浦东新区人民政府关于印发《浦东新区景观照明管理若干规定》的通知.md
市容绿化与景观,办法,市级,关于印发《上海市单位附属绿地开放共享实施办法（暂行）》的通知,沪绿委办〔2023〕6号,上海市绿化和市容管理局,2023-09-11,有效,统一政策发布平台,https://www.shanghai.gov.cn/zhengce/detail/0039::f856351e-61cf-4366-8fb0-26f8f09e80a5,docs/市容绿化与景观/关于印发《上海市单位附属绿地开放共享实施办法（暂行）》的通知.md
市容绿化与景观,技术规定与导则,市级,上海市绿化和市容管理局关于印发《上海市苏州河滨水公共空间户外招牌设置导则》的通知,沪绿容〔2023〕343号,上海市绿化和市容管理局,2023-09-04,有效,统一政策发布平台,https://www.shanghai.gov.cn/zhengce/detail/0039::b4685be9-15d0-4e04-86ac-78878a18afb6,docs/市容绿化与景观/上海市绿化和市容管理局关于印发《上海市苏州河滨水公共空间户外招牌设置导则》的通知.md
市容绿化与景观,实施意见,市级,上海市绿化和市容管理局关于印发 《2023年上海市绿化养护和环卫行业工资福利待遇工作指导意见》的通知,沪绿容〔2023〕323号,上海市绿化和市容管理局,2023-08-23,有效,统一政策发布平台,https://www.shanghai.gov.cn/zhengce/detail/0039::c0ef556f-02a1-49f6-96b3-a563e9d40fb2,
市容绿化与景观,办法,区级,金山区绿化和市容管理局关于印发《金山区建筑垃圾处理管理办法》的通知,金绿容规〔2023〕2号,上海市金山区绿化和市容管理局,2023-08-11,有效,统一政策发布平台,https://www.shanghai.gov.cn/zhengce/detail/0081::00813eef185aef34ad44e25f38f56dd4c05e,docs/市容绿化与景观/金山区绿化和市容管理局关于印发《金山区建筑垃圾处理管理办法》的通知.md
市容绿化与景观,实施意见,市级,上海市绿化和市容管理局关于印发《关于进一步规范设摊经营活动的指导意见（试行）》的通知,沪绿容规〔2023〕4号,上海市绿化和市容管理局,2023-06-29,有效,统一政策发布平台,https://www.shanghai.gov.cn/zhengce/detail/0039::b7751d775473421387fa8ede98921b6f,
市容绿化与景观,通知公告,市级,关于规范生活垃圾焚烧单位协同处置一般工业固体废物管理流程的通知,沪绿容〔2023〕256号,上海市绿化和市容管理局,2023-06-25,有效,统一政策发布平台,https://www.shanghai.gov.cn/zhengce/detail/0039::fadfc313-d4bc-4298-b3e6-e1f54d318045,
市容绿化与景观,技术规定与导则,市级,关于印发修订后的《上海市居住区绿化调整技术规范》的通知,沪绿容〔2023〕249号,上海市绿化和市容管理局,2023-06-25,有效,统一政策发布平台,https://www.shanghai.gov.cn/zhengce/detail/0039::ae9655eb-6931-4b36-b9e8-c901aef7f2ab,docs/市容绿化与景观/关于印发修订后的《上海市居住区绿化调整技术规范》的通知.md
市容绿化与景观,办法,市级,关于印发《上海市临时性户外广告设施设置管理办法》的通知,沪绿容规〔2023〕3号,上海市绿化和市容管理局,2023-06-28,有效,统一政策发布平台,https://www.shanghai.gov.cn/zhengce/detail/0039::4e709613-ecbe-479e-a857-516ede9d8680,docs/市容绿化与景观/关于印发《上海市临时性户外广告设施设置管理办法》的通知.md
市容绿化与景观,地方性法规,市级,关于印发《＜上海市市容环境卫生管理条例＞轻微违法行为依法不予行政处罚清单》的通知,沪城管规〔2023〕5号,上海市城市管理行政执法局,2023-06-16,有效,统一政策发布平台,https://www.shanghai.gov.cn/zhengce/detail/0043::f4efdfaaeb1d4c1ea92740ba0345f8c6,docs/市容绿化与景观/关于印发《＜上海市市容环境卫生管理条例＞轻微违法行为依法不予行政处罚清单》的通知.md
市容绿化与景观,通知公告,市级,上海市生态环境局  上海市绿化和市容管理局上海市城市管理行政执法局关于进一步规范本市生活垃圾焚烧设施协同处置一般工业固体废物环境管理工作的通知,沪环土〔2023〕79号,上海市生态环境局,2023-05-24,有效,统一政策发布平台,https://www.shanghai.gov.cn/zhengce/detail/0024::795cc1685d844f5e99d63a1d0843a8e3,
市容绿化与景观,办法,区级,关于修订印发《静安区单位生活垃圾处理费征收管理办法》的通知,静绿容规〔2023〕1号,上海市静安区绿化和市容管理局,2023-05-23,有效,统一政策发布平台,https://www.shanghai.gov.cn/zhengce/detail/0072::9b500bf3-da6a-413d-af21-396b18f6c516,docs/市容绿化与景观/关于修订印发《静安区单位生活垃圾处理费征收管理办法》的通知.md
市容绿化与景观,技术规定与导则,市级,关于印发《上海市体育公园建设运营管理导则》的通知,沪体财〔2023〕65号,上海市体育局,2023-04-07,有效,统一政策发布平台,https://www.shanghai.gov.cn/zhengce/detail/0027::f05532b6a0f9489ba5e7085fb4869a38,docs/市容绿化与景观/关于印发《上海市体育公园建设运营管理导则》的通知.md
市容绿化与景观,实施意见,市级,关于印发《上海市绿化废弃物处理和资源化利用工作方案》的通知,沪绿容〔2023〕155号,上海市绿化和市容管理局,2023-04-20,有效,统一政策发布平台,https://www.shanghai.gov.cn/zhengce/detail/0039::3144d60b-01be-4155-9c59-c44384dc70dc,
市容绿化与景观,通知公告,市级,关于明确公园举办活动、公园停闭园有关要求的通知,沪绿容〔2023〕100号,上海市绿化和市容管理局,2023-03-06,有效,统一政策发布平台,https://www.shanghai.gov.cn/zhengce/detail/0039::6d9e5ed8-c793-4f2a-b2fc-d886ae508ab4,
市容绿化与景观,通知公告,市级,关于调整本市生活垃圾运输处置结算价格标准的通知,沪绿容〔2023〕67号,上海市绿化和市容管理局,2023-02-09,有效,统一政策发布平台,https://www.shanghai.gov.cn/zhengce/detail/0039::dc96dd58-0135-4108-84f9-cc1038cd23c6,
市容绿化与景观,技术规定与导则,市级,关于印发《上海市户外广告设施设置技术规范》的通知,沪绿容〔2023〕82号,上海市绿化和市容管理局,2023-02-23,有效,统一政策发布平台,https://www.shanghai.gov.cn/zhengce/detail/0039::809b9f08-0cd9-4cf3-9d3b-a323d05983ef,docs/市容绿化与景观/关于印发《上海市户外广告设施设置技术规范》的通知.md
市容绿化与景观,办法,区级,金山区绿化和市容管理局关于印发《金山区生态公益林建设和养护管理办法》的通知,金绿容规〔2023〕1号,上海市金山区绿化和市容管理局,2023-02-15,有效,统一政策发布平台,https://www.shanghai.gov.cn/zhengce/detail/0081::008109b97a8bd033407c9d748a139192013a,docs/市容绿化与景观/金山区绿化和市容管理局关于印发《金山区生态公益林建设和养护管理办法》的通知.md
市容绿化与景观,办法,市级,关于印发《上海市绿化市容行业公共信用信息管理办法》的通知,沪绿容规〔2023〕2号,上海市绿化和市容管理局,2023-02-01,有效,统一政策发布平台,https://www.shanghai.gov.cn/zhengce/detail/0039::84e84a7e-d03d-4d46-9505-4cc82dbfec9d,docs/市容绿化与景观/关于印发《上海市绿化市容行业公共信用信息管理办法》的通知.md
市容绿化与景观,通知公告,市级,关于通报表扬2022年度市绿化市容行业劳动立功竞赛先进集体和个人的通知,沪绿容〔2023〕50号,上海市绿化和市容管理局,2023-02-10,有效,统一政策发布平台,https://www.shanghai.gov.cn/zhengce/detail/0039::6dab9e6e-b106-4063-90b1-d356523b69a2,
市容绿化与景观,实施意见,市级,关于印发《上海市推进体育公园建设实施方案》的通知,沪发改社〔2023〕7号,上海市发展和改革委员会,2023-02-06,有效,统一政策发布平台,https://www.shanghai.gov.cn/zhengce/detail/0025::d753759eb9b548e0be4027c9eec80043,
市容绿化与景观,规划与计划,市级,关于印发《上海市户外广告设施设置规划（2023-2027年）》的通知,沪绿容〔2023〕25号,上海市绿化和市容管理局,2023-01-20,有效,统一政策发布平台,https://www.shanghai.gov.cn/zhengce/detail/0039::39d2cc05-93cf-4997-bf0e-03dce780614d,
市容绿化与景观,通知公告,市级,关于命名黄浦区多稼路片管会等10个自律组织为上海市市容环境卫生责任区“十佳优秀自律组织”的通知,沪绿容〔2023〕30号,上海市绿化和市容管理局,2023-01-28,有效,统一政策发布平台,https://www.shanghai.gov.cn/zhengce/detail/0039::a5bb847f-6298-41aa-a39a-fb7f9cb4d972,
市容绿化与景观,技术规定与导则,市级,关于印发《上海市单位附属绿地开放共享建设技术导则（试行）》的通知,沪绿委办〔2023〕1号,上海市绿化和市容管理局,2023-01-20,有效,统一政策发布平台,https://www.shanghai.gov.cn/zhengce/detail/0039::2280ebd7-2945-49e2-9276-68e6bb4280a4,docs/市容绿化与景观/关于印发《上海市单位附属绿地开放共享建设技术导则（试行）》的通知.md
市容绿化与景观,办法,市级,关于印发修订后的《上海市居住区绿化调整实施办法》的通知,沪绿容规〔2023〕1号,上海市绿化和市容管理局,2023-01-10,有效,统一政策发布平台,https://www.shanghai.gov.cn/zhengce/detail/0039::1bdfe31d-ac8b-46c1-bebc-c13fde2dd987,docs/市容绿化与景观/关于印发修订后的《上海市居住区绿化调整实施办法》的通知.md
市容绿化与景观,通知公告,市级,关于调整本市公园名录的通知,沪绿容〔2023〕3号,上海市绿化和市容管理局,2023-01-03,有效,统一政策发布平台,https://www.shanghai.gov.cn/zhengce/detail/0039::1a881ce3-ef06-46af-aec4-76fc2718b795,
市容绿化与景观,地方性法规,市级,关于印发《＜上海市市容环境卫生管理条例＞行政处罚裁量基准》的通知,沪城管规〔2023〕1号,上海市城市管理行政执法局,2023-01-09,有效,统一政策发布平台,https://www.shanghai.gov.cn/zhengce/detail/0043::22f2188c528f4e558b138843ad7d5e66,docs/市容绿化与景观/关于印发《＜上海市市容环境卫生管理条例＞行政处罚裁量基准》的通知.md
市容绿化与景观,实施意见,市级,上海市人民政府办公厅关于科学绿化的实施意见,沪府办发〔2022〕24号,上海市人民政府办公厅,2022-12-29,有效,统一政策发布平台,https://www.shanghai.gov.cn/zhengce/detail/0001::69e456730ede410dbadaf6c4cfa96ecf,
市容绿化与景观,通知公告,市级,上海市人民政府办公厅关于同意调整本市生活垃圾运输处置结算价格标准的通知,沪府办〔2022〕52号,上海市人民政府办公厅,2022-12-30,有效,统一政策发布平台,https://www.shanghai.gov.cn/zhengce/detail/0001::b1775688382f487b91eca483ba9622e6,
市容绿化与景观,办法,区级,关于下发《宝山区绿化和市容管理局项目采购管理办法》的通知,宝绿容〔2022〕80号,上海市宝山区绿化和市容管理局,2022-11-24,有效,统一政策发布平台,https://www.shanghai.gov.cn/zhengce/detail/0078::d57621b6-8424-4b59-920a-fe218d324856,docs/市容绿化与景观/关于下发《宝山区绿化和市容管理局项目采购管理办法》的通知.md
市容绿化与景观,通知公告,市级,关于印发《上海市城市公园帐篷区管理指引（试行）》 的通知,沪绿容〔2022〕333号,上海市绿化和市容管理局,2022-12-01,有效,统一政策发布平台,https://www.shanghai.gov.cn/zhengce/detail/0039::769b5cbc-70f2-4775-a9ef-eaae5d0d29eb,
市容绿化与景观,通知公告,市级,关于印发《上海市绿化市容（林业）领域轻微违法行为不予处罚清单》的通知,沪绿容规〔2022〕2号,上海市绿化和市容管理局,2022-12-14,有效,统一政策发布平台,https://www.shanghai.gov.cn/zhengce/detail/0039::b49d0600976e44fb8e3c6f3bc487ce34,
市容绿化与景观,实施意见,市级,上海市绿化和市容管理局关于进一步加强本市公共厕所管理工作的指导意见,沪绿容〔2022〕320号,上海市绿化和市容管理局,2022-11-29,有效,统一政策发布平台,https://www.shanghai.gov.cn/zhengce/detail/0039::68f78065a2f54a5694222e7e8b45bc70,
市容绿化与景观,办法,市级,关于印发《上海市绿化市容局行政许可监督检查办法》的通知,沪绿容〔2022〕319号,上海市绿化和市容管理局,2022-11-29,有效,统一政策发布平台,https://www.shanghai.gov.cn/zhengce/detail/0039::97a653b4-1482-4b32-9614-0d58a12301f0,docs/市容绿化与景观/关于印发《上海市绿化市容局行政许可监督检查办法》的通知.md
市容绿化与景观,技术规定与导则,市级,关于印发《上海市景观照明技术规范》的通知,沪绿容〔2022〕310号,上海市绿化和市容管理局,2022-11-24,有效,统一政策发布平台,https://www.shanghai.gov.cn/zhengce/detail/0039::ec625bb41ee141889c6028437a09e3b8,docs/市容绿化与景观/关于印发《上海市景观照明技术规范》的通知.md
市容绿化与景观,通知公告,市级,上海市市场监督管理局关于发布《生活垃圾分类投放收运要求》等13项地方标准的公告,沪市监标技〔2022〕466号,上海市市场监督管理局,2022-10-28,有效,统一政策发布平台,https://www.shanghai.gov.cn/zhengce/detail/0019::2c984a728435b77f0184509253216802,
市容绿化与景观,通知公告,市级,关于印发《生活垃圾收运作业单位管理规范》和 《生活垃圾收运作业人员操作规程》的通知,沪绿容〔2022〕238号,上海市绿化和市容管理局,2022-09-30,有效,统一政策发布平台,https://www.shanghai.gov.cn/zhengce/detail/0039::038271dc-c16f-43ce-91f3-d2e42e1d3fc5,
市容绿化与景观,办法,市级,关于印发《上海市“十四五”口袋公园（街心花园）建设项目专项扶持办法》的通知,沪发改环资〔2022〕119号,上海市发展和改革委员会,2022-09-16,有效,统一政策发布平台,https://www.shanghai.gov.cn/zhengce/detail/0025::6fbdc82d043c4830b60aaa8649805a27,docs/市容绿化与景观/关于印发《上海市“十四五”口袋公园（街心花园）建设项目专项扶持办法》的通知.md
市容绿化与景观,办法,市级,关于印发《上海市环城生态公园带外环绿带功能提升项目及外环绿道贯通项目专项扶持办法》的通知,沪发改环资〔2022〕118号,上海市发展和改革委员会,2022-09-16,有效,统一政策发布平台,https://www.shanghai.gov.cn/zhengce/detail/0025::0b1486b169bb441083a8b4dcb3651557,docs/市容绿化与景观/关于印发《上海市环城生态公园带外环绿带功能提升项目及外环绿道贯通项目专项扶持办法》的通知.md
市容绿化与景观,实施意见,市级,关于印发 《2022年上海市绿化养护和环卫行业工资福利待遇工作指导意见》的通知,沪绿容〔2022〕154号,上海市绿化和市容管理局,2022-08-08,有效,统一政策发布平台,https://www.shanghai.gov.cn/zhengce/detail/0039::639546fd-9758-42e8-924d-68ddc4d77b87,
市容绿化与景观,通知公告,市级,关于印发《上海市绿化市容行业公共服务事项管理要求》的通知,沪绿容〔2022〕159号,上海市绿化和市容管理局,2022-08-09,有效,统一政策发布平台,https://www.shanghai.gov.cn/zhengce/detail/0039::c1bb7b6b-f743-422a-bb29-27766f74bb12,
市容绿化与景观,规定,其他,关于印发《临港新片区绿地养护资金二类经费使用管理的暂行规定》的通知,沪自贸临管委〔2022〕79号,中国（上海）自由贸易试验区临港新片区管理委员会,2022-08-03,有效,统一政策发布平台,https://www.shanghai.gov.cn/zhengce/detail/0058::994e5295dd44447a999697b73c0e1c34,docs/市容绿化与景观/关于印发《临港新片区绿地养护资金二类经费使用管理的暂行规定》的通知.md
市容绿化与景观,实施意见,市级,关于进一步优化营商环境完善本市户外广告设施设置阵地实施方案编制工作的意见,沪绿容〔2022〕129号,上海市绿化和市容管理局,2022-07-12,有效,统一政策发布平台,https://www.shanghai.gov.cn/zhengce/detail/0039::350e3c79-d8e9-478c-9769-c663bf444eae,
市容绿化与景观,规划与计划,市级,市农业农村委 市绿化市容局 上海海关 市生态环境局 市规划资源局关于印发《上海市进一步加强外来物种入侵防控工作方案》的通知,沪农委〔2022〕122号,上海市农业农村委员会,2022-06-30,有效,统一政策发布平台,https://www.shanghai.gov.cn/zhengce/detail/0009::2ee29aa3b0c045e79c77588e778b0407,
市容绿化与景观,规划与计划,市级,关于印发《上海市环境卫生设施专项规划（2022-2035年）》的通知,沪绿容〔2022〕94号,上海市绿化和市容管理局,2022-06-06,有效,统一政策发布平台,https://www.shanghai.gov.cn/zhengce/detail/0039::15eeae2c-2cb1-44c8-859a-63fdfa1bbb93,
市容绿化与景观,通知公告,市级,上海市绿化和市容管理局关于印发《上海市生态公益林抚育管理意见（试行）》的通知,沪绿容〔2022〕97号,上海市绿化和市容管理局,2022-06-09,有效,统一政策发布平台,https://www.shanghai.gov.cn/zhengce/detail/0039::3e37aaf7-3e3b-48be-b1cf-39569484124e,
市容绿化与景观,通知公告,市级,关于印发《上海市基层生活垃圾分类综合管理服务工作指南》的通知,沪分减联办〔2022〕5号,上海市绿化和市容管理局,2022-03-02,有效,统一政策发布平台,https://www.shanghai.gov.cn/zhengce/detail/0039::b7754acc-26be-45a4-8d32-5be1b3dd9f92,
市容绿化与景观,通知公告,市级,上海市绿化和市容管理局关于表扬2021年度市绿化市容行业劳动立功竞赛先进集体先进个人的通报,沪绿容〔2022〕39号,上海市绿化和市容管理局,2022-03-01,有效,统一政策发布平台,https://www.shanghai.gov.cn/zhengce/detail/0039::d9245679-30a7-4261-80a9-3c564a60eb5c,
市容绿化与景观,办法,市级,关于印发《上海市公园绿地游乐设施管理办法》的通知,沪绿容规〔2022〕1号,上海市绿化和市容管理局,2022-03-01,有效,统一政策发布平台,https://www.shanghai.gov.cn/zhengce/detail/0039::25a23792-7019-40d7-a403-92849d181140,docs/市容绿化与景观/关于印发《上海市公园绿地游乐设施管理办法》的通知.md
市容绿化与景观,通知公告,市级,关于加强公园绿地适老适儿设施就建设及服务的通知,沪绿容〔2022〕13号,上海市绿化和市容管理局,2022-02-15,有效,统一政策发布平台,https://www.shanghai.gov.cn/zhengce/detail/0039::2dc64fdc-7b4a-4013-bbdd-4d4b22be3b49,
市容绿化与景观,通知公告,市级,上海市人民政府办公厅关于调整上海市生活垃圾分类减量推进工作联席会议组成人员的通知,沪府办〔2022〕10号,上海市人民政府办公厅,2022-02-11,有效,统一政策发布平台,https://www.shanghai.gov.cn/zhengce/detail/0001::c794eda3205c4a8ebdd2ab5194801034,
市容绿化与景观,通知公告,市级,关于印发《本市公园绿地（城市公园除外）调整改造方案意见征询工作要求》的通知,沪绿容〔2022〕15号,上海市绿化和市容管理局,2022-01-29,有效,统一政策发布平台,https://www.shanghai.gov.cn/zhengce/detail/0039::3a023846-eba9-47ec-8ba0-b4ef25b46efd,
市容绿化与景观,通知公告,市级,关于进一步加强本市景观照明节约用电管理的通知,沪绿容〔2022〕5号,上海市绿化和市容管理局,2022-01-11,有效,统一政策发布平台,https://www.shanghai.gov.cn/zhengce/detail/0039::dc9c0ca3-321c-4399-9efb-a125fea67f00,
市容绿化与景观,通知公告,市级,关于印发《上海市绿化和市容管理局水域环境卫生突发事件应急预案》的通知,沪绿容〔2021〕406号,上海市绿化和市容管理局,2021-12-17,有效,统一政策发布平台,https://www.shanghai.gov.cn/zhengce/detail/0039::902ca254-d920-4242-bace-84c36c94a4f1,
市容绿化与景观,办法,市级,关于进一步完善本市园林绿化工程施工招标评标办法的通知,沪建建管联〔2021〕828号,上海市住房和城乡建设管理委员会,2021-12-23,有效,统一政策发布平台,https://www.shanghai.gov.cn/zhengce/detail/0011::cc9572f5351347ce8b57f1e53d8c1281,docs/市容绿化与景观/关于进一步完善本市园林绿化工程施工招标评标办法的通知.md
市容绿化与景观,实施意见,市级,关于印发《上海市郊野公园运营管理指导意见》的通知,沪绿容〔2021〕348号,上海市绿化和市容管理局,2021-11-18,有效,统一政策发布平台,https://www.shanghai.gov.cn/zhengce/detail/0039::16e07ccb-56d9-493c-8763-0cbac85986f8,
市容绿化与景观,实施意见,区级,上海市奉贤区人民政府办公室关于印发《关于加快推进本区公园城市建设实施意见》的通知,沪奉府办发〔2021〕18号,上海市奉贤区人民政府,2021-12-06,有效,统一政策发布平台,https://www.shanghai.gov.cn/zhengce/detail/0084::0084edf64e1c391852d0c0d0387f235243e6,
市容绿化与景观,实施意见,市级,关于印发《2021年上海市绿化养护和环卫行业工资福利待遇工作指导意见》的通知,沪绿容〔2021〕272号,上海市绿化和市容管理局,2021-09-02,有效,统一政策发布平台,https://www.shanghai.gov.cn/zhengce/detail/0039::83bb08bf-a6fa-49bc-b0b5-572519c1f772,
市容绿化与景观,办法,区级,上海市静安区人民政府关于批转区建设管理委、区财政局、区绿化市容局《静安区区级城市维护项目管理办法》的通知,静府规〔2021〕2号,上海市静安区人民政府,2021-08-30,有效,统一政策发布平台,https://www.shanghai.gov.cn/zhengce/detail/0072::a034fb64-dd7a-4317-aaa9-18dff4b07da3,docs/市容绿化与景观/上海市静安区人民政府关于批转区建设管理委、区财政局、区绿化市容局《静安区区级城市维护项目管理办法》的.md
市容绿化与景观,实施意见,市级,关于印发《关于本市郊野公园建设A级旅游景区的指导意见》的通知,沪文旅发〔2021〕165号,上海市文化和旅游局,2021-07-23,有效,统一政策发布平台,https://www.shanghai.gov.cn/zhengce/detail/0022::182458771aa746fcba03c22e622e7c05,
市容绿化与景观,办法,市级,关于印发《上海市绿化和市容管理局科研项目管理办法》的通知,沪绿容〔2021〕222号,上海市绿化和市容管理局,2021-07-05,有效,统一政策发布平台,https://www.shanghai.gov.cn/zhengce/detail/0039::f5c8adfe-e52a-4e91-89cd-b7274a7ed510,docs/市容绿化与景观/关于印发《上海市绿化和市容管理局科研项目管理办法》的通知.md
市容绿化与景观,实施意见,市级,关于印发《关于推进上海市公园城市建设的指导意见》的通知,沪绿容〔2021〕208号,上海市绿化和市容管理局,2021-06-21,有效,统一政策发布平台,https://www.shanghai.gov.cn/zhengce/detail/0039::b86192fa-e2b2-41d0-9c69-1bcab540488c,
市容绿化与景观,规划与计划,市级,上海市人民政府办公厅印发《关于加快推进环城生态公园带规划建设的实施意见》的通知,沪府办〔2021〕36号,上海市人民政府办公厅,2021-05-24,有效,统一政策发布平台,https://www.shanghai.gov.cn/zhengce/detail/0001::5b97d8ec65194038a5bed5d9c0977e2e,
市容绿化与景观,通知公告,市级,上海市绿化和市容管理局关于印发《上海市户外广告、户外招牌、景观照明设施突发事件处置应急预案》的通知,沪绿容〔2021〕101号,上海市绿化和市容管理局,2021-03-30,有效,统一政策发布平台,https://www.shanghai.gov.cn/zhengce/detail/0039::ad728001-393e-4d83-9e2d-219debe3079f,
市容绿化与景观,通知公告,市级,上海市绿化和市容管理局关于印发《上海市户外广告和招牌设施安全检测规范（2021版）》的通知,沪绿容〔2021〕56号,上海市绿化和市容管理局,2021-02-24,有效,统一政策发布平台,https://www.shanghai.gov.cn/zhengce/detail/0039::dc90243c-496e-46dc-9505-eabd72486450,
市容绿化与景观,办法,其他,关于印发《临港新片区户外广告设施管理办法》的通知,沪自贸临管委〔2020〕1098号,中国（上海）自由贸易试验区临港新片区管理委员会,2020-12-31,有效,统一政策发布平台,https://www.shanghai.gov.cn/zhengce/detail/0058::50d63d42c46644299814593603d50a2e,docs/市容绿化与景观/关于印发《临港新片区户外广告设施管理办法》的通知.md
市容绿化与景观,规定,市级,关于修改《上海市生活垃圾分类违法行为查处规定》的通知,沪城管规〔2020〕4号,上海市城市管理行政执法局,2020-10-26,失效,统一政策发布平台,https://www.shanghai.gov.cn/zhengce/detail/0043::2c0218cde6b140fabeb56d2a972c1da1,docs/市容绿化与景观/关于修改《上海市生活垃圾分类违法行为查处规定》的通知.md
市容绿化与景观,办法,市级,上海市绿化和市容管理局关于发布《上海市国家重点保护陆生野生动物（实验用食蟹猴）人工繁育许可证核发行政审批告知承诺试行办法》的通知,沪绿容〔2020〕378号,上海市绿化和市容管理局,2020-09-11,有效,统一政策发布平台,https://www.shanghai.gov.cn/zhengce/detail/0039::a979841c-86ef-4bd9-851d-8db23b362744,docs/市容绿化与景观/上海市绿化和市容管理局关于发布《上海市国家重点保护陆生野生动物（实验用食蟹猴）人工繁育许可证核发行政.md
市容绿化与景观,技术规定与导则,市级,上海市绿化和市容管理局关于印发《上海市行道树悬铃木果毛防控管理技术导则》的通知,沪绿容〔2020〕106号,上海市绿化和市容管理局,2020-03-17,有效,统一政策发布平台,https://www.shanghai.gov.cn/zhengce/detail/0039::0039-3C968351-22A0-49F0-BE90-AD05F5706B7A,docs/市容绿化与景观/上海市绿化和市容管理局关于印发《上海市行道树悬铃木果毛防控管理技术导则》的通知.md
市容绿化与景观,办法,其他,关于印发《上海市生活垃圾分类示范区、达标（示范）街镇（乡、工业区）综合考评办法》（2020年版）的通知,沪分减联办〔2020〕2号,上海生活垃圾分类减量推进工作联席会议办公室,2020-03-20,有效,统一政策发布平台,https://www.shanghai.gov.cn/zhengce/detail/0039::0039-A8B440E4-E35E-4D1A-BE63-92AF0BE78020,docs/市容绿化与景观/关于印发《上海市生活垃圾分类示范区、达标（示范）街镇（乡、工业区）综合考评办法》（2020年版）的通.md
市容绿化与景观,实施意见,市级,关于进一步完善生活垃圾可回收物体系促进资源利用的实施意见,沪分减联办〔2020〕3号,上海市绿化和市容管理局,2020-03-24,有效,统一政策发布平台,https://www.shanghai.gov.cn/zhengce/detail/0039::0039-8A57516B-6C1F-409C-AF58-065404B50A97,
市容绿化与景观,实施意见,街镇级,罗店镇市容环境常态化管理考核实施意见,宝罗府〔2020〕6号,上海市宝山区罗店镇人民政府,2020-01-21,有效,统一政策发布平台,https://www.shanghai.gov.cn/zhengce/detail/0078::2be52ceb-3244-4406-8120-ce1327e34443,
市容绿化与景观,实施意见,区级,浦东新区人民政府办公室关于印发《浦东新区生活垃圾全程分类体系建设实施方案》的通知,浦府办〔2019〕29号,上海市浦东新区人民政府办公室,2019-10-25,实际不再执行,统一政策发布平台,https://www.shanghai.gov.cn/zhengce/detail/0070::007018742,
市容绿化与景观,实施细则,街镇级,关于印发《友谊路街道生活垃圾定时定点分类投放工作实施细则》的通知,宝友工委〔2019〕44号,上海市宝山区友谊路街道办事处,2019-08-20,有效,统一政策发布平台,https://www.shanghai.gov.cn/zhengce/detail/0078::240f2120-0cd0-44c4-ad20-6b71b700195e,docs/市容绿化与景观/关于印发《友谊路街道生活垃圾定时定点分类投放工作实施细则》的通知.md
市容绿化与景观,办法,市级,上海市人民政府关于批转市绿化市容局等五部门制订的《上海市单位生活垃圾处理费征收管理办法》的通知,沪府规〔2019〕28号,上海市人民政府,2019-07-12,有效,统一政策发布平台,https://www.shanghai.gov.cn/zhengce/detail/0001::0001-12344_61274,docs/市容绿化与景观/上海市人民政府关于批转市绿化市容局等五部门制订的《上海市单位生活垃圾处理费征收管理办法》的通知.md
市容绿化与景观,地方性法规,区级,上海市宝山区人民政府办公室关于印发贯彻《上海市生活垃圾管理条例》推进全程分类体系建设实施方案的通知,宝府办〔2019〕26号,上海市宝山区人民政府办公室,2019-05-05,有效,统一政策发布平台,https://www.shanghai.gov.cn/zhengce/detail/0078::2dadcacd-e1c8-441c-9f2f-b7ab4d861222,docs/市容绿化与景观/上海市宝山区人民政府办公室关于印发贯彻《上海市生活垃圾管理条例》推进全程分类体系建设实施方案的通知.md
市容绿化与景观,地方性法规,市级,上海市人民政府办公厅关于印发贯彻《上海市生活垃圾管理条例》推进全程分类体系建设实施意见的通知,沪府办发〔2019〕3号,上海市人民政府办公厅,2019-02-18,有效,统一政策发布平台,https://www.shanghai.gov.cn/zhengce/detail/0001::0001-12344_58275,docs/市容绿化与景观/上海市人民政府办公厅关于印发贯彻《上海市生活垃圾管理条例》推进全程分类体系建设实施意见的通知.md
市容绿化与景观,规划与计划,区级,虹口区人民政府办公室关于印发虹口区生活垃圾全程分类体系建设三年行动计划（2018—2020年）的通知,虹府办发〔2018〕19号,上海市虹口区人民政府办公室,2018-06-24,有效,统一政策发布平台,https://www.shanghai.gov.cn/zhengce/detail/0076::e08b328cff71452b995caf5baa20c5b0,
市容绿化与景观,实施意见,区级,上海市徐汇区人民政府办公室关于转发区绿化市容局制订的《关于进一步加强本区装修垃圾处理的工作方案》的通知,徐府办发〔2017〕16号,上海市徐汇区人民政府办公室,2017-07-14,有效,统一政策发布平台,https://www.shanghai.gov.cn/zhengce/detail/0073::0073271160,
市容绿化与景观,实施意见,街镇级,关于停止执行《关于高行镇店招店牌管理的实施意见》的通知,浦高府〔2015〕25号,上海市浦东新区高行镇人民政府,2015-04-02,有效,统一政策发布平台,https://www.shanghai.gov.cn/zhengce/detail/0070::0070236119,
市容绿化与景观,实施意见,区级,上海市松江区人民政府办公室关于转发区绿化市容局《关于建立松江区环卫职工收入正常增长机制提高城市环境卫生保障水平的实施意见》的通知,沪松府办〔2013〕33号,上海市松江区人民政府办公室,2013-05-16,有效,统一政策发布平台,https://www.shanghai.gov.cn/zhengce/detail/0082::842255dc-cf84-4687-b1c3-e0752fd11a3d,
市容绿化与景观,政府规章,市级,上海市城市生活垃圾收运处置管理办法,,上海市人民政府,,有效,市政府规章库,https://www.shanghai.gov.cn/xxzfgzwj/20210608/1578fa25c50145a584ac0d7e0effc192.html,docs/市容绿化与景观/上海市城市生活垃圾收运处置管理办法.md
市容绿化与景观,政府规章,市级,上海市户外广告设施管理办法,,上海市人民政府,,有效,市政府规章库,https://www.shanghai.gov.cn/xxzfgzwj/20210608/c2daeee9cd84465c962ce2a138c8bbde.html,docs/市容绿化与景观/上海市户外广告设施管理办法.md
市容绿化与景观,政府规章,市级,上海市流动户外广告设置管理规定,,上海市人民政府,,有效,市政府规章库,https://www.shanghai.gov.cn/xxzfgzwj/20210608/0f959e8602ad47d2909e373a5cd27d38.html,docs/市容绿化与景观/上海市流动户外广告设置管理规定.md
市容绿化与景观,政府规章,市级,上海市市容环境卫生责任区管理办法,,上海市人民政府,,有效,市政府规章库,https://www.shanghai.gov.cn/xxzfgzwj/20210608/bf1738899709433ca96b0e9dabf03242.html,docs/市容绿化与景观/上海市市容环境卫生责任区管理办法.md
市容绿化与景观,政府规章,市级,上海市水域市容环境卫生管理规定,,上海市人民政府,,有效,市政府规章库,https://www.shanghai.gov.cn/xxzfgzwj/20210723/26ea22abf7ce4521be1b45e197f3e699.html,docs/市容绿化与景观/上海市水域市容环境卫生管理规定.md
市容绿化与景观,政府规章,市级,上海市景观照明管理办法,,上海市人民政府,,有效,市政府规章库,https://www.shanghai.gov.cn/xxzfgzwj/20210609/701054e3dd6d44f6bf2603de07013efa.html,docs/市容绿化与景观/上海市景观照明管理办法.md
市容绿化与景观,政府规章,市级,上海市城市雕塑建设管理办法,,上海市人民政府,,有效,市政府规章库,https://www.shanghai.gov.cn/xxzfgzwj/20210608/62ba90ab76204d94b2f7180ecdd77ea6.html,docs/市容绿化与景观/上海市城市雕塑建设管理办法.md
市容绿化与景观,政府规章,市级,上海市城镇环境卫生设施设置规定,,上海市人民政府,,有效,市政府规章库,https://www.shanghai.gov.cn/xxzfgzwj/20210608/27a5af3cee1e44ce9f0855240e299081.html,docs/市容绿化与景观/上海市城镇环境卫生设施设置规定.md
建筑垃圾与材料,实施意见,区级,关于印发《2026年松江区建筑垃圾运输行业“清水行动”工作方案》的通知,沪松绿容发〔2026〕64号,上海市松江区绿化和市容管理局,2026-05-25,有效,统一政策发布平台,https://www.shanghai.gov.cn/zhengce/detail/0082::75ab7e1e-da8d-467b-b543-c05c91af8731,
建筑垃圾与材料,通知公告,市级,关于加强本市工程渣土市级消纳场所结算管理的通知,沪绿容规〔2026〕3号,上海市绿化和市容管理局,2026-04-20,有效,统一政策发布平台,https://www.shanghai.gov.cn/zhengce/detail/0039::533fcaeadae044f6a2ececb589b1d8bb,
建筑垃圾与材料,通知公告,市级,关于加快推广本市建筑垃圾资源化利用建材产品应用的通知,沪建建材联〔2025〕485号,上海市住房和城乡建设管理委员会,2025-09-30,有效,统一政策发布平台,https://www.shanghai.gov.cn/zhengce/detail/0011::63a0d22a343244bb90a750c98c82b433,
建筑垃圾与材料,实施意见,区级,上海市青浦区人民政府办公室关于印发《青浦区关于全面加强建筑垃圾管理的实施意见》的通知,青府办发〔2025〕20号,上海市青浦区人民政府办公室,2025-09-18,有效,统一政策发布平台,https://www.shanghai.gov.cn/zhengce/detail/0083::00831338985,
建筑垃圾与材料,通知公告,区级,上海市奉贤区人民政府关于印发《奉贤区规范工程渣土消纳管理意见》的通知,沪奉府规〔2025〕1号,上海市奉贤区人民政府,2025-03-21,有效,统一政策发布平台,https://www.shanghai.gov.cn/zhengce/detail/0084::00841455,
建筑垃圾与材料,办法,区级,关于废止规范性文件《徐汇区既有玻璃幕墙建筑管理办法》的通知,徐建规〔2025〕1号,上海市徐汇区建设和管理委员会,2025-01-20,有效,统一政策发布平台,https://www.shanghai.gov.cn/zhengce/detail/0073::0073132,docs/建筑垃圾与材料/关于废止规范性文件《徐汇区既有玻璃幕墙建筑管理办法》的通知.md
建筑垃圾与材料,通知公告,市级,关于规范本市工程渣土（泥浆）消纳场所管理的通知,沪绿容规〔2024〕6号,上海市绿化和市容管理局,2024-12-23,有效,统一政策发布平台,https://www.shanghai.gov.cn/zhengce/detail/0039::6e8ef8f25f7f4495a34edde72a76dd18,
建筑垃圾与材料,实施意见,市级,上海市人民政府办公厅关于全面加强建筑垃圾管理的实施意见,沪府办〔2024〕56号,上海市人民政府办公厅,2024-11-04,有效,统一政策发布平台,https://www.shanghai.gov.cn/zhengce/detail/0001::dda5099559034ec8b5cf53708f3a31b4,
建筑垃圾与材料,办法,区级,关于规范本区建筑垃圾运输处置的实施办法,宝绿容〔2024〕25号,上海市宝山区绿化和市容管理局,2024-02-29,有效,统一政策发布平台,https://www.shanghai.gov.cn/zhengce/detail/0078::cc302dcd-9c2a-480c-82af-d6a9d301c940,docs/建筑垃圾与材料/关于规范本区建筑垃圾运输处置的实施办法.md
建筑垃圾与材料,通知公告,市级,上海市生态环境局关于进一步规范组织建筑玻璃幕墙光反射影响论证工作的通知,沪环评〔2024〕98号,上海市生态环境局,2024-06-03,有效,统一政策发布平台,https://www.shanghai.gov.cn/zhengce/detail/0024::cdb51b5bff8c444ab4da48e2d788501e,
建筑垃圾与材料,实施意见,区级,虹口区人民政府印发《虹口区关于加强和规范建筑垃圾处置管理的实施意见》的通知,虹府规〔2022〕3号,上海市虹口区人民政府办公室,2022-12-27,有效,统一政策发布平台,https://www.shanghai.gov.cn/zhengce/detail/0076::074b0a73-3af6-407b-8722-973dcc88460b,
建筑垃圾与材料,办法,其他,关于印发修订后的《临港新片区工程渣土处置实施办法》的通知,沪自贸临管委〔2022〕101号,中国（上海）自由贸易试验区临港新片区管理委员会,2022-09-14,有效,统一政策发布平台,https://www.shanghai.gov.cn/zhengce/detail/0058::cab7ea33d52a450cba26a4464c657ce5,docs/建筑垃圾与材料/关于印发修订后的《临港新片区工程渣土处置实施办法》的通知.md
建筑垃圾与材料,办法,市级,关于印发修订后的《上海市建筑垃圾运输单位招投标管理办法》、《上海市建筑垃圾运输许可证吊销程序规定》的通知,沪绿容规〔2021〕4号,上海市绿化和市容管理局,2021-07-14,有效,统一政策发布平台,https://www.shanghai.gov.cn/zhengce/detail/0039::9aa38c86e9fd4dbf92872a3390b2b5d4,docs/建筑垃圾与材料/关于印发修订后的《上海市建筑垃圾运输单位招投标管理办法》、《上海市建筑垃圾运输许可证吊销程序规定》的.md
建筑垃圾与材料,通知公告,街镇级,关于进一步规范吴泾镇建筑垃圾治理的通知,闵吴府发〔2021〕3号,上海市闵行区吴泾镇人民政府,2021-02-07,有效,统一政策发布平台,https://www.shanghai.gov.cn/zhengce/detail/0079::41A52C5D-3697-11ED-91B4-34F90220F2FF,
建筑垃圾与材料,政府规章,市级,上海市建筑垃圾处理管理规定,,上海市人民政府,,有效,市政府规章库,https://www.shanghai.gov.cn/xxzfgzwj/20210608/0e0a742f4f84480c90c42ec87094f7ce.html,docs/建筑垃圾与材料/上海市建筑垃圾处理管理规定.md
建筑垃圾与材料,政府规章,市级,上海市建筑玻璃幕墙管理办法,,上海市人民政府,,有效,市政府规章库,https://www.shanghai.gov.cn/xxzfgzwj/20210608/a5b073c54763445aa26a48ca2440c722.html,docs/建筑垃圾与材料/上海市建筑玻璃幕墙管理办法.md
建筑垃圾与材料,实施意见,区级,上海市青浦区人民政府办公室关于转发青浦区加强建筑垃圾全程管理实施意见的通知,青府办发〔2016〕106号,上海市青浦区人民政府办公室,,有效,统一政策发布平台,https://www.shanghai.gov.cn/zhengce/detail/0083::0083510319,
